Fecha;Hora;Día;Nº Incidencia;sitrem;Carretera;MC30;Calzada;Localización;Enlace;Tipo de accidente;Tipo de colisión;Nº Vehículos implicados;Nº Turismos;Nº Motocicletas;Nº vehículos pesados;H.L.;hl;hg;vm;Daños al mobiliario urbano;Circulación;Estado del Firme;Presencia Recursos Externos;Corte Carril;Vertido;Grúa usuario;Grúa Propia EMESA;Grúa Movilidad;Factores Atmosféricos;Visibilidad señalización;Señalización de Peligro;Visibilidad restringida por;Aceras;Árboles;Vehículos denominación;Descripción del accidente;Daños causados al viario;Materiales utilizados;Observaciones;;
15/01/2016;19:19;;20160115-0040;C-P-ACC-01;M30;08XL10;EXTERIOR;VS;Superficie;Colisión de vehículos;Por alcance;2;2;;;;0;;;No;Fluida;Seco y Limpio;P. Municipal;Si;No;Si;No;No;;Buena;;Sin Restricción;;;V1;Colisión de vehículos, a mi llegada al punto sólo hay 1 vehículo en el mismo con Policía, sin heridos ni daños. Corto medio carril derecho hasta retirada de este con grúa propia;;;;;
16/01/2016;05:27;;20160116-0007;T-P-ACC-01;M30;13XL96;EXTERIOR;Tronco;Túnel;Colisión obstaculo;;2;2;;;;0;;;No;Fluida;Seco y Limpio;P. Municipal;Si;No;No;No;No;Buen Tiempo;Buena;;Sin Restricción;;;AIAM Calderón;Al vehículo 2 se le ha soltado la rueda de repuesto y el vehículo ha impactado con ella. No hay heridos ni datos en túnel. Limpiamos unos 50 minutos de aceite con desengrasante y posterior baldeo. Sacamos los dos vehículos a la C/ S. Ambrosio;;;;;
16/01/2016;07:27;;20160116-0009; T-E-ACC-01;M30;15RR23;INTERIOR;Ramal;Túnel;Salida de vía;Lateral;1;;1;;1;1;;;Si;Fluida;Seco y Limpio;;Si;No;Si;No;No;Buen Tiempo;Buena;;Sin Restricción;;;AIAM Calderón;Aviso de accidente de moto. Señalizamos con BUL. El conductor de la moto es atendido por SAMUR y finalmente lo llevan al Hospital. La moto la sacamos con C-10 y la llevamos al depósito;;Luminaria rota / 5 metros de roces en bordillo;;;
16/01/2016;14:10;;20160116-0016;C-P-ACC-01;M30;09NL70;INTERIOR;Tronco;Superficie;Otros;;1;;1;;1;1;;;No;Densa;Seco y Limpio;P. Municipal y SAMUR;Si;No;No;No;Si;Buen Tiempo;Buena;;Sin Restricción;;;V1;Caída de motorista en carril izquierdo. Herido leve trasladado;;;;;
17/01/2016;15:58;;20160117-0012; C-E-ACC-01;A4;04UL50;SALIDA;Tronco;Superficie;Colisión de vehículos;Por alcance;2;2;;;1;1;;;Si;Fluida;Seco y Limpio;P. Municipal;Si;No;Si;No;No;Buen Tiempo;Buena;;Sin Restricción;;;V1 / V2;Accidente en carril derecho, herido trasladado leve;3 barreras;;;;
18/01/2016;07:30;;20160118-0006;C-P-ACC-01;M30;07XC50;EXTERIOR;Tronco;Superficie;Colisión de vehículos;Por alcance;2;2;;;;0;;;;Congestionada;Seco y Limpio;;Si;;No;No;No;Buen Tiempo;Buena;;Sin Restricción;;;V-1;Accidente en carril derecho. Los vehiculos se retiran por sus medios;;;;;
18/01/2016;08:56;;20160118-0009;T-P-ACC-01;M30;19NC06;INTERIOR;Tronco;Túnel;Colisión de vehículos;;2;1;1;;;0;;;No;Densa;Mojado;P. Municipal;Si;;No;Si;No;Buen Tiempo;Buena;;Sin Restricción;;;AIAM PORTUGAL;Accidente que a la llegada esta Policía. Moto golpea con coche . Vehiculo B moto golpea A. ;;;;;
18/01/2016;10:10;;20160118-0012; C-E-ACC-01;M30;29NC50;INTERIOR;Tronco;Superficie;Otros;;1;;1;;1;1;;;No;Densa;Seco y Limpio;P. Municipal y SAMUR;Si;No;;;;Buen Tiempo;Buena;;Sin Restricción;;;V-2;Caida de motorista en carriles izquierdos. Es atendido y trasladado por Samur.;;;;;
18/01/2016;14:50;;20160118-0022;C-P-ACC-01;M30;05NC70;INTERIOR;Tronco;Superficie;Colisión de vehículos;Por alcance;2;2;;;;0;;;;Densa;Seco y Limpio;P. Municipal;No;;Si;No;No;Buen Tiempo;Buena;;Sin Restricción;;;V-1;Colisión de vehiculos en carril izquierdo. Policía lo pasa a arcen derecho. Cuando llego solo hay un vehiculo.;;;;;
19/01/2016;02:27;;20160119-0002;T-P-ACC-01;A5;04FT17;ENTRADA;Tronco;Túnel;Salida de vía;Lateral;1;1;;;;0;;;Si;Fluida;Seco y Limpio;P. Municipal;Si;No;No;No;Si;Buen Tiempo;Buena;;Sin Restricción;;;AIAM Portugal / AIAM Calderón;Vehículo impacta lateralmente con acera del hastial izquierdo quedando en sentido contrario a la circulación. El conductor dirige el vehículo hasta carril derecho y lo detiene Policía Municipal, le realiza prueba de alcoholemia resultando positiva. Grúa municipal retira el vehículo al deposito municipal El Escuadron. El conductor no sufre daños personales;4 m2 de bordillo;;;;
19/01/2016;09:14;;20160119-0010;C-P-ACC-01;M30;10XL60;EXTERIOR;Tronco;Superficie;Colisión de vehículos;Por alcance;3;3;;;;0;;;No;Densa;Seco y Limpio;P. Municipal;Si;No;Si;No;No;Buen Tiempo;Buena;;Sin Restricción;;;V1 / M4;Accidente por alcance, tres vehículos implicados;;;;;
19/01/2016;20:05;;20160119-0033;C-P-ACC-01;M30;31NC60;INTERIOR;Tronco;Superficie;Colisión de vehículos;Por alcance;3;3;;;;0;;;No;Densa;Seco y Limpio;P. Municipal y SAMUR;Si;No;Si;No;No;Buen Tiempo;Buena;;Sin Restricción;;;V2;Aviso del centro de control accidente carriles centrales. No hay heridos. Corto 2 carriles centrales. Limpio combustible;;20 kg sepiolita gruesa;;;
19/01/2016;20:50;;20160119-0035;C-P-ACC-01;M30;30NC10;INTERIOR;Tronco;Superficie;Colisión de vehículos;Por alcance;3;3;;;;0;;;No;Congestionada;Seco y Limpio;P. Municipal;Si;No;Si;No;No;Buen Tiempo;Buena;;Sin Restricción;;;M2;Señalizar vehículos en carril derecho;;;;;
20/01/2016;19:18;;20160120-0023;T-P-ACC-01;M11;18XC87;EXTERIOR;Tronco;Túnel;Colisión de vehículos;Por alcance;2;2;;;;;;;;Fluida;;;;;;;;Buen Tiempo;;;;;;AIAM PORTUGAL;Alcance dos vehículos, cuando vamos por el 19XC40 nos anulan incidencia y nos trasladamos al 04FL80, a relevar a Calderón;;;;;
20/01/2016;19:15;;20160120-0026;C-P-ACC-01;M30;21XC30;EXTERIOR;Tronco;Superficie;Colisión de vehículos;Por alcance;2;2;;;;0;;;No;Congestionada;Seco y Limpio;;No;;No;No;No;Buen Tiempo;Buena;;Sin Restricción;;;V-2;Señalizar accidente en carril central, se pasan arcen derecho.;;;;;
20/01/2016;20:08;;20160120-0029;C-P-ACC-01;M30;32XC10;EXTERIOR;Tronco;Superficie;Colisión de vehículos;Por alcance;3;3;;;;0;;;No;Densa;Seco y Limpio;P. Municipal;;;Si;No;No;Buen Tiempo;Buena;;Sin Restricción;;;V-2;Señalizar accidente arcen derecho. No hay heridos.;;;;;
21/01/2016;07:55;;20160121-0004;C-P-ACC-01;M30;03XC40;EXTERIOR;Tronco;Superficie;Colisión de vehículos;Por alcance;2;2;;;;0;;;No;Congestionada;Seco y Limpio;;No;;No;No;No;Buen Tiempo;Buena;;Sin Restricción;;;V-1;Colisión de vehiculos en carril central. Retiro los vehiculos al arcen derecho, se toman datos y nos retiramos del punto.;;;;;
21/01/2016;08:20;;20160121-0006;C-P-ACC-01;M30;04XL40;EXTERIOR;VS;Superficie;Colisión de vehículos;Por alcance;3;3;;;;0;;;No;Congestionada;Seco y Limpio;P. Municipal;No;;No;No;No;Buen Tiempo;Buena;;Sin Restricción;;;V-1;Accidente en carril derecho, sin heridos. A mi llegada Policía pasa los vehiculos al arcen derecho. Se retiran por sus medios.;;;;;
21/01/2016;08:35;;20160121-0007;C-P-ACC-01;M30;26RA00;INTERIOR;Ramal;Superficie;Colisión de vehículos;Por alcance;2;2;;;;0;;;No;Fluida;Seco y Limpio;P. Municipal;Si;No;Si;No;No;Niebla;Buena;;Sin Restricción;;;V-2;Alcance entre vehiculos en 26RA, uno de ellos se retrira por sus medios.;;;;;
21/01/2016;09:30;;20160121-0010; C-E-ACC-01;A2;05AL20;SALIDA;Tronco;Superficie;Colisión de vehículos;Por alcance;2;2;;;1;1;;;No;Congestionada;Seco y Limpio;P. Municipal y SAMUR;Si;No;;;;Buen Tiempo;Buena;;Sin Restricción;;;V-1;Accidente en carril izquierdo. Herido leve dado de alta en el punto.;;;;;
21/01/2016;14:40;;20160121-0018;C-P-ACC-01;M30;01XC00;EXTERIOR;Tronco;Superficie;Colisión de vehículos;Por alcance;2;2;;;;0;;;No;Densa;Seco y Limpio;;Si;;No;No;No;Buen Tiempo;Buena;;Sin Restricción;;;V-1;Colisión de vehiculos por alcance , sin heridos, sin daños. Los saco fuera de zona para haecer parte.;;;;;
21/01/2016;15:55;;20160121-0019;C-P-ACC-01;M30;08NL10;INTERIOR;VS;Superficie;Colisión de vehículos;Por alcance;2;2;;;1;1;;;No;Fluida;Seco y Limpio;P. Municipal y SAMUR;;;Si;No;No;Buen Tiempo;Buena;;Sin Restricción;;;V-1;Colisión de vehiculos. 1 herido leve dado de alta an el lugar.;;;;;
21/01/2016;17:35;;20160121-0022;C-P-ACC-01;M30;10RA00;INTERIOR;Ramal;Superficie;Colisión de vehículos;Por alcance;2;2;;;;0;;;No;Fluida;Seco y Limpio;P. Municipal;Si;;Si;No;No;Buen Tiempo;Buena;;Sin Restricción;;;V-1;Veo vehiculo parado en carril derecho. Cuando llego me dice que ha sido una colisión y el 1 vehiculo se ha ido´el suyo esta a espera de grua.;;;;;
21/01/2016;18:10;;20160121-0023; C-E-ACC-01;M30;09NL50;INTERIOR;Tronco;Superficie;Colisión de vehículos;Por alcance;2;1;1;;;1;;;No;Congestionada;Seco y Limpio;P. Municipal y SAMUR;;;;;;Buen Tiempo;Buena;;Sin Restricción;;;V-2;Aviso de C. control accidente traslado del herido a Frepma (capitan Haya9;;;;;
21/01/2016;18:25;;20160121-0024;C-P-ACC-01;A2;04AT50;ENTRADA;Tronco;Superficie;Colisión de vehículos;Por alcance;4;4;;;;0;;;No;Congestionada;Seco y Limpio;P. Municipal;Si;;Si;No;No;Buen Tiempo;Buena;;Sin Restricción;;;V-1/M-2;Señalizar los 2 vehiculos que quedaban en carril derecho.;;;;;
21/01/2016;18:29;;20160121-0026;T-P-ACC-01;M30;15XL38;EXTERIOR;Tronco;Túnel;Colisión de vehículos;Por alcance;2;2;;;;0;;;No;;Seco y Limpio;P. Municipal;Si;;No;Si;No;Buen Tiempo;Buena;;Sin Restricción;;;AIAM CALDERÓN;Colisión por alcance entre 2 vehiculos no victima. Salen por sus medios.;;;;;
21/01/2016;18:17;;20160121-0027;T-P-ACC-01;M30;15XL67;EXTERIOR;Tronco;Túnel;Colisión de vehículos;Por alcance;2;2;;;;;;;No;Congestionada;Seco y Limpio;;No;;;;;Buen Tiempo;Buena;;Sin Restricción;;;AIAM CALDERÓN;Aviso por alcance entre dos vehículos , reanudan la marcha antes de nuestra llegada. Salida anulada.;;;;;
21/01/2016;20:30;;20160121-0031; C-E-ACC-01;M30;08XL20;EXTERIOR;VS;Superficie;Colisión de vehículos;Por alcance;2;1;1;;1;1;;;No;Densa;Seco y Limpio;P. Municipal y SAMUR;Si;;Si;No;No;Buen Tiempo;;;Sin Restricción;;;V-1/G-25;Aviso de C. Control accidente carril derecho. Traslado al herido al Gregorio Marañon.;;;;;
22/01/2016;07:55;;20160122-0005;C-P-ACC-01;A4;04UL00;SALIDA;Tronco;Superficie;Colisión de vehículos;Por alcance;3;3;;;;0;;;No;Densa;Seco y Limpio;P. Municipal;No;No;Si;No;No;Buen Tiempo;Buena;;Sin Restricción;;;V-1/M-4;Accidente por alcance con 3 vehiculos implicados. Sin heridos.;;;;;
22/01/2016;07:50;;20160122-0006;C-P-ACC-01;M30;11NL50;INTERIOR;Tronco;Superficie;Colisión de vehículos;Por alcance;2;2;;;;0;;;No;Congestionada;Seco y Limpio;P. Municipal;Si;No;Si;No;No;Buen Tiempo;Buena;;Sin Restricción;;;V-1;Accidente en carril izquierdo.;;;;;
22/01/2016;07:52;;20160122-0007;T-P-ACC-01;A5;03FT92;ENTRADA;Tronco;Túnel;Colisión de vehículos;Por alcance;2;2;;;;0;;;No;Densa;Seco y Limpio;P. Municipal;Si;;No;Si;No;Buen Tiempo;Buena;;Sin Restricción;;;AIAM PORTUGAL;Accidente. Alcance entre dos vehiculos en carril derecho. El vehiculo 1 sale por túnel por sus medios. Grua f-11 carga el vehiculo 2 y lo pasa al exterior. No se precisa Samur ya que nadie sufre dalos personales.;;sepiolita gruesa;;;
22/01/2016;08:44;;20160122-0009;T-P-ACC-01;M30;18RN04;EXTERIOR;Ramal;Túnel;Colisión de vehículos;Por alcance;2;1;1;;;0;;;No;Densa;Seco y Limpio;P. Municipal;Si;;No;Si;No;Buen Tiempo;Buena;;Sin Restricción;;;AIAM PORTUGAL/CALDERÓN;Accidente. Alcance entre vehiculo y moto, en carril izquierdo. El vehiculo 1 sale del túnel por sus medios, grua C-10 carga la moto y la sacamos al exterior. Por orden de Policía movemos los dos vehiculos al apartadero del 18RV para proceder a la toma de datos. No se precisa Samur ya que nadie sufre daños personales.;;;;;
22/01/2016;14:23;;20160122-0021;C-P-ACC-01;M30;00XC40;EXTERIOR;Tronco;Superficie;Colisión de vehículos;Por alcance;2;2;;;;0;;;No;Congestionada;Seco y Limpio;P. Municipal;Si;;Si;No;No;Buen Tiempo;Buena;;Sin Restricción;;;V-1/M-3;Accidente en carril derecho. ;;;;;
22/01/2016;15:50;;20160122-0024;C-P-ACC-01;M30;12RH30;INTERIOR;Ramal;Superficie;Colisión de vehículos;Por alcance;5;5;;;;0;;;No;Densa;Seco y Limpio;P. Municipal;Si;;Si;No;No;Buen Tiempo;Buena;;Sin Restricción;;;V-1;Colisión por alcance sin heridos. Corto carril izquierdo;;;;;
22/01/2016;17:39;;20160122-0030;T-P-ACC-01;M30;18RN52;EXTERIOR;Ramal;Túnel;Colisión de vehículos;Por alcance;2;2;;;;0;;;No;Fluida;Seco y Limpio;;No;;No;No;No;Buen Tiempo;Buena;;Sin Restricción;;;AIAM PORTUGAL ;Accidente. Alcance entre 2 vehiculos. A nuestra llegada los dos vehiculos se retiran del apartadero izquierdo del ramal 18RN. No hay toma de datos ni fotos, debido a que no quieren parar.;;;;;
22/01/2016;18:33;;20160122-0032;C-P-ACC-01;M500;99WT50;ENTRADA;Tronco;Superficie;Colisión de vehículos;Por alcance;2;2;;;;0;;;No;Fluida;Seco y Limpio;;Si;;No;No;No;Buen Tiempo;Buena;;Sin Restricción;;;V-1;Señalizar accidente carril izquierdo, por alcance.;;;;;
24/01/2016;15:12;;20160124-0010; C-E-ACC-01;M30;07NL70;INTERIOR;VS;Superficie;Otros;;1;;1;;2;2;;;No;Fluida;Seco y Limpio;P. Municipal y SAMUR;Si;;Si;No;No;Buen Tiempo;Buena;;Sin Restricción;;;V-1;Caida de motorista con 2 ocupantes, a mi llegada Samur y Policia en punto, con arcen derecho cortado y medio carril derecho, hasta que Samur atiende a 2 usuarios moto y traslada al Gregorio Marañon leves y la moto es retirada en grua propisa.;;;;;
24/01/2016;19:05;;20160124-0012; C-E-ACC-01;M30;11XL80;EXTERIOR;Tronco;Superficie;Colisión de vehículos;Por alcance;4;4;;;2;2;;;No;Fluida;Seco y Limpio;P. Municipal y SAMUR;Si;;Si;No;No;Buen Tiempo;Buena;;Sin Restricción;;;V-1;Colisión de 4 vehiculos en carril derecho.;;;;;
25/01/2016;14:35;;20160125-0022;C-P-ACC-01;M30;05NC60;INTERIOR;Tronco;Superficie;Colisión de vehículos;Por alcance;2;2;;;;0;;;No;Fluida;Seco y Limpio;P. Municipal;Si;Si;Si;No;No;Buen Tiempo;Buena;;Sin Restricción;;;M-3 / V-1;Accidente entre 2 vehículos por alcance que se encuentran ocupando el carril derecho, sin heridos ni daños al patrimonio.;;Desengrasante;Cortado el carril derecho desde las 14:35 h hasta las 15:05 h;;
25/01/2016;18:50;;20160125-0028; C-E-ACC-01;M30;08NL40;INTERIOR;VS;Superficie;Colisión de vehículos;Por alcance;3;2;1;;1;0;1;;Si;Densa;Seco y Limpio;P.M., SAMUR y Bomberos;Si;;Si;No;No;Buen Tiempo;Buena;;Sin Restricción;;;M-3 / V-1;Accidente entre 3 vehiculos por alcance ocupando el carril derecho y causando daños al patrimonio. Dos heridos, uno de ellos grave trasladado al Hospital 12 de octubre.;5 Barreras, 5 CPNs y 5 Separadores;;Cortado el carril derecho desde las 19:03 h hasta las 21:15 h;;
26/01/2016;00:33;;20160126-0001;T-P-ACC-01;A5;03FL09;SALIDA;Tronco;Túnel;Salida de vía;Lateral;1;1;;;;0;;;No;Fluida;Seco y Limpio;;Si;;No;Si;No;Buen Tiempo;Buena;;Sin Restricción;;;AIAM PORTUGAL;Salida del vehiculo sin daños al mobiliario y sin heridos. Lo sacamos al exterior con plataforma. Cortamos carril izquierdo.;;;;;
26/01/2016;07:20;;20160126-0005; C-E-ACC-01;M30;06XL30;EXTERIOR;VS;Superficie;Colisión de vehículos;Por alcance;2;1;1;;;1;;;No;Congestionada;Seco y Limpio;P. Municipal, P. Nacional y SAMUR;Si;;No;No;Si;Buen Tiempo;Buena;;Sin Restricción;;;M-4 / V-1;Accidente entre un turismo y un motorista por alcance, ocupan el carril derecho, Samur atiende al motorista, este es trasladado con pronostico reservado al Hospital Gregorio Marañon. La motocicleta implicada es retirada por la grúa de movilidad y el turismo por sus medios. Sin daños al patrimonio.;;;Cortado el carril derecho desde las 07:23 h hasta las 08:25 h;;
26/01/2016;08:02;;20160126-0007;C-P-ACC-01;M30;19NC10;INTERIOR;Tronco;Superficie;Colisión de vehículos;Por alcance;2;1;1;;;0;;;No;Congestionada;Seco y Limpio;P. Municipal;Si;;No;No;No;Buen Tiempo;Buena;;Sin Restricción;;;M-1;Accidente entre un turismo y un motorista por alcance, ocupan el carril derecho. Sin heridos ni daños al patrimonio.;;;Cortado el carril derecho desde las 08:02 h hasta las 08:28 h;;
26/01/2016;16:20;;20160126-0027;C-P-ACC-01;M30;12RL10;EXTERIOR;Ramal;Superficie;Colisión de vehículos;Por alcance;3;3;;;;0;;;No;Densa;Seco y Limpio;P. Municipal;Si;;Si;No;No;Buen Tiempo;Buena;;Sin Restricción;;;M-3 / V-1;Accidente entre 3 vehículos por alcance y que se encuentran ocupando el carril izquierdo, a las 16:30 son trasladados al arcen derecho. Sin heridos ni daños al patrimonio.;;;Cortado el carril izquierdo desde las 16:20 h hasta las 16:30 h;;
26/01/2016;16:55;;20160126-0028; C-E-ACC-01;A4;05UT00;ENTRADA;Tronco;Superficie;Colisión de vehículos;Por alcance;3;3;;;;1;;;No;Densa;Seco y Limpio;P. Municipal, SUMMA y SAMUR;Si;;Si;No;No;Buen Tiempo;Buena;;Sin Restricción;;;M-3 / V-2;Accidente entre 3 vehículos por alcance, se encuentran ocupando el carril derecho. 1 herido sin pronosticar es trasladado por el Samur al Hospital 12 de Ocubre.;;;Cortado el carril izquierdo desde las 16:20 h hasta las 16:30 h;;
26/01/2016;17:35;;20160126-0029;C-P-ACC-01;M30;07NC10;INTERIOR;Tronco;Superficie;Salida de vía;Lateral;1;1;;;;0;;;No;Densa;Seco y Limpio;P. Municipal;Si;Si;Si;No;No;Buen Tiempo;Buena;;Sin Restricción;;;V-1;Accidente de un vehículo por salida de vía quedandose parado en el carril central. Sin heridos ni daños al patrimonio.;;1 litro de desengrasante;Cortado el carril central desde las 17:54 h hasta las 18:15 h;;
26/01/2016;19:42;;20160126-0036;C-P-ACC-01;M30;05NL30;INTERIOR;VS;Superficie;Colisión de vehículos;Por alcance;2;2;;;;0;;;No;Congestionada;Seco y Limpio;;Si;;Si;No;No;Buen Tiempo;Buena;;Sin Restricción;;;M-3;Accidente entre 2 vehículos por alcance, ocupan el carril derecho. Sin heridos ni daños al patrimonio.;;;Cortado el carril derecho desde las 19:42 h hasta las 19:55 h;;
26/01/2016;20:10;;20160126-0039; C-E-ACC-01;M30;02NL80;INTERIOR;VS;Superficie;Colisión de vehículos;Por alcance;3;2;;1;2;2;;;No;Densa;Seco y Limpio;P. Municipal y SAMUR;Si;;Si;No;No;Buen Tiempo;Buena;;Sin Restricción;;;V-1;Accidente entre 3 vehículos por alcance en el carril central. Sin daños al patrimonio y 2 heridos leves trasladados al Hospital Gregorio Marañon. Dos vehículos son retirados en sus grúas y el tercero por sus medios.;;;Cortado carril desde las 20:16 h hasta las 21:00 h;;
26/01/2016;20:18;;20160126-0040;C-P-ACC-01;M30;02NC80;INTERIOR;Tronco;Superficie;Colisión de vehículos;Por alcance;2;2;;;;0;;;No;Fluida;Seco y Limpio;P. Municipal;Si;No;Si;No;No;Buen Tiempo;Buena;;Sin Restricción;;;V-2;Accidente entre 2 vehículos por alcance, se corta parte del carril derecho. Sin daños al patrimonio ni heridos, ambos vehículos son retirados por sus grúas.;;;Cortado parte del carril derecho desde las 20:28 h hasta las 21:08 h;;
27/01/2016;07:58;;20160127-0004;C-P-ACC-01;M30;06XL70;EXTERIOR;VS;Superficie;Colisión de vehículos;Por alcance;2;2;;;;0;;;No;Densa;Seco y Limpio;P. Municipal;Si;;Si;No;No;Buen Tiempo;Buena;;Sin Restricción;;;V-1;Colisión alcance , 2 vehiculos, sin heridos, n idaños, carril derecho se corta 1/2 carril derecho hasta retirada de estos. Vehiculo 1 grua propia, vehiculo 2 por sus medios, una vez su asistencia pone arrancador de bateria.;;;;;
27/01/2016;10:09;;20160127-0009;T-P-ACC-01;M30;14NL56;INTERIOR;Tronco;Túnel;Colisión de vehículos;Por alcance;3;;;;;0;;;No;Densa;;P. Municipal;Si;;No;Si;No;Buen Tiempo;Buena;;Sin Restricción;;;AIAM VALENCIA;Alcance entre 3 vehiculos en 14NL56, el vehiculo 1 sale por sus medios, los vehiculos 2 y 3 son sacados por nuestras gruas. El vehiculo para en apartadero 14NL90.;;sepiolita fina;;;
27/01/2016;14:40;;20160127-0019;;M30;32RA30;INTERIOR;Ramal;Superficie;Salida de vía;;1;;1;;;2;;;No;Fluida;Seco y Limpio;P. Municipal y SAMUR;Si;;No;No;Si;Buen Tiempo;Buena;;Sin Restricción;;;V-1;Según Policía pierde el control y se caen, 2 heridos, 2 trasladados sin pronostico.;;;Guardia Civil tambien intervienen.;;
27/01/2016;18:50;;20160127-0023;;M30;02XL50;EXTERIOR;VS;Superficie;Colisión de vehículos;Por alcance;2;2;;;;0;;;No;;Seco y Limpio;P. Municipal;Si;;Si;No;No;Buen Tiempo;Buena;;Sin Restricción;;;V-1/M-7;Accidente en carril central 82 carriles 19:05 retriamos vehiculos al carril derecho 1 carril cortado) accidente sin heridos.;;;;;
27/01/2016;19:02;;20160127-0024;C-P-ACC-01;M11;01MT10;ENTRADA;Tronco;Superficie;Colisión de vehículos;Por alcance;2;2;;;;;;;No;Fluida;Seco y Limpio;G. Civil;;;;;;Buen Tiempo;Buena;;Sin Restricción;;;V-2;Accidente en isleta, haciendo el corte los vehículos se retiran, no me da tiempo a tomar datos.;;;;;
27/01/2016;19:26;;20160127-0025;C-P-ACC-01;M11;01MT10;ENTRADA;Tronco;Superficie;Colisión de vehículos;Por alcance;2;2;;;;0;;;No;Fluida;Seco y Limpio;P. Municipal;No;;;;;Buen Tiempo;Buena;;Sin Restricción;;;V-2;Señalizo accidente en isleta.;;;;;
27/01/2016;19:25;;20160127-0026;C-P-ACC-01;M30;01NC80;INTERIOR;Tronco;Superficie;Colisión de vehículos;Por alcance;4;4;;;;0;;;No;Congestionada;Seco y Limpio;P. Municipal;Si;;Si;No;No;Buen Tiempo;Buena;;Sin Restricción;;;M-6;Señalizar vehiculo del accidente en el carril izqd. Se retiran restos del accidente. Bomberos acude ha desencajar 2 vehiculos.;;;bomberos tambien intervienen.;;
28/01/2016;9:40;;20160128-010;C-P-ACC-01;M30;12XL10;INTERIOR;Tronco;Superficie;Colisión obstaculo;;1;1;;;0;0;;;No;Fluida;Seco y Limpio;;No;No;;;;Buen Tiempo;Buena;;Sin Restricción;;;F52;Vehículo 1 pierde carga, colchón, y vehículo 2colisiona contra dicha carga , sin daños aparentes;;;;;
28/01/2016;12:18;;20160128-015;  T-E-ACC-01;M30;13NL53;INTERIOR;Tronco;Túnel;Colisión de vehículos;Por alcance;3;3;;;3;3;;;No;Congestionada;Seco y Limpio;P. Municipal y SAMUR;Si;;No;Si;No;Buen Tiempo;Buena;;Sin Restricción;;;T1 Valencia;olisión de vehículos por alcance, con tres vehículos implicados. A nuestra llegada se encuentra en el punto PM. Tres de las personas implicadas son tratadas por SAMUR. Sacamos los tres vehículos al exterior.;;;;;
28/01/2016;12:18;;20160128-016;C-E-ACC-01;M30;09RE10;EXTERIOR;Ramal;Superficie;Colisión de vehículos;Por alcance;2;2;;;;2;1;;No;Fluida;Seco y Limpio;P. Municipal y SAMUR;Si;;;No;;Buen Tiempo;Buena;;Sin Restricción;;;V-2;Colisión de turismo y moto en ramal de entrada. Corte de 09RL, herido trasladado por SAMUR, sin pronosticar al Ramón y Cajal;;;;;
28/01/2016;14:28;;20160128-019; C-E-ACC-01;M30;11NL00;INTERIOR;Tronco;Superficie;Colisión de vehículos;Por alcance;2;1;1;;;0;;;No;Densa;Mojado;P. Municipal;Si;;Si;No;No;Lluvia;Buena;;Sin Restricción;;;V-1;Señalizar accidente por alcance en carril derecho sin daños al patrimonio. Sin heridos, los vehículos 2 y 3 se retiran por sus medios.;;;;;
28/01/2016;15:33;;20160128-021; C-E-ACC-01;M30;10NL60;INTERIOR;Tronco;Superficie;Colisión de vehículos;Por alcance;3;3;;;;0;;;No;Densa;Mojado;P. Municipal y SAMUR;Si;;;;;Lluvia;Buena;;Sin Restricción;;;V-1/M-3;Señalizar accidente por alcance, en carril derecho. Sin daños al patrimonio y con heridos en carril derecho;;;;;
28/01/2016;17:50;;20160128-027;C-P-ACC-01;M30;31NC50;INTERIOR;Tronco;Superficie;Colisión de vehículos;Por alcance;3;3;;;1;1;;;No;Densa;Mojado;P. Municipal;Si;;;;;Lluvia;Buena;;Sin Restricción;;;V-2;Accidente por alcance, corto carril derecho, solo queda un vehículo en el punto;;;;;
28/01/2016;19:00;;20160128-030; C-E-ACC-01;A2;04AT90;ENTRADA;Tronco;Superficie;Colisión de vehículos;Por alcance;2;2;;;;0;;;No;Densa;Mojado;P. Municipal y SAMUR;Si;;;;;Lluvia;Buena;;Sin Restricción;;;V-1;Señalizar accidente por alcance en carril derecho, sin daños al patrimonio y con un herido leve dado de alta en el lugar . El vehículo 2 se retira por sus medios;;;;;
28/01/2016;20:00;;20160128-032;C-P-ACC-01;M30;32RA30;INTERIOR;Ramal;Superficie;Colisión de vehículos;Por alcance;2;2;;;;0;;;No;Densa;Mojado;;Si;;;;;Lluvia;Buena;;Sin Restricción;;;M-3;Accidente en carril izquierdo;;;;;
28/01/2016;20:29;;20160128-034; C-E-ACC-01;M30;29XC60;EXTERIOR;Tronco;Superficie;Colisión de vehículos;Por alcance;2;2;;;;0;;;No;Fluida;Mojado;P. Municipal y SAMUR;Si;;;;;Lluvia;Buena;;Sin Restricción;;;V-2;corto carril derecho por accidente;;;;;
28/01/2016;20:40;;20160128-036;C-P-ACC-01;M11;32RN10;SALIDA;Ramal;Superficie;Colisión de vehículos;Por alcance;2;2;;;;0;;;No;Densa;Mojado;P. Municipal;Si;;;;;Lluvia;Buena;;Sin Restricción;;;M-2 / V-2;señalizar vehículos accidentados, en carril izquierdo. Se limpian restos de aceite;;;;;