Fecha;Hora;Día;Nº Incidencia;sitrem;Carretera;MC30;Calzada;Localización;Enlace;Tipo de accidente;Tipo de colisión;Nº Vehículos implicados;Nº Turismos;Nº Motocicletas;Nº vehículos pesados;H.L.;hl;hg;vm;Daños al mobiliario urbano;Circulación;Estado del Firme;Presencia Recursos Externos;Corte Carril;Vertido;Grúa usuario;Grúa Propia EMESA;Grúa Movilidad;Factores Atmosféricos;Visibilidad señalización;Señalización de Peligro;Visibilidad restringida por;Aceras;Árboles;Vehículos denominación;Descripción del accidente;Daños causados al viario;Materiales utilizados;Observaciones;;
29/01/2016;06:06;;20160129-0009;;M30;07XL10;EXTERIOR;VS;Superficie;Salida de vía;;1;1;;;;0;;;Si;Fluida;Mojado;P. Municipal;Si;;Si;No;No;Lluvia;Buena;;Sin Restricción;;;V-1;Voy por tronco c/i y veo en v/s c/i salida de via carril izquierdo, paro en arcend derecho, cortando carril izquierdo v/s, sin heridos con daños, 6.30 Policia corta trafico v/s pasamso vehiculos carril derecho;3 barreras;;;;
29/01/2016;09:17;;20160129-0012;C-P-ACC-01;M30;04XL30;EXTERIOR;VS;Superficie;Colisión de vehículos;Por alcance;2;2;;;1;1;;;No;Densa;Mojado;P. Municipal y SAMUR;No;;No;No;No;Buen Tiempo;Buena;;Sin Restricción;;;M-4;Accidente dos vehiculos por alcance se llama  a Samur por niño con dolores cervicales, pero no tiene nada. Se paana arcen derecho con Policía. Se marchan por sus propios medios.;;;;;
29/01/2016;15:53;;20160129-0021; C-E-ACC-01;M30;00XC70;EXTERIOR;Tronco;Superficie;Colisión de vehículos;Por alcance;2;2;;;;0;;;No;Densa;Mojado;P. Municipal;Si;;Si;No;No;Lluvia;Buena;;Sin Restricción;;;V-1;Señalizar accidente por alcance sin daños a patrimonio, n i heridos, cortando carril dercho.;;;;;
29/01/2016;18:40;;20160129-0027;C-P-ACC-01;M30;10NL50;INTERIOR;Tronco;Superficie;Colisión de vehículos;Por alcance;2;2;;;;0;;;No;Fluida;Seco y Limpio;;Si;;;;;Buen Tiempo;Buena;;Sin Restricción;;;G-25;Accidente entre 2 vehículos por alcance, ocupando el carril derecho. Sin heridos ni daños al patrimonio.;;;;;
29/01/2016;4:26;;20160129-007;C-P-ACC-01;M30;18RH08;EXTERIOR;Ramal;Túnel;Salida de vía;Lateral;1;1;;;;0;;;No;Fluida;Seco y Limpio;P. Municipal;Si;;;si;;Buen Tiempo;Buena;;Sin Restricción;;;AIAM PORTUGAL;accidente. Coche pierde el contro e impacata contra el bordillo, de hastial derecho. El conductor no sufre daños personales. No se activa SAMUR, cargamos con grúa C10 y sacamos al exterior. F11 se retira a base a las 04:42;;;;;
30/01/2016;15:15;;20160130-0013;;M30;29NC00;INTERIOR;Tronco;Superficie;Colisión de vehículos;Por alcance;2;2;;;;0;;;No;Fluida;Seco y Limpio;;Si;;No;No;No;Buen Tiempo;Buena;;Sin Restricción;;;V-1;Accidente entre 2 vehículos por alcance, ocupando el carril derecho. Sin heridos ni daños al patrimonio. El vigilante los saca fuera de zona y ambos vehículos se retiran por sus medios.;;;;;
30/01/2016;17:24;;20160130-0016;C-P-ACC-01;A4;04UL80;SALIDA;Tronco;Superficie;Salida de vía;Frontal;1;1;;;;0;;;Si;Fluida;Seco y Limpio;P. Municipal;Si;;Si;No;No;Buen Tiempo;Buena;;Sin Restricción;;;V-1 / V-2;Accidente de 1 vehículo por salida quedandose parado en el carril izquierdo, sin heridos y con daños al patrimonio en barreras.;2 Tramos de barreras, 3 CPNs y 3 Separadores.;;Se corta el carril izquierdo desde las 17:24 h hasta las 18:20 h;;
31/01/2016;13:12;;20160131-0014; C-E-ACC-01;M30;08XC80;EXTERIOR;Tronco;Superficie;Colisión de vehículos;Por alcance;4;3;1;;1;1;;;No;Fluida;Seco y Limpio;P. Municipal y SAMUR;Si;;Si;No;No;Buen Tiempo;Buena;;Sin Restricción;;;V-1;Accidente por colision entre 3 turismos y 1 motorista, este resulta herido leve y trasladado al Hospital de la Princesa.;;;Se corta el carril derecho desde las 13:20 h hasta las 14:30 h;;
31/01/2016;14:00;;20160131-0015; C-E-ACC-01;M30;09XL80;EXTERIOR;Tronco;Superficie;Colisión de vehículos;Por alcance;2;;;;;1;;;No;Fluida;Seco y Limpio;P. Municipal y SAMUR;Si;;Si;No;No;Buen Tiempo;Buena;;Sin Restricción;;;V-1;Accidente por colision entre 2 vehículos que se encuentran ocupando el carril derecho. 1 herido sin pronosticar trasladado por el Samur al hospital. Uno de los vehículos se retira por sus medios y el otro en su grúa.;;;Se corta el carril derecho desde las 14:05 h hasta las 15:05 h;;
31/01/2016;15:10;;20160131-0016; C-E-ACC-01;M30;11XL50;EXTERIOR;Tronco;Superficie;Colisión de vehículos;Lateral;2;;;;4;4;;;No;Fluida;Seco y Limpio;P. Municipal y SAMUR;No;;No;No;No;Buen Tiempo;Buena;;Sin Restricción;;;V-2 / AIAM Méndez Álvaro;Accidente por colision entre 2 vehículos con rellerta, 4 ocupantes heridos leves, de ellos 2 son dados de alta en el punto y los otros 2 son trasladados por el Samur al hospital.;;;Accidente atendido por los AIAM de Méndez Álvaro con apoyo del vigilante V-2;;
01/02/2016;06:20;;20160201-0004;C-P-ACC-01;M30;07NC30;INTERIOR;Tronco;Superficie;Salida de vía;;1;1;;;;0;;;No;Fluida;Seco y Limpio;P. Municipal;Si;;Si;No;No;Buen Tiempo;Buena;;Sin Restricción;;;V-1;Accidente de 1 vehículo por salida de vía, colisiona contra el muro sin causar daños al patrimonio ni heridos. ;;;Se corta el carril derecho desde las 06:20 h hasta las 06:50 h;;
01/02/2016;08:30;;20160201-0009;C-P-ACC-01;M30;31NC60;INTERIOR;Tronco;Superficie;Colisión de vehículos;Por alcance;2;2;;;;0;;;No;Congestionada;Seco y Limpio;;Si;;No;No;No;Buen Tiempo;Buena;;Sin Restricción;;;V-2;Accidente entre 2 vehículos por alcance en el carril central, posteriormente son retirados del punto por sus medios quedandose fuera de límites. Sin heridos ni daños al patrimonio.;;;Se corta el carril central desde las 08:30 h hasta las 08:35 h;;
01/02/2016;09:11;;20160201-0012; C-E-ACC-01;M30;10NL60;INTERIOR;Tronco;Superficie;Colisión de vehículos;Por alcance;4;4;;;1;1;;;No;Congestionada;Seco y Limpio;P. Municipal y SAMUR;Si;Si;Si;No;Si;Buen Tiempo;Buena;;Sin Restricción;;;V-1;Accidente entre 4 vehículos por alcance ocupando el carril derecho, 1 herido leve dado de alta en el punto. Se realiza limpieza de calzada.;;Sepiolita gruesa;Se corta el carril derecho desde las 09:16 h hasta las 10:10 h;;
01/02/2016;13:00;;20160201-0018;C-P-ACC-01;M30;31NC40;INTERIOR;Tronco;Superficie;Colisión de vehículos;Por alcance;5;5;;;;0;;;No;Fluida;Seco y Limpio;P. Municipal;Si;;Si;No;No;Buen Tiempo;Buena;;Sin Restricción;;;V-2;Accidente entre 5 vehículos por alcance ocupando el carril central, sin heridos ni daños al patrimonio. 3 de los vehículos implicados se retiran por sus medios.;;3 Bolsas de servicio;Se corta el carril central desde las 13:05 h hasta las 14:10 h;;
01/02/2016;14:39;;20160201-0023; C-E-ACC-01;M30;31NC70;INTERIOR;Tronco;Superficie;Colisión de vehículos;Por alcance;3;3;;;1;1;;;No;Densa;Seco y Limpio;P. Municipal y SAMUR;Si;No;Si;No;No;Buen Tiempo;Buena;;Sin Restricción;;;M-3;Accidente entre 3 vehículos por alcance ocupando el carril derecho, 1 herido leve dado de alta en el punto. Uno de los vehículos implicados se dio a la fuga.;;;Se corta el carril derecho desde las 14:49 h hasta las 15:28 h que se retiran al arcén del PK 32+200;;
01/02/2016;15:05;;20160201-0024;C-P-ACC-01;M30;02XL30;EXTERIOR;VS;Superficie;Colisión de vehículos;Por alcance;3;3;;;;1;;;No;Fluida;Seco y Limpio;P. Municipal, G. Civil y SAMUR;Si;No;Si;No;No;Buen Tiempo;Buena;;Sin Restricción;;;V-2;Accidente entre 3 vehículos por alcance ocupando el carril izquierdo con G. Civil presente en el punto, posteriormente son trasladados al arcén derecho por Policía Municipal, 1 herido sin pronosticar trasladado al Hospital Ramon y Cajal.;;2 Bolsas de servicio;Se corta el carril izquierdo desde las 15:15 h hasta las 15:55 h;;
01/02/2016;17:17;;20160201-027;T-P-ACC-01;M30;14NL74;INTERIOR;Tronco;Túnel;Colisión de vehículos;Por alcance;2;2;;;;0;;;No;Densa;Seco y Limpio;P. Municipal;Si;;No;Si;No;Buen Tiempo;Buena;;Sin Restricción;;;AIAM Calderón;COLISION POR ALCANCE;;;;;
01/02/2016;18:20;;20160201-0031;C-P-ACC-01;M30;20XC40;EXTERIOR;Tronco;Superficie;Colisión de vehículos;Por alcance;2;2;;;;0;;;No;Densa;Seco y Limpio;P. Municipal;No;No;No;No;No;Buen Tiempo;Buena;;Sin Restricción;;;V-2;Accidente entre 2 vehículos que se encuentran ocupando el arcén derecho junto con Policía Municipal mientras los conductores toman datos para posteriormente retirarse por sus medios. Sin heridos ni daños al patrimonio.;;;;;
02/02/2016;19:03;;20160202-0032;;M30;00NC90;INTERIOR;Tronco;Superficie;Colisión de vehículos;Por alcance;2;2;;;;0;;;No;Fluida;Seco y Limpio;P. Municipal;No;No;No;No;No;Buen Tiempo;Buena;;Sin Restricción;;;M3;Accidente en arcén derecho;;;;;
03/02/2016;14:20;;20160203-0016;C-P-ACC-01;M30;07NC50;INTERIOR;Tronco;Superficie;Colisión de vehículos;Lateral;2;2;;;;1;;;No;Congestionada;Seco y Limpio;P. Municipal;Si;No;Si;No;No;Buen Tiempo;Buena;;Sin Restricción;;;V1;Colisión de 2 vehículos en carriles izquierdo y central;;;;;
03/02/2016;15:46;;20160203-0018; C-E-ACC-01;M30;06NL50;INTERIOR;VS;Superficie;Colisión de vehículos;Por alcance;3;3;;;;0;;;No;Congestionada;Seco y Limpio;P. Municipal;Si;Si;Si;No;No;Buen Tiempo;Buena;;Sin Restricción;;;V1;Colisión de 3 vehículos en carril derecho. Vertido de aceite. Se activa la baldeadora;;Desengrasante;;;
03/02/2016;19:35;;20160203-0028;C-P-ACC-01;M30;08XL30;EXTERIOR;VS;superficie;Colisión de vehículos;Por alcance;2;2;;;;0;;;No;Congestionada;Seco y Limpio;P. Municipal;No;No;Si;No;No;Buen Tiempo;Buena;;Sin Restricción;;;V2;Señalizar vehículo averiado de  accidente en arcen derecho. A mi llegada solo hay un vehículo;;;;;
03/02/2016;20:07;;20160203-0031;C-P-ACC-01;M30;04XC20;EXTERIOR;Tronco;Superficie;Colisión de vehículos;Por alcance;3;3;;;;0;;;No;Congestionada;Seco y Limpio;P. Municipal;Si;No;Si;No;No;Buen Tiempo;Buena;;Sin Restricción;;;V1;Colisión de 3 vehículos en carril izquierdo. Policía lo traslada a carril derecho;;;;;
03/02/2016;20:15;;20160203-0032; C-E-ACC-01;M30;08XL00;EXTERIOR;VS;Superficie;Colisión de vehículos;Por alcance;3;3;;;2;2;;;No;Congestionada;Seco y Limpio;P. Municipal y SAMUR;Si;No;Si;No;No;Buen Tiempo;Buena;;Sin Restricción;;;V1 / V2;Señalizar accidente en los 3 carriles izquierdos, 2 heridos leves dados de alta en el lugar. Se van abriendo carriles progresivamente. Se efectúa limpieza;;1 bolsa;;;
03/02/2016;21:35;;20160203-0035; C-E-ACC-01;M30;08RM30;EXTERIOR;Ramal;superficie;Colisión de vehículos;;3;3;;;;1;;;No;Fluida;Seco y Limpio;P. Municipal;;;Si;No;No;Buen Tiempo;Buena;;Sin Restricción;;;V2;Escolto y señalizo vehículos averiados por accidente;;;;;
04/02/2016;10:13;;20160204-0012;C-P-ACC-01;M30;12RV20;EXTERIOR;Ramal;Superficie;Colisión de vehículos;Por alcance;2;2;;;;0;;;No;Fluida;Seco y Limpio;P. Municipal;Si;No;Si;No;No;Buen Tiempo;Buena;;Sin Restricción;;;V1/M1;Accidente por alcance sin heridos en carril izquierdo;;;;;
04/02/2016;14:25;;20160204-0021;C-P-ACC-01;M30;01XC10;EXTERIOR;Tronco;Superficie;Colisión de vehículos;Por alcance;3;3;;;;0;;;No;Densa;Seco y Limpio;P. Municipal;Si;No;Si;No;No;Buen Tiempo;Buena;;Sin Restricción;;;V1 / M2;Retirar vehículos de carril izquierdo y señalizarlos en arcén derecho;;;;;
04/02/2016;18:00;;20160204-0033; C-E-ACC-01;M607;12OL50;SALIDA;Tronco;Superficie;Salida de vía;;1;;1;;;1;;;No;Fluida;Seco y Limpio;G. Civil y SAMUR;Si;No;Si;No;No;Buen Tiempo;Buena;;Sin Restricción;;;M2;Señalizar accidente en carril BUS. Herido trasladado a Hospital;;;;;
04/02/2016;19:10;;20160204-0036;C-P-ACC-01;M30;11NL00;INTERIOR;Tronco;Superficie;Colisión de vehículos;;3;3;;;;0;;;No;Congestionada;Seco y Limpio;;Si;No;;;;Buen Tiempo;Buena;;Sin Restricción;;;V1;Colisión de 3 vehículos en carril derecho. Al llegar al punto los vehículos están reanudando la marcha, no hay datos;;;;;
04/02/2016;19:42;;20160204-0041;C-P-ACC-01;M30;08NL40;INTERIOR;VS;Superficie;Colisión de vehículos;Por alcance;2;2;;;;2;;;No;Congestionada;Seco y Limpio;P. Municipal y SAMUR;Si;No;Si;No;No;Buen Tiempo;Buena;;Sin Restricción;;;V2;A mi llegada Policía pasa los coches al arcén derecho;;2 bolsas;;;
04/02/2016;20:40;;20160204-0046; C-E-ACC-01;M30;07NL40;INTERIOR;VS;Superficie;Colisión de vehículos;Por alcance;3;3;;;;3;;;No;Congestionada;Seco y Limpio;P. Municipal y SAMUR;Si;No;Si;No;No;Buen Tiempo;Buena;;Sin Restricción;;;V1;Colisión de 3 vehículos en carril derecho;;;;;
04/02/2016;20:40;;20160204-0047;C-P-ACC-01;M30;05NL30;INTERIOR;VS;Superficie;Colisión de vehículos;Por alcance;2;2;;;;0;;;No;Fluida;Seco y Limpio;P. Municipal;Si;No;Si;No;No;Buen Tiempo;Buena;;Sin Restricción;;;M3;Accidente en carril central. Retiramos vehículos al arcén derecho;;;;;
05/02/2016;14:20;;20160205-0018;C-P-ACC-01;M30;08XC80;EXTERIOR;Tronco;Superficie;Colisión de vehículos;Por alcance;4;4;;;;0;;;No;Fluida;Seco y Limpio;P. Municipal;Si;No;Si;No;No;Buen Tiempo;Buena;;Sin Restricción;;;M2;Señalizar vehículos accidentados en carril izquierdo;;;;;
05/02/2016;14:52;;20160205-0019;C-P-ACC-01;M30;02NL80;INTERIOR;VS;Superficie;Colisión de vehículos;Por alcance;2;2;;;1;2;;;No;Congestionada;Seco y Limpio;P.M., SAMUR y Bomberos;Si;No;Si;No;No;Buen Tiempo;Buena;;Sin Restricción;;;V1 / M3;Accidente en carril derecho. Herido leve trasladado al Hospital Ramón y Cajal;;;;;
05/02/2016;15:43;;20160205-0023; C-E-ACC-01;M30;12RH40;INTERIOR;Ramal;Superficie;Colisión de vehículos;Por alcance;3;3;;;;2;;;No;Congestionada;Seco y Limpio;P. Municipal y SAMUR;Si;No;Si;No;No;Buen Tiempo;Buena;;Sin Restricción;;;V1;Colisión de 3 vehículos en carril izquierdo.  ;;;;;
05/02/2016;20:06;;20160205-0033;C-P-ACC-01;M30;10NL70;INTERIOR;Tronco;Superficie;Colisión de vehículos;Por alcance;2;2;;;;0;;;No;Fluida;Seco y Limpio;P. Municipal;Si;No;No;No;No;Buen Tiempo;Buena;;Sin Restricción;;;M3;Accidente en carril derecho. Sacamos vehiculos fuera de zona;;;;;
05/02/2016;20:15;;20160205-0034; C-E-ACC-01;M30;24XC50;EXTERIOR;Tronco;Superficie;Colisión de vehículos;Por alcance;2;2;;;1;1;1;;No;Fluida;Seco y Limpio;P. Municipal y SAMUR;Si;No;Si;No;No;Buen Tiempo;Buena;;Sin Restricción;;;V2;Encuentro accidente en carril izquierdo, señalizo con Policía;;;;;
05/02/2016;20:27;;20160205-0035; C-E-ACC-01;M30;09NL80;INTERIOR;Tronco;Superficie;Colisión de vehículos;Por alcance;3;3;;;;3;;;No;Congestionada;Seco y Limpio;P. Municipal y SAMUR;Si;No;Si;No;No;Buen Tiempo;Buena;;Sin Restricción;;;V1;Colisión de 3 vehículos en carril izquierdo;;;;;
06/02/2016;10:52;;20160206-0005;C-P-ACC-01;M30;32RH50;INTERIOR;Ramal;Superficie;Salida de vía;;1;1;;;1;2;;;Si;Fluida;Seco y Limpio;P. Municipal y SAMUR;Si;No;Si;No;No;Buen Tiempo;Buena;;Sin Restricción;;;V2;Salida de vía en lado derecho, con daños en lado derecho. Herido leve dado de alta en el punto. Corto carril izquierdo;1 muro lado derecho dañado (partido);;;;
07/02/2016;00:54;;20160207-0002; C-E-ACC-01;M30;12NL00;INTERIOR;Tronco;Superficie;Colisión de vehículos;Lateral;2;1;1;;1;1;;;No;Fluida;Seco y Limpio;P. Municipal y SAMUR;Si;No;Si;No;No;Buen Tiempo;Buena;;Sin Restricción;;;V1;Colisión lateral vehículo y moto con heridos y sin daños. Se corta carril derecho hasta que SAMUR atiende y traslada al Hospital Gregorio Marañon. Herido es estado leve. Vehículo 1 con grúa propia y el vehículo 2 por sus medios;;;;;
07/02/2016;03:42;;20160207-0004;C-P-ACC-01;M30;19NC70;INTERIOR;Tronco;Superficie;Salida de vía;;1;1;;;;0;;;No;Fluida;Seco y Limpio;P. Municipal;Si;No;No;No;Si;Buen Tiempo;Buena;;Sin Restricción;;;V1;Salida de vía, sin heridos ni daños en carril derecho. Se corta carril derecho hasta retirada de vehículo en grúa de movilidad al dar positivo en alcoholemia. Dejo señalizado y me voy al 22RE.;;;;;
07/02/2016;04:12;;20160207-0005;C-P-ACC-01;M30;22RE20;EXTERIOR;Ramal;Superficie;Salida de vía;;1;1;;;;0;;;No;Fluida;Seco y Limpio;P. Municipal;Si;No;Si;No;No;Buen Tiempo;Buena;;Sin Restricción;;;V1;Salida de vía sin heridos. A nuestra llegada el vehículo se encuentra en lado derecho del ramal con Policía. Sacamos vehículo fuera de límite, aparcando en parada de BUS a la espera de grúa y dejarlo señalizado;;;;;
07/02/2016;13:30;;20160207-0011; C-E-ACC-01;M30;09CT10;EXTERIOR;Ramal;Superficie;Salida de vía;;1;1;;;1;1;;;Si;Densa;Seco y Limpio;P. Municipal y SAMUR;Si;No;Si;No;No;Buen Tiempo;Buena;;Sin Restricción;;;V1;Señalizar accidente por salida de via con daños a patrimonio y un herido leve dado de alta en el lugar. Cortado carril izquierdo. ;1 hito H 7S;;;;
07/02/2016;19:06;;20160207-016;T-P-ACC-01;A5;03FT36;ENTRADA;Tronco;Túnel;Colisión obstáculos;Frontal;2;1;;1;;0;;;Si;Fluida;Seco y Limpio;;Si;No;No;No;No;Buen Tiempo;Buena;;Sin Restricción;;;AIAM Portugal;VEHICULO PARADO EN ISLETA CENTRAL. UNA SEÑAL DE EXCESO DE GALIBO SE ENCUENTRA DEBAJO DEL VEHICULO, SEGUN CENTRO C.C EL VEHICULO HA IMPACTADO CON LA SEÑAL. RETIRAMOS LA SEÑAL Y SE RETIRA POR SUS MEDIO;;;;;
07/02/2016;23:50;;20160207-022;T-P-ACC-01;M30;15XL38;EXTERIOR;Tronco;Túnel;Colisión de vehículos;Por alcance;2;2;;;;0;;;No;Fluida;Seco y Limpio;P. Municipal y P. Nacional;Si;No;No;Si;No;Buen Tiempo;Buena;;Sin Restricción;;;AIAM Calderón;Alcance entre vehículos, posible agresión segun VH-1 que retiramos con grúa al exterior;;;;;
08/02/2016;03:11;;20160208-002;T-P-ACC-01;M30;18XC73;EXTERIOR;Tronco;Túnel;Salida de vía;Lateral;1;1;;;;0;;;Si;Fluida;Seco y Limpio;P. Municipal;Si;;No;Si;No;Buen Tiempo;Buena;;Sin Restricción;;;AIAM Portugal;Vehículo parado en carril izquierdo a causa de impactar con bordillo de hastila izquierdo. Los ocupantes no sufren daños personales.;;;;;
08/02/2016;07:35;;20160208-0005;C-P-ACC-01;M30;04XC00;EXTERIOR;Tronco;Superficie;Colisión de vehículos;Por alcance;2;2;;;;0;;;No;Congestionada;Seco y Limpio;P. Municipal;Si;No;No;No;No;Buen Tiempo;Buena;;Sin Restricción;;;V2 / M4;Aviso del centro de control de accidente por alcance en carril izquierdo. Junto Policía movemos vehículos a arcén derecho;;;;;
08/02/2016;11:10;;20160208-0011; C-E-ACC-01;M30;07NL70;INTERIOR;VS;Superficie;Salida de vía;Lateral;1;;1;;1;1;;;No;Fluida;Seco y Limpio;P. Municipal y SAMUR;Si;No;No;No;No;Buen Tiempo;Buena;;Sin Restricción;;;V1;Señalizar accidente caída de moto sin daños a patrimonio y un herido trasladado al Hospital La Paz como leve. La moto la retira familiar del conductor;;;;;
08/02/2016;12:48;;20160208-0014; C-E-ACC-01;M30;31NC00;INTERIOR;Tronco;Superficie;Colisión de vehículos;Por alcance;4;4;;;1;1;;;No;Fluida;Seco y Limpio;P. Municipal y SAMUR;Si;No;Si;No;No;Buen Tiempo;Buena;;Sin Restricción;;;V1 / M1;Señalizar accidente por alcance en carril izquierdo y Policía lo retira al arcén derecho del PK 32, sin daños a patrimonio y heridos. El herido es trasladado al Hospital FREMAP de capitan Haya como herido leve;;;;;
08/02/2016;13:53;;20160208-0017; C-E-ACC-01;M30;05XL40;EXTERIOR;VS;Superficie;Colisión de vehículos;Por alcance;5;5;;;;3;1;;No;Densa;Seco y Limpio;P. Municipal y SAMUR;Si;No;Si;No;Si;Buen Tiempo;Buena;;Sin Restricción;;;M1 / V1 / V2 / M2;Accidente por alcance entre 5 vehículos en carril central. 2 heridos trasladados con pronóstico reservado;;;;;
08/02/2016;19:30;;20160208-0028;C-P-ACC-01;M30;31NC00;INTERIOR;Tronco;Superficie;Otros;;2;1;1;;;0;;;No;Fluida;Seco y Limpio;P. Municipal;Si;No;Si;No;No;Buen Tiempo;Buena;;Sin Restricción;;;V2;Usuario manifiesta coche desconocido hace un extraño y por este motivo cae al suelo. Señalizo en isleta;;;;;
09/02/2016;11:50;;20160209-0016; C-E-ACC-01;M30;00RA10;INTERIOR;Ramal;Superficie;Colisión de vehículos;;2;1;1;;;1;;;No;;;P. Municipal y SAMUR;Si;Si;No;No;No;;;;;;;V-2;Accidente de motorista en carril izquierdo, el vehícuo contrario no está en el punto, no hay heridos, ni daños al patrimonio.;;sepiolita gruesa.;;;
09/02/2016;17:43;;20160209-0028; C-E-ACC-01;M11;32RR20;ENTRADA;Ramal;Superficie;Colisión de vehículos;Lateral;2;2;;;1;1;;;No;Fluida;Seco y Limpio;P. Municipal y SAMUR;Si;No;No;No;No;Buen Tiempo;Buena;;Sin Restricción;;;V-2;Corto carril derecho por accidente, herido leve trasladado.;;;;;
09/02/2016;18:52;;20160209-033;T-P-ACC-01;M30;14RR07;EXTERIOR;Ramal;Túnel;;;;;;;;0;;;No;Fluida;Seco y Limpio;;;No;No;No;No;;Buena;;Sin Restricción;;;;ACTIVA PARA EL 15RR, AL LLEGAR NO HAY NADA Y NOS REDIRIGEN AL 14RR A UN ACCIDENTE PERO ANULAN LA INCIDENCIA ANTES DE LLEGAR AL PUNTO;;;;;
10/02/2016;09:16;;20160210-0008; C-E-ACC-01;M30;31NC00;INTERIOR;Tronco;Superficie;Colisión de vehículos;Por alcance;3;3;;;2;2;;;No;Congestionada;Seco y Limpio;P. Municipal y SAMUR;Si;No;No;No;Si;Buen Tiempo;Buena;;Sin Restricción;;;V-2;Aviso del centro de control de accidente por alcance entre 3 vehículos ocupando el carril derecho. 2 heridos leves trasladados al Hospital. Dos de los vehículos implicados son retirados por las grúas de movilidad y el tercero por sus medios.;;;Se corta el carril derecho desde las 09:24 h hasta las 09:55 h;;
10/02/2016;14:41;;20160210-0019; C-E-ACC-01;M30;31NC70;INTERIOR;Tronco;Superficie;Colisión de vehículos;Por alcance;4;4;;;;0;;;No;Congestionada;Seco y Limpio;P. Municipal;Si;No;Si;No;No;Buen Tiempo;Buena;;Sin Restricción;;;M-3;Accidente entre 4 vehículos por alcance ocupando el carril derecho hasta que son trasladados al arcén del PK. 32+200.;;;Se corta el carril derecho desde las 14:51 h hasta las 14:56 h;;
10/02/2016;16:25;;20160210-0023;C-P-ACC-01;A2;04AT50;ENTRADA;Tronco;Superficie;Colisión de vehículos;Por alcance;3;3;;;;0;;;No;Densa;Seco y Limpio;P. Municipal;Si;No;Si;No;No;Buen Tiempo;Buena;;Sin Restricción;;;V-1;Accidente entre 3 vehículos por alcance ocupando el carril derecho. Sin heridos ni daños al patrimonio.;;;Se corta el carril derecho desde las 16:25 h hasta las 17:00 h;;
11/02/2016;04:10;;20160211-004;T-P-ACC-01;M30;08RE39;INTERIOR;Ramal;Túnel;Salida de vía;Lateral;1;1;;;;0;;;No;Fluida;Seco y Limpio;P. Municipal;Si;;No;Si;No;Buen Tiempo;Buena;;Sin Restricción;;;AIAM Valencia;Salida de via de vehículo, parte el eje de la rueda derecha delantera, lo cargamos con C-10 y lo sacamos al exterior;;;;;
11/02/2016;07:00;;20160211-0006; C-E-ACC-01;M30;08XC10;EXTERIOR;Tronco;Superficie;Colisión de vehículos;Lateral;2;1;1;;;0;1;;No;Congestionada;Seco y Limpio;P. Municipal y SAMUR;Si;Si;Si;No;No;Buen Tiempo;Buena;;Sin Restricción;;;V-1;Señalizar accidente lateral con moto implicada, con herido en pronóstico reservado y es trasladado al 12 de o9cturbre, din daños al patrimonio.;;sepilolita gruesa.;;;
11/02/2016;08:37;;20160211-0009;;M30;06NC60;INTERIOR;Tronco;Superficie;Colisión de vehículos;Lateral;3;3;;;;0;;;No;Fluida;Mojado;P. Municipal;No;No;Si;No;No;Viento;Buena;;Sin Restricción;;;M-1;Accidente por alcance entre 3 vehículos, policía los pasa a 06NL62. sin daños ni heridos.;;;;;
11/02/2016;10:40;;20160211-0016;C-P-ACC-01;M30;00XC60;EXTERIOR;Tronco;Superficie;Colisión de vehículos;Por alcance;2;2;;;;0;;;No;Densa;Mojado;P. Municipal;Si;No;No;No;No;Lluvia;Buena;;Sin Restricción;;;V-1;Señalizar accidente por alcance en carril derecho, sin daños a patrimonio, ni heridos, los vehiculos se retiran por sus medios.;;;;;
11/02/2016;12:11;;20160211-0019;C-E-ACC-01;M30;04RC05;INTERIOR;Ramal;Superficie;Salida de vía;Frontal;1;;;1;;0;;;Si;Fluida;Mojado;P. Municipal;Si;No;Si;No;No;Lluvia;Buena;;Sin Restricción;;;v-1;Señalizar accidente salida de vía con daños a patrimonio y sin herios, en isleta.;1 panel direccional, 2 hitos m75 completos.;;;;
11/02/2016;12:30;;20160211-0020;C-P-ACC-01;M30;09XL60;EXTERIOR;Tronco;Superficie;Colisión de vehículos;Por alcance;2;1;;1;;0;;;No;Congestionada;Mojado;P. Municipal;Si;No;No;No;No;Lluvia;Buena;;Sin Restricción;;;V-2;Aviso de Centro de control de colisión por alcance de 1 vehículo con 1 acamión, a mi llegada están en arcén derecho cortando parte de carril derecho, hasta retirada de estos por sus medios.;;;;;
11/02/2016;12:38;;20160211-0021; C-E-ACC-01;M30;08NL30;INTERIOR;VS;Superficie;Colisión de vehículos;Por alcance;2;2;;;1;1;;;No;Congestionada;Mojado;P. Municipal y SAMUR;Si;No;Si;No;No;Lluvia;Buena;;Sin Restricción;;;M-1;Accidente entre 2 vehículos por alcance en carriles centrales. Policía Municipal traslada al arcén derecho a ambos vehículos implicados. 1 herido leve trasladado por el Samur al Hospital Gregorio Marañon.;;;;;
11/02/2016;13:13;;20160211-0022;C-P-ACC-01;M30;12RV20;EXTERIOR;Ramal;Superficie;Salida de vía;;1;1;;;;0;;;Si;Densa;Mojado;P. Municipal;No;No;No;No;No;Lluvia;Buena;;Sin Restricción;;;V-2 / F-60;Aviso desde el Centro de Control de un accidente de 1 vehículo por salida de vía, cuando llega el vigilante el vehículo accidentado ya se había retirado, los operarios con el furgón F-60 se encontraban en el punto y tomaron los datos de dicho vehículo.;4 Barreras, 1 Hito H75, 2 CPN y 2 Amortiguadores (separadores);;;;