Fecha;Hora;Día;Nº Incidencia;sitrem;Carretera;MC30;Calzada;Localización;Enlace;Tipo de accidente;Tipo de colisión;Nº Vehículos implicados;Nº Turismos;Nº Motocicletas;Nº vehículos pesados;H.L.;hl;hg;vm;Daños al mobiliario urbano;Circulación;Estado del Firme;Presencia Recursos Externos;Corte Carril;Vertido;Grúa usuario;Grúa Propia EMESA;Grúa Movilidad;Factores Atmosféricos;Visibilidad señalización;Señalización de Peligro;Visibilidad restringida por;Aceras;Árboles;Vehículos denominación;Descripción del accidente;Daños causados al viario;Materiales utilizados;Observaciones;;
11/02/2016;13:40;;20160211-0024;C-P-ACC-01;M30;10XL00;EXTERIOR;Tronco;Superficie;Colisión de vehículos;Por alcance;2;2;;;;0;;;No;Densa;Mojado;P. Municipal;Si;No;Si;No;No;Lluvia;Buena;;Sin Restricción;;;V-1 / V-2;Colisión por alcance entre 2 vehículos ocupando el carril derecho hasta que Policía Municipal los traslada al arcén derecho del 09XL60. ;;;;;
11/02/2016;14:10;;20160211-0025;C-P-ACC-01;M30;07RU20;EXTERIOR;Ramal;Superficie;Salida de vía;Lateral;1;1;;;;0;;;No;Fluida;Mojado;P. Municipal y Bomberos;Si;No;Si;No;No;Buen Tiempo;Buena;;Sin Restricción;;;M-3;Accidente de 1 vehículo por salida de vía hacia el margen derecho. Sin heridos ni daños al patrimonio. Se corta el carril derecho sentido salida de la M-23 por seguridad.;;;Se corta el carril derecho desde las 14:15 h hasta las 14:25 h;;
11/02/2016;16:01;;20160211-0026;C-P-ACC-01;M30;01XC50;EXTERIOR;Tronco;Superficie;Colisión de vehículos;Por alcance;2;2;;;;0;;;No;Fluida;Mojado;P. Municipal;No;No;Si;No;No;Buen Tiempo;Buena;;Sin Restricción;;;V-1 / M-3;Accidente entre 2 vehículos por alcance, se encuentran ocupando el arcén derecho. Sin heridos ni daños al patrimonio.;;;;;
11/02/2016;18:50;;20160211-0032;C-P-ACC-01;M30;10XL30;EXTERIOR;Tronco;Superficie;Colisión de vehículos;Por alcance;2;2;;;;0;;;No;Congestionada;Seco y Limpio;;Si;No;No;No;No;Buen Tiempo;Buena;;Sin Restricción;;;V-1;Accidente entre 2 vehículos por alcance, se encuentran ocupando el carril derecho. Sin heridos ni daños al patrimonio.;;;Se corta el carril derecho desde las 18:53 h hasta las 19:35 h;;
12/02/2016;09:51;;20160212-0004;C-P-ACC-01;M30;31XC60;EXTERIOR;Tronco;Superficie;Colisión de vehículos;Por alcance;3;3;;;;0;;;No;Congestionada;Mojado;P. Municipal;No;No;Si;No;No;Lluvia;Buena;;Sin Restricción;;;V-2;Aviso desde el Centro de Control de un accidente en el PK 31+600 carril izquierdo, cuando llega el vigilante Policía Municipal ya había trasladado los vehículos implicados al arcén derecho del ramal 31RJ.;;;;;
12/02/2016;11:32;;20160212-0009; C-E-ACC-01;M30;22RE40;EXTERIOR;Ramal;Superficie;Vuelco;Contra mediana;1;1;;;1;1;;;No;Fluida;Mojado;P. Municipal y SAMUR;Si;No;Si;No;No;Lluvia;Buena;;Sin Restricción;;;M-1 / F-60;Accidente de 1 vehículo por vuelco en el ramal 22RE. 1 herido leve trasladado por el Samur al hospital.;;;Se corta medio carril del ramal 22RE desde las 11:51 h hasta las 12:40 h;;
12/02/2016;12:48;;20160212-0014;C-P-ACC-01;M30;23NC00;INTERIOR;Tronco;Superficie;Salida de vía;;1;1;;;;0;;;Si;Fluida;Mojado;P. Municipal;No;No;No;No;No;Lluvia;Buena;;Sin Restricción;;;V-2;Accidente de 1 vehículo por salida de vía , colisiona contra la bañera e hitos, sin heridos y se retira del punto por sus medios.;1 Bañera y 4 Hitos H75;;;;
12/02/2016;12:56;;20160212-0015;C-P-ACC-01;A4;04UT20;ENTRADA;Tronco;Superficie;Salida de vía;Contra mediana;1;1;;;;0;;;Si;Fluida;Mojado;P. Municipal;No;No;No;No;No;Lluvia;Buena;;Sin Restricción;;;M-1;Accidente de 1 vehículo por salida de vía , colisiona contra barreras, cuando llega el vigilante el vehículo implicado ya se había retirado. Policía Municipal facilita los datos.;5 Barreras, 5 CPN y 5 Separadores;;;;
12/02/2016;13:33;;20160212-016;T-P-ACC-01;M30;18RM23;EXTERIOR;Ramal;Túnel;Salida de vía;Lateral;1;1;;;;0;;;Si;Densa;Mojado;P. Municipal;Si;;;Si;;Lluvia;Buena;;Sin Restricción;;;AIAM Portugal;SALIDA DE VIA, SIN HERIDOS. SE CORTA CARRIL DERECHO. SIN DERRAMES. SE SOLICITA PLATAFORMA C10. ARAÑAZOS EN BORDILLO;;;;;
12/02/2016;13:33;;20160212-017;T-P-ACC-01;M30;14XL89;EXTERIOR;Tronco;Túnel;Colisión de vehículos;Por alcance;2;2;;;;0;;;No;Densa;Mojado;P. Municipal y SAMUR;Si;;;Si;;Lluvia;Buena;;Sin Restricción;;;AIAM Calderón;ALCANCE DE DOS VEHICULOS, CORTAMOS CARRIL DERECHO Y CARGAMOS UNO DE LOS DOS VEHICULOS IMPLICADOS Y LO RETIRAMOS AL EXTERIOR, EL OTRO SALE POR SUS MEDIOS;;;;;
12/02/2016;13:36;;20160212-0018;C-P-ACC-01;A2;04AT20;ENTRADA;Tronco;Superficie;Colisión de vehículos;Por alcance;2;2;;;;0;;;No;Densa;Mojado;P. Municipal;Si;No;Si;No;No;Lluvia;Buena;;Sin Restricción;;;V-2;Aviso desde el Centro de Control de un accidente, cuando llega el vigilante hay 2 vehículos implicados en el carril derecho, este permanece cortado hasta la retirada de dichos vehículos.;;;;;
12/02/2016;14:02;;20160212-0020;C-P-ACC-01;M30;08NL30;INTERIOR;VS;Superficie;Colisión de vehículos;Por alcance;2;2;;;;0;;;No;Congestionada;Mojado;P. Municipal;No;No;No;No;No;Lluvia;Buena;;Sin Restricción;;;M-1;Accidente entre 2 vehículos por alcance en el carril central, la Policía Municipal los traslada al arcén derecho. Sin heridos ni daños al patrimonio.;;;;;
12/02/2016;14:10;;20160212-0021;C-P-ACC-01;M30;07NL90;INTERIOR;VS;Superficie;Otros;;1;;1;;;0;;;No;Congestionada;Mojado;P. Municipal;No;No;Si;No;No;Lluvia;Buena;;Sin Restricción;;;V-1;Accidente de un motorista por caída, ocupa el arcén derecho hasta su retirada en su grúa. Sin heridos ni daños al patrimonio.;;;;;
12/02/2016;14:40;;20160212-0026;C-P-ACC-01;M30;12RH70;INTERIOR;Ramal;Superficie;Colisión de vehículos;Por alcance;2;2;;;;0;;;No;Congestionada;Mojado;P. Municipal;No;No;No;No;No;Lluvia;Buena;;Sin Restricción;;;M-2;Señalizar a 2 vehículos parados en el arcén derecho debido a un accidente entre ellos por alcance.;;;;;
12/02/2016;15:16;;20160212-028;T-P-ACC-01;M30;15XC85;EXTERIOR;Tronco;Túnel;Colisión de vehículos;Por alcance;2;2;;;;0;;;No;Fluida;Mojado;;Si;;No;No;No;Lluvia;Buena;;Sin Restricción;;;AIAM Calderón;Alcance entre 2 vehículos, se corta carril, se pasan los vehículos a carril derecho y salen por sus medios;;;;;
12/02/2016;15:50;;20160212-0032;;M30;12RV20;EXTERIOR;Ramal;Superficie;Salida de vía;;1;1;;;;1;;;Si;Densa;Mojado;P. Municipal;No;No;Si;No;No;Lluvia;Buena;;Sin Restricción;;;M-2;Señalizar los daños ocasionados por el accidente de un vehículo al salirse de la vía, este se retira del punto en su grúa.;6 Tramos de Barreras y 4 CPN;;;;
12/02/2016;15:55;;20160212-0031; C-E-ACC-01;M30;05XL60;EXTERIOR;VS;Superficie;Colisión de vehículos;Por alcance;4;4;;;4;4;;;No;Densa;Mojado;P. Municipal y SAMUR;Si;No;Si;No;No;Lluvia;Buena;;Sin Restricción;;;V-2;Accidente entre 4 vehículos por alcance que se encuentran ocupando el carril derecho. 4 heridos leves dados de alta en el punto.;;;Se corta el carril derecho desde las 16:10 h hasta las 17:10 h;;
12/02/2016;16:15;;20160212-0033;C-P-ACC-01;M30;06RH10;EXTERIOR;Ramal;Superficie;Colisión de vehículos;Por alcance;4;4;;;;0;;;No;Congestionada;Mojado;P. Municipal;No;No;Si;No;No;Lluvia;Buena;;Sin Restricción;;;V-1;Accidente entre 4 vehículos por alcance. Sin heridos ni daños al patrimonio.;;;;;
12/02/2016;16:20;;20160212-0034; C-E-ACC-01;M30;07NL30;INTERIOR;VS;Superficie;Colisión de vehículos;Por alcance;5;4;1;;1;1;;;No;Congestionada;Mojado;P. Municipal y SAMUR;Si;No;Si;No;No;Lluvia;Buena;;Sin Restricción;;;M-2;Señalizar a 5 vehículos parados en el carril izquierdo debido a un alcance entre ellos. Un motorista implicado resulta herido y trasladado por el Samur al hospital.;;;Se corta el carril izquierdo desde las 16:40 h hasta las 17:25 h;;
12/02/2016;17:10;;20160212-0036; C-E-ACC-01;A4;12RR00;ENTRADA;Ramal;Superficie;Salida de vía;Lateral;2;2;;;1;2;;;Si;Densa;Mojado;P. Municipal y SAMUR;Si;No;No;No;No;Lluvia;Buena;;Sin Restricción;;;V-1 / G-25;Accidente de 1 vehículo por salida de vía que colisiona contra las barreras y golpea a otro vehículo que circulaba en el mismo sentido. Fotos en la cámara del capataz.;4 Barreras y 2 CPN;;Se corta el carril desde las 17:10 h hasta las 17:50 h;;
12/02/2016;17:18;;20160212-0037; C-E-ACC-01;M30;10XL40;EXTERIOR;Tronco;Superficie;Colisión de vehículos;Por alcance;2;2;;;1;1;;;No;Densa;Mojado;P. Municipal y SAMUR;Si;No;No;No;No;Lluvia;Buena;;Sin Restricción;;;V-2;Accidente entre 2 vehículos por alcance que se encuentran ocupando el carril derecho. 1 herido leve dado de alta en el punto por el Samur.;;;Se corta el carril derecho desde las 17:37 h hasta las 17:53 h;;
12/02/2016;17:25;;20160212-0038;C-P-ACC-01;M30;10XL70;EXTERIOR;Tronco;Superficie;Colisión de vehículos;Lateral;2;1;1;;;0;;;No;Congestionada;Mojado;P. Municipal;Si;No;No;No;No;Lluvia;Buena;;Sin Restricción;;;M-2;Señalizar vehículo accidentado ocupando el carril derecho. Sin heridos ni daños al patrimonio.;;;Se corta el carril derecho desde las 17:35 h hasta las 17:45 h;;
12/02/2016;18:01;;20160212-0040;C-P-ACC-01;M30;04XL60;EXTERIOR;VS;Superficie;Colisión de vehículos;Por alcance;3;3;;;;0;;;No;Fluida;Mojado;P. Municipal;Si;No;Si;No;No;Lluvia;Buena;;Sin Restricción;;;V-2;Accidente entre 3 vehículos por alcance que se encuentran ocupando el carril derecho.;;;Se corta el carril derecho desde las 18:01 h hasta las 19:07 h;;
12/02/2016;18:30;;20160212-0041;C-P-ACC-01;M30;23NC00;INTERIOR;Tronco;Superficie;Salida de vía;;1;1;;;;0;;;Si;Congestionada;Mojado;P. Municipal y Bomberos;Si;No;Si;No;No;Lluvia;Buena;;Sin Restricción;;;M-2;Señalizar vehículo accidentado y los daños causados por este. Se cortan 2 carriles derechos que se abren progresivamente.;4 Barreras, 10 Hitos, 3 CPN y 1 Cola de pez;;Corte de carriles desde las 18:45 h hasta las 19:20 h;;
12/02/2016;19:10;;20160212-0042;C-P-ACC-01;M30;10NL90;INTERIOR;Tronco;Superficie;Colisión de vehículos;Por alcance;3;3;;;;0;;;No;Congestionada;Mojado;P. Municipal;No;No;No;No;No;Buen Tiempo;Buena;;Sin Restricción;;;V-1;Accidente entre 3 vehículos por alcance que se encuentran ocupando el arcén derecho.;;;;;
12/02/2016;19:16;;20160212-0043;C-P-ACC-01;M30;32RJ30;EXTERIOR;Ramal;Superficie;Colisión de vehículos;Por alcance;2;2;;;;0;;;No;Densa;Mojado;P. Municipal;No;No;Si;No;No;Lluvia;Buena;;Sin Restricción;;;V-2;Señalizar a 2 vehículos parados en el anchuron del lado derecho debido a un alcance entre ellos.;;;;;
12/02/2016;19:30;;20160212-0044; C-E-ACC-01;M30;22RV00;EXTERIOR;Ramal;Superficie;Vuelco;;1;1;;;1;1;;;Si;Congestionada;Mojado;P.M., SAMUR y Bomberos;Si;No;Si;No;No;Lluvia;Buena;;Sin Restricción;;;V-1 / M-2;Señalizar vehículo accidentado en el margen izquierdo. 1 herido leve trasladado por el Samur al hospital.;1 Bañera y 1 Hito;5 Kg de sepiolita gruesa y 2 bolsas;Corte del carril realizado desde las 19:35 h hasta las 20:45 h;;
12/02/2016;20:20;;20160212-0046;C-P-ACC-01;M30;02XL30;EXTERIOR;VS;Superficie;Colisión de vehículos;Por alcance;2;2;;;;0;;;No;Fluida;Mojado;P. Municipal;Si;No;No;No;No;Lluvia;Buena;;Sin Restricción;;;G-25;Accidente entre 2 vehículos por alcance ocupando el carril derecho.;;;;;
12/02/2016;20:42;;20160212-0047;C-P-ACC-01;M30;12RV00;EXTERIOR;Ramal;Superficie;Salida de vía;;1;1;;;;0;;;Si;Densa;Mojado;P. Municipal;Si;No;No;No;No;Lluvia;Buena;;Sin Restricción;;;V-2;Salida de vía en lado izquierdo, con daños al patrimonio, corto carril izquierdo.;6 barreras-6cpn-5separadores de barrera.;;;;
12/02/2016;21:27;;20160212-0048; C-E-ACC-01;M30;12RV00;EXTERIOR;Ramal;Superficie;Colisión de vehículos;Por alcance;2;2;;;;2;;;No;Fluida;Mojado;P. Municipal;Si;No;No;No;No;Lluvia;Buena;;Sin Restricción;;;V-2;Corto carril izquierdo por accidente.;;;;;
12/02/2016;21:58;;20160212-0049; C-E-ACC-01;M30;22XC50;EXTERIOR;Tronco;Superficie;Colisión de vehículos;Por alcance;2;2;;;1;1;;;No;Fluida;Mojado;P. Municipal y SAMUR;Si;No;Si;No;No;Lluvia;Buena;;Sin Restricción;;;V-1/V-2;Corto carril derecho por accidente, herido leve dado de alta en el lugar.;;;;;
12/02/2016;23:50;;20160212-0052; C-E-ACC-01;A3;08VA30;ENTRADA;VS;Superficie;Colisión de vehículos;Por alcance;2;1;;1;3;3;;;Si;Fluida;Mojado;P. Municipal y SAMUR;Si;Si;Si;No;No;Lluvia;Buena;;Sin Restricción;;;V-2;Aviso del Centro de Control de accidente, se corta carril izquierdo, los 3 heridos en el punto dados de alta, limpio mancha de aceite, vehículo 2;1 tramo de barrera;sepiolita gruesa;;;
13/02/2016;01:20;;20160213-0002;C-P-ACC-01;M30;32RA20;INTERIOR;Ramal;Superficie;Salida de vía;;1;1;;;;1;;;Si;Fluida;Mojado;P. Municipal y SAMUR;Si;No;No;No;Si;Lluvia;Buena;;Sin Restricción;;;V-2;Señalizar accidente vehículo se da contra muro de hormigón, se corta carril derecho, traslado del heridoal Gregorio Marañón, policía no sabe el número de poliza, ni seguro.;3 tramos de muro desplazado y partidos.;;;;
13/02/2016;05:10;;20160213-0004;;M30;03NL90;INTERIOR;VS;Superficie;Otros;;;;;;;0;;;Si;Fluida;Mojado;;No;No;No;No;No;Buen Tiempo;Buena;;Sin Restricción;;;V-1;Daños en malla y señal de ceda es paso y flecha tirada, hay un paragolpe con matrícula.;10 metros de malla, 1 señal ceda el paso, 2 soportes de malla y una señal de flecha.;;;;
13/02/2016;07:47;;20160213-0005;C-P-ACC-01;M30;31NC40;INTERIOR;Tronco;Superficie;Colisión de vehículos;Por alcance;2;2;;;1;1;;;No;Fluida;Mojado;P. Municipal y SAMUR;Si;No;Si;No;No;Lluvia;Buena;;Sin Restricción;;;V-2/V-1;Encuentro coche en carril central con policía lo pasamos al carril derecho, señalizo.;;3 bolsas;;;
13/02/2016;09:09;;20160213-0009;C-P-ACC-01;M30;22RE30;EXTERIOR;Ramal;Superficie;Salida de vía;;1;1;;;;0;;;No;Fluida;Mojado;P. Municipal;Si;No;No;No;No;Lluvia;Buena;;Sin Restricción;;;V-1;Vehículo se sale de vía.;;;;;
13/02/2016;09:29;;20160213-0011;C-P-ACC-01;M30;04RT20;INTERIOR;Ramal;Superficie;Salida de vía;;1;1;;;;0;;;Si;Fluida;Mojado;P. Municipal;No;No;Si;No;No;Lluvia;Buena;;Sin Restricción;;;V-2;Encuentro coche dando a la barrera con policía, lo ponemos en isleta, señalizo.;2 barreras.;;;;
13/02/2016;10:00;;20160213-0015;C-P-ACC-01;M30;32RA30;INTERIOR;Ramal;Superficie;Salida de vía;Por alcance;2;2;;;;0;;;Si;Fluida;Mojado;P. Municipal;Si;No;Si;No;No;Lluvia;Buena;;Sin Restricción;;;V-1;Vehículo se sale de vía. Colisionando contra muro, golpeando al otro vehículo que también colisiona contra muro.;1 tramo de muro desplazado con la pletina doblada.;;;;
13/02/2016;22:26;;20160213-031;T-P-ACC-01;M30;14RT19;INTERIOR;Ramal;Túnel;Salida de vía;Lateral;1;1;;;;0;;;Si;Fluida;Mojado;P. Municipal;No;;;Si;;Lluvia;Buena;;Sin Restricción;;;AIAM Calderón;SALIDA DE VIA GOLPEANDO AL BORDILLO IZQUEIRDO. SACAMOS AL VEHICULO A LA C/ ALEJANDRO DUMAS;;;;;
13/02/2016;23:45;;20160213-0033;C-P-ACC-01;M30;31RE20;INTERIOR;Ramal;Superficie;Colisión de vehículos;Por alcance;2;2;;;;0;;;Si;Fluida;Mojado;P. Municipal;Si;No;Si;No;No;Buen Tiempo;Buena;;Sin Restricción;;;V-2;Señalizar a 2 vehículos parados en el carril derecho debido a un accidente entre ellos por alcance.;3 tramos de barreras y 6 CPN.;;Se corta el carril derecho desde las 23:45 h hasta las 01:10 h;;
14/02/2016;03:49;;20160214-009;T-P-ACC-01;M30;18RN33;EXTERIOR;Ramal;Túnel;Salida de vía;Lateral;1;1;;;;0;;;No;Fluida;Mojado;P. Municipal;Si;;No;Si;No;Lluvia;Buena;;Sin Restricción;;;AIAM Portugal;SALIDA DE VIA SIN HERIDOS. COTAMOS CARRIL IZQUIERDO EL CONDUCTOR ES RETIRADO POR POLICIA MUNICIPAL RETIRAMOS EL VEHICULO CON C-10 AL ESCUADRON DE PUENTE DE LOS FRANCESES;;;;;
14/02/2016;12:02;;20160214-0015; C-E-ACC-01;A4;04UT80;ENTRADA;Tronco;Superficie;Salida de vía;;1;1;;;;1;;;Si;Fluida;Mojado;P. Municipal y SAMUR;Si;No;No;No;Si;Lluvia;Buena;;Sin Restricción;;;V-1;Accidente de 1 vehículo por salida de vía que colisiona contra las barreras. 1 herido sin pronosticar trasladado por el Samur al Hospital 12 de Octubre.;5 barreras, 4 CPN, 4 Separadores y 2 captafaros.;;Se corta medio carril derecho desde las 12:10 h;;
14/02/2016;12:08;;20160214-0016;C-P-ACC-01;M30;22RE30;EXTERIOR;Ramal;Superficie;Salida de vía;;1;1;;;;0;;;Si;Fluida;Seco y Limpio;P. Municipal;Si;No;Si;No;No;Buen Tiempo;Buena;;Sin Restricción;;;V-2;Accidente de 1 vehículo por salida de vía que colisiona contra la barandilla. Sin heridos.;2 tramos de barandilla.;;Se corta medio carril del ramal 22RE desde las 12:10 h hasta las 12:45 h;;
14/02/2016;12:23;;20160214-018;T-P-ACC-01;M30;18RM10;EXTERIOR;Ramal;Túnel;Salida de vía;Lateral;1;1;;;;0;;;Si;Fluida;Seco y Limpio;;Si;;No;No;No;Buen Tiempo;Buena;;Sin Restricción;;;;SALIDA DE VIA, COLISIONA CONTRA BORDILLO. SE LIMPIA VERTIDO CON SEPIOLITA AL LLEGAR AL PUNTO NO ESTA EL VEHICULO;;;;;
14/02/2016;23:14;;20160214-0030;;M30;31RJ00;EXTERIOR;Ramal;Superficie;Salida de vía;;1;1;;;;0;;;Si;Fluida;Seco y Limpio;;No;No;No;No;No;Buen Tiempo;Buena;;Sin Restricción;;;V-2;Daños sin controlar debido a un accidente por colision contra las barreras, en ellas se encuentran una placa de matricula incrustada (7202-BKD);3 tramos de barreras y 3 CPN.;;Foto de la matricula 7202-BKD en la camara (día 15-02-16);;
15/02/2016;01:25;;20160215-0001;C-P-ACC-01;M30;07RU20;EXTERIOR;Ramal;Superficie;Salida de vía;;1;1;;;;0;;;Si;Fluida;Mojado;P. Municipal;Si;No;Si;No;No;Buen Tiempo;Buena;;Sin Restricción;;;V-1;Señalizo salida de via sin heridos. Corto dos carriles derechos.;1CPN, 1 cola de pez;;corte de carriles 01:30 a 03:40;;
15/02/2016;07:22;;20160215-0006;C-P-ACC-01;M30;08XL00;EXTERIOR;VS;Superficie;Colisión de vehículos;Por alcance;2;2;;;;0;;;No;Densa;Seco y Limpio;;Si;No;;;;Buen Tiempo;Buena;;Sin Restricción;;;M-4;Accidente dos vehicuos en carril izquierdo.;;;corte carril: 07:12 a 07:31;;
15/02/2016;08:32;;20160215-010;T-E-ACC-01;M30;14XL99;EXTERIOR;Tronco;Túnel;Colisión de vehículos;Por alcance;2;2;;;;1;;;No;Densa;Seco y Limpio;P. Municipal y SAMUR;;;Si;No;Si;Buen Tiempo;Buena;;Sin Restricción;;;AIAM Calderón;COLISION POR ALCANCE 2 VEHICULOS. USUARIA TRASLADADA POR SAMUR PARA VALORACION Y SU VEHICULO RETIRADO POR MOVILIDAD. EL OTRO SALE POR SUS MEDIOS;;;;;
15/02/2016;08:48;;20160215-0011;C-P-ACC-01;M30;07XL80;EXTERIOR;VS;Superficie;Colisión de vehículos;Por alcance;2;1;;1;;0;;;No;Congestionada;Seco y Limpio;P. Municipal;No;No;;;;Buen Tiempo;Buena;;Sin Restricción;;;V-2/M-1;Accidente en carril izq. Policía los pasa al arcén drch.;;;;;
15/02/2016;09:25;;20160215-0013;C-P-ACC-01;M30;08XL50;EXTERIOR;VS;Superficie;Colisión de vehículos;Por alcance;3;3;;;;0;;;No;Densa;Seco y Limpio;P. Municipal;No;No;;;;Buen Tiempo;Buena;;Sin Restricción;;;M-4;Accidente 3 vehiculos por alcance, sin heridos;;;;;
15/02/2016;14:58;;20160215-0025;C-P-ACC-01;M30;06RM10;EXTERIOR;Ramal;Superficie;Colisión de vehículos;Por alcance;2;2;;;;0;;;No;Fluida;Seco y Limpio;;Si;No;Si;No;No;Buen Tiempo;Buena;;Sin Restricción;;;V-1;Colisión lateral entre vehiculos, sin heridos ni daños, carril derecho. A mi llegada al punto solo hay 1 vehiculo, corto carril derecho, hasta retirada de este por sus medios, una vez su asistencia cambia rueda.;;;corte carril :14:59 a 15:31;;
15/02/2016;18:02;;20160215-0030; C-E-ACC-01;M30;12RL60;EXTERIOR;Ramal;Superficie;Colisión de vehículos;Por alcance;2;1;1;;1;1;;;No;Fluida;Seco y Limpio;P. Municipal y SAMUR;SI;No;Si;No;No;Buen Tiempo;Buena;;Sin Restricción;;;V-1;Colisión alcance moto, coche, carril derecho, con heridos sin daños, se corta 1/2 carril derecho, hasta retirada de vehiculos. Samur atiende a usuario vehiculo 2 y traslada a 12 de octubre leve. Vehiculo 1 por sus medios, vehiculo 2 grua usuario.;;;corte carril 18:11 a 18:42;;
15/02/2016;21:25;;20160215-0040;C-P-ACC-01;M30;30XC40;EXTERIOR;Tronco;Superficie;Colisión de vehículos;Por alcance;2;2;;;;0;;;No;Fluida;Seco y Limpio;P. Municipal;Si;No;Si;No;No;Buen Tiempo;Buena;;Sin Restricción;;;V2;Colisión por alcance en el carril derecho;;;Corte carril derecho 21:28 a 22:17;;
16/02/2016;07:57;;20160216-0003; C-E-ACC-01;M30;03XC40;EXTERIOR;Tronco;Superficie;Colisión de vehículos;Lateral;4;4;;;;2;;;No;Densa;Seco y Limpio;P. Municipal y SAMUR;No;No;Si;No;No;Buen Tiempo;Buena;;Sin Restricción;;;M1 / V1 / V2 / M2;Accidente por alcance en arcén derecho.Sin daños al patrimonio;;;Corte carril derecho 18:31 a 19:16.;;
16/02/2016;08:20;;20160216-0005;C-P-ACC-01;M30;07XL00;EXTERIOR;VS;Superficie;Colisión de vehículos;Por alcance;2;2;;;;0;;;No;Densa;Seco y Limpio;P. Municipal;No;;No;No;No;Buen Tiempo;Buena;;Sin Restricción;;;V2;Accidente (de chapa) en carril izquierdo pero policía a pasa al arcén derecho.Señalizo.;;;Corte carril derecho 07:43 a 08:15;;
16/02/2016;18:23;;20160216-0024;C-P-ACC-01;M30;00XC50;EXTERIOR;Tronco;Superficie;Colisión de vehículos;Por alcance;3;3;;;;0;;;No;Congestionada;Seco y Limpio;P. Municipal;Si;;Si;No;No;Buen Tiempo;Buena;;Sin Restricción;;;V2;Aviso:Colisión de vehículos en margen derecho.;;;;;
17/02/2016;07:43;;20160217-0003;C-P-ACC-01;M30;32RJ20;EXTERIOR;Ramal;Superficie;Colisión de vehículos;Por alcance;2;2;;;;0;;;No;Congestionada;Seco y Limpio;P. Municipal;Si;;Si;No;No;Buen Tiempo;Buena;;Sin Restricción;;;V1/M4;Colisión de 2 vehículos en carril derecho;;;;;
17/02/2016;09:22;;20160217-0012;;M30;10NL70;INTERIOR;Tronco;Superficie;Colisión de vehículos;Por alcance;2;2;;;;1;;;No;Congestionada;Seco y Limpio;P. Municipal;Si;;Si;No;No;Buen Tiempo;Buena;;Sin Restricción;;;V1;Colisión de 2 vehículos en carril derecho.;;;Corte carril derecho 09:25 a 10:10;;
17/02/2016;09:29;;20160217-0014;C-P-ACC-01;M30;02NL40;INTERIOR;VS;Superficie;Colisión de vehículos;Por alcance;2;2;;;;0;;;No;Fluida;Seco y Limpio;;No;;No;No;No;Buen Tiempo;Buena;;Sin Restricción;;;M1;Alcance entre 2 vehículos en arcén derecho;;;;;
17/02/2016;09:43;;20160217-0015;;M30;10NL00;INTERIOR;Tronco;Superficie;Salida de vía;;1;;1;;;1;;;No;Congestionada;Seco y Limpio;P. Municipal y SAMUR;;;;;Si;Buen Tiempo;Buena;;Sin Restricción;;;M1;Caída de motorista en carril derecho.Trasladado al 12 de Octubre.;;;;;
17/02/2016;18:21;;20160217-0035;;M30;09NL00;INTERIOR;Tronco;Superficie;Colisión de vehículos;Por alcance;2;2;;;;0;;;No;Densa;Seco y Limpio;;Si;;;;;Buen Tiempo;Buena;;Sin Restricción;;;V1;Colisión alcance sin heridos ni daños. Carril izquierdo se corta carril izquierdo hasta la retirada de estos por sus medios,una vez terminan parte amistoso.;;;;;
17/02/2016;19:37;;20160217-039;T-P-ACC-01;M30;17NC27;INTERIOR;Tronco;Túnel;Colisión de vehículos;Por alcance;3;3;;;;0;;;No;Densa;Seco y Limpio;P. Municipal;;;Si;No;No;Buen Tiempo;Buena;;Sin Restricción;;;AIAM Calderón;Alcance entre vehículos, acudimos con c-13 y c-10, 2 vehículos salen por sus medios y el tercero lo retira su seguro;;;;;
17/02/2016;19:47;;20160217-0042;C-P-ACC-01;M30;03NL20;INTERIOR;VS;Superficie;Colisión de vehículos;Por alcance;2;2;;;;0;;;No;Fluida;Seco y Limpio;;No;;;;;Buen Tiempo;Buena;;Sin Restricción;;;V1;Colisión alcance sin heridos ni daños. Carril izquierdo se corta carril izquierdo hasta la retirada de estos por sus medios,una vez terminan parte amistoso.;;;;;
18/02/2016;08:33;;20160218-0007; C-E-ACC-01;M30;08RM40;EXTERIOR;Ramal;Superficie;Salida de vía;;1;;1;;;0;;;No;Densa;Seco y Limpio;P. Municipal;;;;;Si;Buen Tiempo;Buena;;Sin Restricción;;;M1;Caída de motorista sin contrario.Es trasladadon al Hospital Gregorio Marañon de carácter leve.;;;;;
18/02/2016;09:10;;20160218-0008;C-P-ACC-01;M30;10NL60;INTERIOR;Tronco;Superficie;Colisión de vehículos;Por alcance;4;4;;;;0;;;;Densa;Seco y Limpio;P. Municipal;;;;;;Buen Tiempo;Buena;;Sin Restricción;;;M4;Accidente por alcance de 4 vehículos.Policía los saca de la M-30 a Méndez Álvaro.;;;;;
18/02/2016;09:15;;20160218-0009;C-P-ACC-01;M30;19NC60;INTERIOR;Tronco;Superficie;Colisión de vehículos;Por alcance;2;1;1;;;0;;;No;Densa;Seco y Limpio;P. Municipal;;No;;;;Buen Tiempo;Buena;;Sin Restricción;;;V2;Accidente de (chapa) en carril derecho con policía los pasamos al arcén señalizar (toman datos y se marchan).;;;;;