Fecha;Hora;Día;Nº Incidencia;sitrem;Carretera;MC30;Calzada;Localización;Enlace;Tipo de accidente;Tipo de colisión;Nº Vehículos implicados;Nº Turismos;Nº Motocicletas;Nº vehículos pesados;H.L.;hl;hg;vm;Daños al mobiliario urbano;Circulación;Estado del Firme;Presencia Recursos Externos;Corte Carril;Vertido;Grúa usuario;Grúa Propia EMESA;Grúa Movilidad;Factores Atmosféricos;Visibilidad señalización;Señalización de Peligro;Visibilidad restringida por;Aceras;Árboles;Vehículos denominación;Descripción del accidente;Daños causados al viario;Materiales utilizados;Observaciones;;
18/02/2016;09:44;;20160218-0011;C-P-ACC-01;M30;31XC60;EXTERIOR;Tronco;Superficie;Colisión de vehículos;Por alcance;2;2;;;;0;;;No;Fluida;Mojado;P. Municipal;No;No;Si;No;No;Buen Tiempo;Buena;;Sin Restricción;;;V1;Accidente entre 2 vehículos por alcance en el carril izquierdo, cuando llega el vigilante solo se encuentra en el punto Policía Municipal y 1 vehículo implicado parado en el arcén derecho hasta que es retirado por su grúa. Sin heridos ni daños al patrimonio.;;;;;
18/02/2016;11:01;;20160218-0014;C-P-ACC-01;M30;12RL20;EXTERIOR;Ramal;Superficie;Colisión de vehículos;Por alcance;2;2;;;;0;;;No;Fluida;Mojado;;Si;No;No;No;No;Buen Tiempo;Buena;;Sin Restricción;;;V1;Accidente entre 2 vehículos por alcance ocupando el carril izquierdo hasta que se trasladan al arcén derecho. Sin heridos ni daños al patrimonio. Ambos vehículos se retiran por sus medios.;;;Cortado el carril izquierdo desde las 11:02 h hasta las 11:05 h;;
18/02/2016;14:20;;20160218-0022; C-E-ACC-01;M30;28XC50;EXTERIOR;Tronco;Superficie;Colisión de vehículos;Por alcance;2;2;;;;2;;;No;Densa;Mojado;P. Municipal y SAMUR;Si;No;Si;No;No;Buen Tiempo;Buena;;Sin Restricción;;;V2;Accidente entre 2 vehículos por alcance ocupando el carril izquierdo señalizado por Policía Municipal. 2 heridos trasladados al Hospital la Paz con pronostico reservado.;;;Cortado el carril izquierdo desde las 14:15 h hasta las 15:55 h;;
18/02/2016;15:00;;20160218-0024; C-E-ACC-01;M30;32RJ20;EXTERIOR;Ramal;Superficie;Colisión de vehículos;Por alcance;2;2;;;2;3;;;No;Congestionada;Mojado;P. Municipal y SAMUR;Si;No;Si;No;No;Lluvia;Buena;;Sin Restricción;;;M3;Accidente entre 2 vehículos por alcance ocupando el carril izquierdo con 2 heridos leves dados de alta en el punto. 1 vehículo retirado por su grúa del seguro.;;;Cortado el carril izquierdo desde las 15:00 h hasta las 16:20 h;;
18/02/2016;16:58;;20160218-0028;C-P-ACC-01;M30;12RL20;EXTERIOR;Ramal;Superficie;Salida de vía;;1;1;;;;0;;;No;Fluida;Seco y Limpio;P. Municipal;No;No;No;No;No;Buen Tiempo;Buena;;Sin Restricción;;;V1;Accidente de 1 vehículo por salida de vía que se retira del punto por sus medios. Sin heridos ni daños al patrimonio.;;;;;
18/02/2016;17:10;;20160218-0029;C-P-ACC-01;M30;00XC30;EXTERIOR;Tronco;Superficie;Colisión de vehículos;Por alcance;2;2;;;;0;;;No;Fluida;Seco y Limpio;P. Municipal;No;No;No;No;No;Buen Tiempo;Buena;;Sin Restricción;;;M3;Accidente entre 2 vehículos por alcance, uno de los vehículos implicados se dio a la fuga. Sin heridos ni daños al patrimonio.;;;;;
18/02/2016;19:20;;20160218-0035;C-P-ACC-01;M30;01XL50;EXTERIOR;VS;Superficie;Colisión de vehículos;Por alcance;2;2;;;;0;;;No;Densa;Seco y Limpio;P. Municipal;Si;No;Si;No;No;Buen Tiempo;Buena;;Sin Restricción;;;M3;Accidente entre 2 vehículos por alcance ocupando el carril derecho. Sin heridos ni daños al patrimonio.;;;Cortado el carril derecho desde las 19:20 h hasta las 19:43 h;;
18/02/2016;22:01;;20160218-0041; C-E-ACC-01;M30;29NC50;INTERIOR;Tronco;Superficie;Colisión de vehículos;Lateral;2;1;1;;1;1;;;No;Densa;Seco y Limpio;P. Municipal y SAMUR;Si;No;Si;No;No;Buen Tiempo;Buena;;Sin Restricción;;;V1 / V2;Accidente por alcance lateral entre un motorista y un turismo que se dio a la fuga según informa la Policía Municipal. Dicho motorista resulta herido leve, se corta el carril izquierdo en el PK 29+450 y el carril derecho en el PK 29+500.;;;Cortes de carriles realizados desde las 22:02 h hasta las 23:25 h;;
19/02/2016;02:52;;20160219-0002;C-P-ACC-01;M30;12NL10;INTERIOR;Tronco;Superficie;Salida de vía;;1;1;;;;0;;;Si;Fluida;Seco y Limpio;P. Municipal;Si;No;Si;No;No;Buen Tiempo;Buena;;Sin Restricción;;;V1 / V2;Accidente de un vehículo por salida de vía hacia el lado derecho causando daños al patrimonio. Se cortan 2 carriles derechos y se recogen los restos.;6 Barreras, 6 CPN y 5 Separadores de barreras;;Cortados 2 carriles derechos desde las 03:01 h hasta las 04:10 h;;
19/02/2016;08:47;;20160219-008;T-P-ACC-01;M30;15XL60;EXTERIOR;Tronco;Túnel;Colisión de vehículos;Por alcance;2;2;;;;0;;;No;;;;;;;;;;;;;;;AIAM Calderón;AVISO COLISION DOS VEHICULOS POR ALCANCE. REANUDAN LA MARCHA. SE ANULA INCIDENCIA ANTES DE SALIR DE BASE;;;;;
19/02/2016;09:02;;20160219-0010;;M30;10NL60;INTERIOR;Tronco;Superficie;Colisión de vehículos;Por alcance;2;2;;;;0;;;No;Congestionada;Seco y Limpio;P. Municipal;Si;No;No;No;No;Buen Tiempo;Buena;;Sin Restricción;;;V1;Accidente entre 2 vehículos por alcance ocupando el carril derecho que son sacados fuera de zona por el vigilante para la toma de datos, ambos vehículos reanudan la marcha por sus medios.;;;Cortado el carril derecho desde las 09:02 h hasta las 09:10 h;;
19/02/2016;10:15;;20160219-0015;;M30;32RJ40;EXTERIOR;Ramal;Superficie;Colisión de vehículos;Por alcance;2;1;1;;;0;;;No;Densa;Seco y Limpio;P. Municipal;Si;Si;Si;No;No;Buen Tiempo;Buena;;Sin Restricción;;;V2;Accidente entre 2 vehículos por alcance ocupando el carril izquierdo señalizados junto con Policía Municipal.;;Sepiolita gruesa y 2 bolsas;Cortado el carril izquierdo desde las 10:16 h hasta las 10:32 h;;
19/02/2016;10:36;;20160219-0018;C-P-ACC-01;M30;08NL60;INTERIOR;VS;Superficie;Colisión de vehículos;Por alcance;2;2;;;;0;;;No;Fluida;Seco y Limpio;P. Municipal;Si;No;Si;No;No;Buen Tiempo;Buena;;Sin Restricción;;;M1;Accidente entre 2 vehículos por alcance lateral ocupando el carril izquierdo. Sin heridos ni daños al patrimonio.;;;Cortado el carril izquierdo desde las 10:48 h hasta las 11:07 h;;
19/02/2016;13:35;;20160219-0021;C-P-ACC-01;M30;06XC50;EXTERIOR;Tronco;Superficie;Colisión de vehículos;Por alcance;2;1;1;;;0;;;No;Densa;Seco y Limpio;P. Municipal;Si;No;Si;No;No;Buen Tiempo;Buena;;Sin Restricción;;;V2;Accidente entre un turismo y un motorista ocupando el carril central y que son trasladados al carril derecho por Policía Municipal y el vigilante. Sin heridos ni daños al patrimonio.;;;Cortado el carril derecho desde las 13:50 h hasta las 14:30 h;;
19/02/2016;14:20;;20160219-0023;C-P-ACC-01;M30;09CT10;EXTERIOR;VS;Superficie;Colisión de vehículos;Por alcance;2;2;;;;0;;;No;Densa;Seco y Limpio;P. Municipal;No;No;Si;No;No;Buen Tiempo;Buena;;Sin Restricción;;;M-3;Accidente en arcén derecho sin heridos, los vehículos se reteriran  por sus medios.;;;;;
19/02/2016;14:23;;20160219-0024; C-E-ACC-01;M30;11XL20;EXTERIOR;Tronco;Superficie;Colisión de vehículos;Por alcance;2;2;;;;0;;;No;Fluida;Seco y Limpio;P. Municipal;Si;No;No;No;No;Buen Tiempo;Buena;;Sin Restricción;;;V-1;Colisión alcance lateral carril izquierdo, policía para tráfico y pasa vehículo al arcén derecho, corto 1/4 carril  hasta terminar estos por sus medios, una vez hacen parte amistoso.;;;;;
19/02/2016;15:40;;20160219-0027;C-P-ACC-01;M30;08NL30;INTERIOR;VS;Superficie;Colisión de vehículos;Por alcance;4;4;;;1;1;;;No;Densa;Seco y Limpio;P. Municipal y SAMUR;Si;No;Si;No;No;Buen Tiempo;Buena;;Sin Restricción;;;V-1;Colisión por alcance con heridos y sin daños carril central, a mi llegada policía municipal y nacional están pasando vehículos al carril derecho, corto carril derecho hasta que Samur atiende a usuario y lo traslada al gregorio marañón, vehículo 1 y 4 grúas seguro y vehículo 2 y 3 por sus medios.;;;;;
19/02/2016;17:14;;20160219-0033;C-P-ACC-01;M30;07NL20;INTERIOR;VS;Superficie;Colisión de vehículos;Por alcance;2;2;;;;0;;;No;Fluida;Seco y Limpio;P. Municipal;Si;No;No;No;No;Buen Tiempo;Buena;;Sin Restricción;;;V-1;Colisión por alcance carril izquierdo sin heridos ni daños, a mi llegada policía saca los vehículos a M23,se corta1/4 de carril  hasta retirada de estos por sus medios, una vez toman datos.;;;;;
19/02/2016;17:29;;20160219-0034; C-E-ACC-01;M30;00XC50;EXTERIOR;Tronco;superficie;Colisión de vehículos;;;;;;;0;;;No;Congestionada;Seco y Limpio;P. Municipal;;;;;;Buen Tiempo;Buena;;Sin Restricción;;;V-2;AVISO DE ACCIDENTE, AL LLEGAR POLICIA NOS DICE Q ME RETIRE;;;;;
19/02/2016;17:59;;20160219-0036;C-P-ACC-01;M30;12NL30;INTERIOR;Tronco;Superficie;Colisión de vehículos;Por alcance;2;2;;;;0;;;No;Fluida;Seco y Limpio;P. Municipal;Si;No;Si;No;No;Buen Tiempo;Buena;;Sin Restricción;;;V-1;Accidente entre 2 vehículos por alcance ocupando el carril derecho hasta que la Policía Municipal traslada dichos vehículos al arcen derecho quedando cortado 1/4 de carril. Uno de los vehículos implicados se retira por sus medios y el otro en su grúa.;;;Cortado el carril derecho desde las 18:00 h hasta las 18:42 h;;
19/02/2016;19:46;;20160219-038;T-P-ACC-01;M30;14RR07;EXTERIOR;Ramal;Túnel;Colisión de vehículos;Por alcance;2;2;;;;0;;;No;Fluida;Seco y Limpio;P. Municipal;;;;Si;;Buen Tiempo;Buena;;Sin Restricción;;;AIAM Calderón;alcance entre dos vehículos no cortamos carril no samur sacamos vehículo dos a la calle Alejandro López policía municipal se queda en isleta con vehículo 1;;;;;
20/02/2016;07:30;;20160220-0005;C-P-ACC-01;M30;32RJ40;EXTERIOR;Ramal;Superficie;Salida de vía;Frontal;1;1;;;;0;;;No;Fluida;Seco y Limpio;P. Municipal;Si;Si;Si;No;No;Buen Tiempo;Buena;;Sin Restricción;;;V-1 / V-2;Accidente de 1 vehículo por salida de vía ocupando el carril derecho. Sin heridos ni daños al patrimonio.;;Sepiolita gruesa y desengrasante;Cortado carril desde las 07:30 h hasta las 09:00 h;;
20/02/2016;11:19;;20160220-010;T-E-ACC-01;M30;16XC56;EXTERIOR;Tronco;Túnel;Colisión de vehículos;Por alcance;4;3;;1;;2;;;No;Fluida;;P. Municipal y SAMUR;;;Si;Si;Si;Buen Tiempo;Buena;;Sin Restricción;;;AIAM Portugal;Accidente de vehículos:señalizamos con bul c-15 tres de los pasajeros son trasladados al hospital sin pronostico, sacamos uno de los vehículos, el resto los retiran sus grúas y la grúa de movilidad;;;;;
20/02/2016;19:50;;20160220-0018;C-P-ACC-01;M30;12RA00;INTERIOR;Ramal;Superficie;Colisión de vehículos;Por alcance;2;1;;1;;0;;;No;Fluida;Seco y Limpio;P. Municipal;Si;No;No;No;No;Buen Tiempo;Buena;;Sin Restricción;;;V-1;Accidente entre un turismo y un autobus por alcance ocupando el lado derecho del ramal 12RA ocupando parte del carril. Sin heridos ni daños al patrimonio.;;;Cortado parte del carril del ramal 12RA desde las 19:50 h hasta las 20:15 h;;
21/02/2016;06:04;;20160221-003;T-P-ACC-01;M30;17XC25;EXTERIOR;Tronco;Túnel;Salida de vía;;1;1;;;;0;;;Si;Fluida;Seco y Limpio;P. Municipal;Si;;No;Si;No;Buen Tiempo;Buena;;Sin Restricción;;;AIAM Portugal;SALIDA DE VIA 18RH. DAÑOS EN BORDILLO Y 2 FOCOS EMERGENCIA HASTIAL IZQ. CORTAMOS CARRILS. SACAMOS AL EXTERIOR EL VEHICULO. EL RELEVO LIMPIA CRISTALESEN CALZADA. CORTE DESDE 7:59 A 8:15;;;;;
21/02/2016;06:27;;20160221-0004;C-P-ACC-01;M30;31RJ30;EXTERIOR;Ramal;Superficie;Salida de vía;Contra mediana;1;1;;;;0;;;No;Fluida;Seco y Limpio;P. Municipal;Si;No;Si;No;No;Buen Tiempo;Buena;;Sin Restricción;;;V-1;Accidente de 1 vehículo por salida de vía ocupando el carril derecho. Sin heridos ni daños al patrimonio.;;;Cortado el carril derecho desde las 06:29 h hasta las 07:00 h;;
21/02/2016;17:45;;20160221-0012;C-P-ACC-01;M11;32RE50;SALIDA;Ramal;Superficie;Salida de vía;Lateral;1;1;;;;0;;;Si;Fluida;Seco y Limpio;G. Civil;No;No;;No;No;Buen Tiempo;Buena;;Sin Restricción;;;V-2;Aviso de accidente, cuando llega el vigilante no hay ningún vehículo en el punto pero observa daños al patrimonio y desde Movilidad informan que dicho accidente fue atendido por la Guardia Civil.;2 Barreras y 2 CPN + separadores;;;;
21/02/2016;20:50;;20160221-0013;C-P-ACC-01;M30;11NL40;INTERIOR;Tronco;Superficie;Salida de vía;;1;1;;;;0;;;Si;Densa;Seco y Limpio;P. Municipal y Bomberos;Si;Si;Si;No;No;Buen Tiempo;Buena;;Sin Restricción;;;V-1 / V-2 / F-54;Accidente de 1 vehículo por salida de vía que produce daños al patrimonio en el lado derecho. La Policía Municipal activa a Bomberos para comprobar el estado del baculo de la farola dañada.;2 Barreras, 1 CPN y 1 Baculo completo de farola;;Cortado el carril derecho desde las 20:57 h hasta las 22:50 h;;
22/02/2016;01:36;;20160222-0004;;M30;02NL60;INTERIOR;VS;Superficie;Salida de vía;;1;1;;;;0;;;Si;Fluida;Seco y Limpio;;No;No;No;No;No;Buen Tiempo;Buena;;Sin Restricción;;;V-1 / V-2;Accidente con daños sin controlar en el lado derecho.;3 Barreras, 2 CPN y 2 Separadores;;;;
22/02/2016;19:28;;20160222-025;T-P-ACC-01;M30;14VE10;INTERIOR;VS;Túnel;Colisión de vehículos;Por alcance;2;2;;;;0;;;No;Congestionada;Seco y Limpio;P. Municipal;Si;;No;Si;No;Buen Tiempo;Buena;;Sin Restricción;;;AIAM Valencia;Alcance entre dos vehículos sin heridos uno abandona por sus medios y el otro (skoda) lo cargamos con f13 y sacamos al exterior;;;;;
22/02/2016;19:45;;20160222-0026; C-E-ACC-01;M30;00NC30;INTERIOR;Tronco;Superficie;Colisión de vehículos;Por alcance;2;1;1;;;0;;;No;Fluida;Seco y Limpio;;Si;No;Si;No;No;Buen Tiempo;Buena;;Sin Restricción;;;V-1;Accidente entre 2 vehículos por alcance ocupando el carril derecho. Sin heridos ni daños al patrimonio.;;;;;
22/02/2016;20:05;;20160222-0028;C-P-ACC-01;M30;02NC70;INTERIOR;Tronco;Superficie;Colisión de vehículos;Por alcance;3;3;;;;0;;;No;Fluida;Seco y Limpio;P. Municipal;No;No;Si;No;No;Buen Tiempo;Buena;;Sin Restricción;;;M-2;Accidente entre 3 vehículos por alcance ocupando el carril central y trasladados al arcén derecho hasta sus retiradas en grúa. Sin heridos ni daños al patrimonio.;;;;;
22/02/2016;20:10;;20160222-0029;C-P-ACC-01;M30;01XC50;EXTERIOR;Tronco;Superficie;Colisión de vehículos;Por alcance;2;2;;;;0;;;No;Fluida;Seco y Limpio;;No;No;No;No;No;Buen Tiempo;Buena;;Sin Restricción;;;V-2;Aviso de Centro de Control de colisión de vehículos por alcance en arcén derecho hasta retirada deestos por grúa propia.;;;;;
22/02/2016;20:20;;20160222-0030;C-P-ACC-01;M30;12NL60;INTERIOR;Tronco;Superficie;Colisión de vehículos;Por alcance;2;2;;;;0;;;No;Fluida;Seco y Limpio;P. Municipal;No;No;Si;No;No;Buen Tiempo;Buena;;Sin Restricción;;;V-1;Accidente en arcén derecho sin heridos.;;;;;
23/02/2016;07:53;;20160223-0005;C-P-ACC-01;M30;04NL00;INTERIOR;VS;Superficie;Colisión de vehículos;Por alcance;5;5;;;1;2;;;No;Congestionada;Seco y Limpio;P. Municipal y SAMUR;Si;Si;Si;No;No;Buen Tiempo;Buena;;Sin Restricción;;;V-1;Accidente en carril central y derecho, un herido trasladado leve(vehículo 4);;;;;
23/02/2016;08:13;;20160223-007;T-P-ACC-01;M30;15NC91;INTERIOR;Tronco;Túnel;Colisión de vehículos;Por alcance;2;2;;;;0;;;No;Densa;Seco y Limpio;;;;;;;Buen Tiempo;Buena;;Sin Restricción;;;;PEQUEÑO ALCANCE ENTRE DOS VEHICULOS, SALEN POR SUS MEDIOS;;;;;
23/02/2016;08:25;;20160223-0008;C-P-ACC-01;M607;11OL70;SALIDA;Tronco;Superficie;Colisión de vehículos;Por alcance;2;2;;;;0;;;No;Congestionada;Seco y Limpio;G. Civil y SAMUR;Si;No;Si;No;No;Buen Tiempo;Buena;;Sin Restricción;;;V-2;Alcance entre vehículos en carril izquierdo.;;;;;
23/02/2016;08:37;;20160223-0009;C-P-ACC-01;M30;28NC00;INTERIOR;Tronco;Superficie;Colisión de vehículos;Por alcance;2;2;;;;0;;;No;;Seco y Limpio;P. Municipal;Si;No;Si;No;No;Buen Tiempo;Buena;;Sin Restricción;;;M-1;Accidente por alcance en carril izquierdo, sin daños ni heridos.;;;;;
23/02/2016;15:45;;20160223-0021;C-P-ACC-01;M30;01NC00;INTERIOR;Tronco;superficie;Colisión de vehículos;Lateral;2;1;;1;;0;;;No;Densa;Seco y Limpio;P. Municipal;Si;No;No;No;Si;Buen Tiempo;Buena;;Sin Restricción;;;M3/V1;Accidente sin heridos en el carril derecho;;;;;
24/02/2016;08:00;;20160224-0003;C-P-ACC-01;M30;08NC60;INTERIOR;Tronco;superficie;Colisión de vehículos;Mediana;1;1;;;;0;;;No;Fluida;Seco y Limpio;;Si;;Si;No;No;Buen Tiempo;Buena;;Sin Restricción;;;V1;Vehículo parado en arcen izquierdo, colisona contra mediana corto parte del carril. Sin daños, ni heridos.;;;;;
24/02/2016;09:30;;20160224-0007;C-P-ACC-01;M30;19NC40;INTERIOR;Tronco;Superficie;Colisión de vehículos;Por alcance;3;3;;;;0;;;No;Congestionada;Seco y Limpio;P. Municipal;Si;No;Si;No;No;Buen Tiempo;Buena;;Sin Restricción;;;V2;Alcance entre vehículos en carril izquierdo.Con ayuda de policía se llevan al arcén derecho.;;;Corte 09:30 a 09:40 carril izq;;
24/02/2016;10:45;;20160224-0012;C-P-ACC-01;M30;28NC50;INTERIOR;Tronco;Superficie;Colisión de vehículos;Por alcance;2;2;;;;0;;;No;Densa;Seco y Limpio;P. Municipal;Si;No;No;No;No;Buen Tiempo;Buena;;Sin Restricción;;;V2;Alcance entre vehículos en carril central.Policía lo saca afuera.;;;Corte 10:50 a 10:55;;
24/02/2016;15:36;;20160224-019;T-E-ACC-01;M30;14VE20;INTERIOR;VS;Túnel;Colisión de vehículos;Por alcance;3;3;;;1;2;;;Si;Densa;Seco y Limpio;P. Municipal y SAMUR;;;No;Si;No;Buen Tiempo;Buena;;Sin Restricción;;;AIAM Calderón;Accidente lateral entre 3 vehiculos, el que lo provoca se da a la fuga, los cargamos con C-10 y F-13 y los sacamos al exterior.;;;;;
24/02/2016;15:50;;20160224-0020;C-P-ACC-01;M30;08NL30;INTERIOR;VS;Superficie;Colisión de vehículos;Por alcance;3;3;;;;0;;;No;Fluida;Seco y Limpio;P. Municipal;Si;No;No;No;No;Buen Tiempo;Buena;;Sin Restricción;;;M3/V1;Accidente en carril derecho.Sin heridos.Los vehículos se retiran por sus medios.;;;Corte 15:50 a 16:00;;
24/02/2016;17:45;;20160224-0023;C-P-ACC-01;M607;12OL50;SALIDA;Tronco;Superficie;Otros;;1;1;;;;0;;;No;Fluida;Seco y Limpio;;Si;;No;No;No;Buen Tiempo;Buena;;Sin Restricción;;;M2;señalizar vehículo con hito debajo.Llega el marido retira el hito y se retiran.;;;Corte 17:45 a 17:55;;
24/02/2016;18:20;;20160224-0025;C-P-ACC-01;M30;10NL60;INTERIOR;Tronco;Superficie;Colisión de vehículos;Por alcance;3;3;;;;0;;;No;Densa;Seco y Limpio;P. Municipal;Si;;No;No;No;Buen Tiempo;Buena;;Sin Restricción;;;V1;Señalizo colisión de vehículos por alcance sin heridos.;;;Corte carril derecho 18:20 a 18:45;;
24/02/2016;19:02;;20160224-027;T-P-ACC-01;M30;15RV34;INTERIOR;Ramal;Túnel;Salida de vía;;1;1;;;;0;;;Si;Fluida;Seco y Limpio;P. Municipal;;;;;;Buen Tiempo;Buena;;Sin Restricción;;;AIAM Calderón;El vehículo ha impactado contra bordillo de hastial derecho. Quedando atravesado el ramal, cortamos ramal, sin heridos.;;;;;
24/02/2016;21:10;;20160224-0032;C-P-ACC-01;A4;12RR20;ENTRADA;Ramal;Superficie;Colisión de vehículos;Por alcance;2;2;;;;0;;;No;Fluida;Mojado;P. Municipal;No;;Si;No;No;Buen Tiempo;Buena;;Sin Restricción;;;V1/V2/V1;Señalizo colisión de vehículos por alcance sin heridos.;;;;;
25/02/2016;12:05;;20160225-0016; C-E-ACC-01;M30;12RL50;EXTERIOR;Ramal;Superficie;Colisión de vehículos;Por alcance;2;2;;;1;1;;;No;Densa;Seco y Limpio;P. Municipal y SAMUR;Si;;No;No;No;Buen Tiempo;Buena;;Sin Restricción;;;V1;Accidente en carril izquierdo.Herido leve,dado de alta en el punto.;;;Corte 12:10 a 12:45;;
25/02/2016;19:32;;20160225-0033;;M30;10XL70;EXTERIOR;Tronco;Superficie;Otros;;1;;1;;;0;;;No;Fluida;Seco y Limpio;;No;No;Si;No;No;Buen Tiempo;Buena;;Sin Restricción;;;M3;Caída de motorista en carril derecho.Retiramos veh a la isleta.Sin heridos.Vehículo retirado por su grúa.;;;;;
25/02/2016;21:35;;20160225-0036; C-E-ACC-01;M30;06NC60;INTERIOR;Tronco;Superficie;Colisión de vehículos;Por alcance;2;2;;;1;3;;;No;Fluida;Seco y Limpio;P. Municipal y SAMUR;Si;No;No;No;Si;Buen Tiempo;Buena;;Sin Restricción;;;V2/V2;;;;Corte 21:46 a 23:25;;
25/02/2016;22:43;;20160225-0038; C-E-ACC-01;M30;05NC90;INTERIOR;Tronco;Superficie;Colisión de vehículos;Por alcance;2;2;;;1;1;;;No;Densa;Seco y Limpio;P. Municipal y SAMUR;Si;;Si;No;No;Buen Tiempo;Buena;;Sin Restricción;;;V1;Colisión de 2 vehículos en transfer.El herido dado de alta en el lugar.;;;Corte transfer 06CL 22:43 a 23:28;;
26/02/2016;15:42;;20160226-0016;C-P-ACC-01;M30;21NC90;INTERIOR;Tronco;Superficie;Colisión de vehículos;Por alcance;5;5;;;1;1;;;No;Congestionada;Seco y Limpio;P. Municipal y SAMUR;Si;No;Si;No;No;Buen Tiempo;Buena;;Sin Restricción;;;V2;Aviso del CCT de accidente.Colisión de 5 vehículos carril derecho.Limpian aceite en la calzada.Herido atendido en el punto.;;Desengrasante;Corte 15:55 a 16:30;;
26/02/2016;16:55;;20160226-0017;C-P-ACC-01;M23;99KL20;SALIDA;Tronco;Superficie;Colisión de vehículos;Por alcance;1;1;;;;0;;;Si;Densa;Seco y Limpio;P. Municipal;;;Si;No;No;Buen Tiempo;Buena;;Sin Restricción;;;V1;Señalizp salida de vía sin heridos.Con daños al patrimonio.;1 Pk 0+200 señal tirada;;;;
26/02/2016;21:53;;20160226-0028;C-P-ACC-01;M30;04RC10;INTERIOR;Ramal;Superficie;Salida de vía;Contra mediana;1;1;;;;0;;;No;Fluida;Mojado;P. Municipal;;;Si;No;No;Lluvia;Buena;;Sin Restricción;;;V2;Señalizar vehículo (salida de vía) choca contra el muro izquierdo.Limpio los restos.;;;;;
26/02/2016;23:20;;20160226-0030;C-P-ACC-01;M30;29NC90;INTERIOR;Tronco;Superficie;Colisión de vehículos;Por alcance;2;2;;;;0;;;No;Fluida;Mojado;P. Municipal;Si;Si;Si;No;No;Lluvia;Buena;;Sin Restricción;;;V2;Accidente en carril cen tral señalizo con policía (se lo encuentra F64);;3 Kg sepiolita gruesa - 2 Bolsas;Corte carril derecho y central 23:30 a 00:10.;;
27/02/2016;04:04;;20160227-0004;C-P-ACC-01;M30;10XL60;EXTERIOR;Tronco;Superficie;Salida de vía;;1;1;;;;0;;;Si;Fluida;Mojado;P. Municipal;Si;;No;No;Si;Lluvia;Buena;;Sin Restricción;;;V1/V2;Vehículo se sale de vía colisionando contra barrera.No ocupantes vehículo.;3 Barreras, 2 CPN de doble barrera y 2 Captafaros.;;Corte 04:19 a 04:50;;
27/02/2016;08:51;;20160227-0007;C-P-ACC-01;M30;23NC00;INTERIOR;Tronco;Superficie;Salida de vía;Lateral;1;1;;;;0;;;No;Fluida;Mojado;P. Municipal y P. Nacional;Si;;Si;No;No;Buen Tiempo;Buena;;Sin Restricción;;;V2;Salida de vía en carril izquierdo.etiramos con olicía al arcén derecho.;;;Corte carril izquierdo 08:51 a 09:00;;
27/02/2016;14:59;;20160227-017;T-P-ACC-01;M30;14VE10;INTERIOR;VS;Túnel;Colisión de vehículos;Por alcance;2;2;;;;0;;;No;Fluida;Seco y Limpio;;;;No;Si;No;Buen Tiempo;Buena;;Sin Restricción;;;AIAM Calderón;De regreso a base,encontramos dos vehiculos accidentados por alcance en P.K 14VE10 el primero abandona el punto por sus medios y al segundo le sacamos al exterior con F-12;;;;;
28/02/2016;02:20;;20160228-0002;C-P-ACC-01;M30;08RM30;EXTERIOR;Ramal;Superficie;Salida de vía;;1;1;;;;0;;;Si;Fluida;Seco y Limpio;P. Municipal;No;;Si;No;No;Buen Tiempo;Buena;;Sin Restricción;;;V1;Vehículo que se sale de la vía causando daños al patrimonio;2 m de malla y 8 postes;;;;
28/02/2016;14:45;;20160228-0005; C-E-ACC-01;M30;06RE00;INTERIOR;Ramal;Superficie;Colisión de vehículos;Lateral;2;2;;;;1;;;Si;Fluida;Seco y Limpio;P.M., SAMUR y Bomberos;Si;;Si;No;No;Buen Tiempo;Buena;;Sin Restricción;;;V2;Colisión lateralde vehículos con daños y heridos.;1 Barrera;;Corte total 06RL 15:00 - 15:15 Corte carril dcho 15:00 a 16:34;;
28/02/2016;17:44;;20160228-007;T-E-ACC-01;A5;04FT84;ENTRADA;Tronco;Túnel;Colisión de vehículos;Por alcance;2;1;;1;;0;;;No;Densa;Seco y Limpio;P. Municipal y SAMUR;;;No;Si;No;Buen Tiempo;Buena;;Sin Restricción;;;AIAM Portugal;Colisión 2 vehículos x alcance. Cortamos 2 carriles. Samur no traslada a ninguna víctima. Llevamos los vehículos al escuadrón de policía x orden de policía con la c-10 y f-11;;;;;
28/02/2016;18:27;;20160228-008;T-P-ACC-01;M30;18RA66;INTERIOR;Ramal;Túnel;Salida de vía;;1;1;;;;0;;;No;Fluida;Seco y Limpio;P. Municipal;;;Si;No;No;Buen Tiempo;Buena;;Sin Restricción;;;AIAM Portugal;SALIDA DE VIA DE UN VEHICULO DE POLICIA NACIONAL. ES RETIRADO POR SU GRUA. DAÑOS EN BORIDLLO;;;;;
29/02/2016;06:49;;20160229-002;T-P-ACC-01;M30;18RH20;EXTERIOR;Ramal;Túnel;Salida de vía;                                                                                                                                                                                                                                                                                                                   ;1;1;;;;0;;;Si;Densa;Seco y Limpio;P. Municipal;;;Si;No;No;Buen Tiempo;Buena;;Sin Restricción;;;AIAM Portugal;SALIDA DE VIA CONTRA EL BORDILLO. LOS 4 OCUPANTES HAN SALIDO PO SE. EL VEHICULO ES RETIRADO POR LA GRUA DEL USUARIO;;;;;