Fecha;Hora;Día;Nº Incidencia;sitrem;Carretera;MC30;Calzada;Localización;Enlace;Tipo de accidente;Tipo de colisión;Nº Vehículos implicados;Nº Turismos;Nº Motocicletas;Nº vehículos pesados;H.L.;hl;hg;vm;Daños al mobiliario urbano;Circulación;Estado del Firme;Presencia Recursos Externos;Corte Carril;Vertido;Grúa usuario;Grúa Propia EMESA;Grúa Movilidad;Factores Atmosféricos;Visibilidad señalización;Señalización de Peligro;Visibilidad restringida por;Aceras;Árboles;Vehículos denominación;Descripción del accidente;Daños causados al viario;Materiales utilizados;Observaciones;;
05/04/2016;01:43;;20160405-0001;C-P-ACC-01;M30;32RA50;INTERIOR;Ramal;Superficie;Salida de vía;Lateral;1;;;;;0;;;No;Fluida;Mojado;P. Municipal;Si;No;Si;No;No;Lluvia;Buena;;Sin Restricción;;;V-2/V-1;Encuentro coche en carril derecho, después de golpear el muro en lado izquierdo.;;;;;
05/04/2016;07:30;;20160405-0004;C-P-ACC-01;M30;00XC80;EXTERIOR;Tronco;Superficie;Colisión de vehículos;Por alcance;2;2;;;;0;;;No;Densa;Seco y Limpio;;No;No;No;No;No;Buen Tiempo;Buena;;Sin Restricción;;;M-4;Accidente por alcance 2 vehículos implicados, sin heridos, reanudan la marcha por sus medios.;;;;;
05/04/2016;14:30;;20160405-0024; C-E-ACC-01;M30;07XL20;EXTERIOR;VS;Superficie;Colisión de vehículos;Lateral;2;1;1;;1;0;1;;No;Densa;Seco y Limpio;P. Municipal y SAMUR;Si;Si;Si;No;No;Buen Tiempo;Buena;;Sin Restricción;;;V-1;Accidente por alcance entre un turismo y un motorista, 1 herido leve trasladado al Hospital Gregorio Marañon. Sin daños al patrimonio. Limpieza de restos.;;;Cortado el carril izquierdo desde las 14:41 h a las 13:50 h;;
05/04/2016;14:47;;20160405-0025; C-E-ACC-01;M30;32RJ00;EXTERIOR;Ramal;Superficie;Colisión de vehículos;Por alcance;2;2;;;1;2;;;No;Densa;Seco y Limpio;P. Municipal y SAMUR;No;No;No;No;No;Buen Tiempo;Buena;;Sin Restricción;;;M-3;Accidente por alcance entre 2 vehículos ocupando el arcen izquierdo, 1 herido leve trasladado al Hospital La Paz. Sin daños al patrimonio.;;;;;
05/04/2016;15:50;;20160405-0026;C-P-ACC-01;M30;07XC20;EXTERIOR;Tronco;Superficie;Colisión de vehículos;Por alcance;3;3;;;;0;;;No;Densa;Seco y Limpio;P. Municipal;Si;No;Si;No;No;Buen Tiempo;Buena;;Sin Restricción;;;V-1;Accidente por alcance entre 3 vehículos ocupando el carril derecho. Sin daños al patrimonio ni heridos. Dos vehículos se retiram por sus medios y el tercero en su grúa del seguro.;;;Cortado el carril derecho desde las 15:50 h a las 16:15 h;;
05/04/2016;17:00;;20160405-0031;C-P-ACC-01;M30;03XL30;EXTERIOR;VS;Superficie;Colisión de vehículos;Por alcance;2;2;;;;0;;;No;Densa;Seco y Limpio;P. Municipal;Si;No;No;No;No;Buen Tiempo;Buena;;Sin Restricción;;;V-1;Accidente por alcance entre 2 vehículos ocupando el carril derecho hasta que Policía Municipal los trasladada al arcén derecho. Sin daños al patrimonio ni heridos. Ambos vehículos se retiran por sus medios.;;;Cortado el carril derecho desde las 17:08 h a las 17:22 h;;
05/04/2016;18:46;;20160405-0037;C-P-ACC-01;M30;11NL50;INTERIOR;Tronco;Superficie;Colisión de vehículos;Por alcance;2;2;;;;0;;;No;Densa;Seco y Limpio;P. Municipal;Si;No;Si;No;No;Buen Tiempo;Buena;;Sin Restricción;;;V-1 / AIAM Calderón;Accidente por alcance entre 2 vehículos ocupando el carril izquierdo hasta que Policía Municipal los trasladada al carril derecho. Sin daños al patrimonio ni heridos. Uno de los vehículos implicados se retira por sus medios y el otro en su grúa del seguro.;;;Cortado el carril derecho desde las 18:55 h a las 19:15 h;;
05/04/2016;19:45;;20160405-0040; C-E-ACC-01;M30;03NL60;INTERIOR;VS;Superficie;Colisión de vehículos;Por alcance;3;3;;;1;1;;;No;Densa;Seco y Limpio;P. Municipal y SAMUR;No;No;No;No;No;Buen Tiempo;Buena;;Sin Restricción;;;M-3;Accidente por alcance entre 3 vehículos ocupando el carril central hasta que son trasladados al arcén derecho. 1 herido leve dado de alta en el punto por el Samur.;;;;;
06/04/2016;08:15;;20160406-0006; C-E-ACC-01;M30;31NC50;INTERIOR;Tronco;Superficie;Colisión de vehículos;Lateral;3;1;1;1;;1;;;No;Congestionada;Seco y Limpio;P. Municipal y SUMMA;Si;No;No;No;Si;Buen Tiempo;Buena;;Sin Restricción;;;V-2;Accidente por alcance en carriles izquierdos entre un turismo, un camión y un motorista, este último resulta herido y trasladado por el SUMMA al hospital sin pronosticar. ;;;Cortados 2 carriles izquierdos desde las 08:15 h a las 09:03 h;;
06/04/2016;17:23;;20160406-0020;C-P-ACC-01;M30;00XC80;EXTERIOR;Tronco;Superficie;Colisión de vehículos;Lateral;2;1;;1;;0;;;No;Densa;Seco y Limpio;;Si;No;No;No;No;Buen Tiempo;Buena;;Sin Restricción;;;V-1;Accidente por alcance entre un turismo y un camión ocupando el carril derecho. Sin heridos ni daños al patrimonio, ambos vehículos se retiran por sus medios.;;;Cortado el carril derecho desde las 07:23 h a las 17:40 h;;
06/04/2016;17:47;;20160406-0021;C-P-ACC-01;M607;09OL10;SALIDA;Tronco;Superficie;Colisión de vehículos;Por alcance;2;2;;;;0;;;No;Densa;Seco y Limpio;P. Municipal;Si;No;No;No;No;Buen Tiempo;Buena;;Sin Restricción;;;V-2;Accidente por alcance entre 2 turismos ocupando el carril izquierdo hasta que Policía Municipal los retira por sus medios fuera de límites. Sin heridos ni daños al patrimonio.;;;Cortado el carril izquierdo desde las 17:47 h a las 17:58 h;;
06/04/2016;19:13;;20160406-0025; C-E-ACC-01;M30;28XC50;EXTERIOR;Tronco;Superficie;Colisión de vehículos;Por alcance;2;1;1;;1;1;;;No;Fluida;Seco y Limpio;P. Municipal y SAMUR;Si;No;Si;No;No;Buen Tiempo;Buena;;Sin Restricción;;;V-2;Accidente por alcance entre una furgoneta y un motorista, este último resulta herido leve y trasladado al hospital. Sin heridos ni daños al patrimonio.;;;Cortado el carril derecho desde las 19:25 h a las 20:16 h;;
07/04/2016;10:15;;20160407-0009;C-P-ACC-01;M30;07NL90;INTERIOR;VS;Superficie;Colisión de vehículos;Lateral;2;2;;;;0;;;No;Fluida;Seco y Limpio;;Si;No;No;No;No;Buen Tiempo;Buena;;Sin Restricción;;;V1;Colisión lateral entre camión y vehículo, sin heridos ni daños en carril derecho. Corto carril derecho hasta que hacen parte amistoso, abandonando por sus medios ambos. ;;;;;
07/04/2016;11:19;;20160407-0012;C-P-ACC-01;M30;11NL30;INTERIOR;Tronco;Superficie;Colisión de vehículos;Por alcance;2;2;;;2;2;;;Si;Congestionada;Seco y Limpio;P. Municipal y SAMUR;Si;No;;;;Buen Tiempo;Buena;;Sin Restricción;;;V1;Colisión entre camión y vehículo con heridos y daños. Vehiculo 1 en carril derecho del 12RH (con Policía se pasa al carril derecho del NL, donde se encuentra el vehículo 2). Corto carril derecho del 11NL20 hasta que SAMUR atiende y traslada a 2 usuarios del vehículo 2 en estado leve;7 bases, 7 hitos, 1 bañera, 1 amortiguador y 1 barrera;;;;
07/04/2016;12:33;;20160407-0014;C-P-ACC-01;M30;11NL20;INTERIOR;Tronco;Superficie;Colisión de vehículos;Por alcance;2;2;;;;0;;;No;Fluida;Seco y Limpio;;No;No;No;No;No;Buen Tiempo;Buena;;Sin Restricción;;;V1;Pequeña colisión alcance sin heridos ni daños en isleta. Terminan parte amistoso y abandonan por sus medios.;;;;;
07/04/2016;12:39;;20160407-0015;C-P-ACC-01;M30;31NC70;INTERIOR;Tronco;Superficie;Colisión de vehículos;Por alcance;3;3;;;;0;;;No;Densa;Seco y Limpio;P. Municipal;Si;No;Si;No;No;Buen Tiempo;Buena;;Sin Restricción;;;V2;Colisión por alcance sin heridos. Corte de carril derecho;;;;;
07/04/2016;12:44;;20160407-0017;C-P-ACC-01;M30;10NL70;INTERIOR;Tronco;Superficie;Colisión de vehículos;Por alcance;2;2;;;;0;;;No;Fluida;Seco y Limpio;;Si;No;No;No;No;Buen Tiempo;Buena;;Sin Restricción;;;V1;Pequeña colisión alcanse sin heridos ni daños. Pasamos vehículo al jardin hasta que terminan parte y abandonan por sus medios. ;;;;;
07/04/2016;14:26;;20160407-0020;C-P-ACC-01;M30;00NC20;INTERIOR;Tronco;Superficie;Colisión de vehículos;Por alcance;2;2;;;;0;;;No;Fluida;Seco y Limpio;P. Municipal;Si;No;Si;No;No;Buen Tiempo;Buena;;Sin Restricción;;;V1;Señalizar accidente por alcance en carril central sin daños a patrimonio, ni heridos. El vehículo 1 se retira por sus medios y el 2 en su grúa propia;;;;;
07/04/2016;18:39;;20160407-0026;C-P-ACC-01;M30;10NL70;INTERIOR;Tronco;Superficie;Colisión de vehículos;Por alcance;2;2;;;;0;;;No;Densa;Seco y Limpio;P. Municipal;Si;No;No;No;No;Buen Tiempo;Buena;;Sin Restricción;;;V1;Señalizar accidente por alcance en carril derecho, sin daños a patrimonio ni heridos. Policía lo retira a glorieta de Méndez álvaro. Los vehículos se retiran por sus medios;;;;;
07/04/2016;19:27;;20160407-0029;C-P-ACC-01;M30;03NC60;INTERIOR;Tronco;Superficie;Colisión de vehículos;Por alcance;2;2;;;;0;;;No;Densa;Seco y Limpio;P. Municipal;No;No;Si;No;No;Buen Tiempo;Buena;;Sin Restricción;;;M3  ;Accidente en arcén derecho;;;;;
07/04/2016;20:15;;20160407-0030; T-E-ACC-01;M30;15NL64;INTERIOR;Tronco;Túnel;Colisión de vehículos;Por alcance;2;2;;;1;1;;;No;Congestionada;Seco y Limpio;P. Municipal y SAMUR;Si;No;No;Si;No;Buen Tiempo;Buena;;Sin Restricción;;;AIAM Valencia - AIAM Calderón;Alcance entre 2 vehículos. Se solicita SAMUR para la acompañante del FIAT es trasladada al Hospital. Se solicita plataforma. Cargamos al Nisan y sacamos al exterior;;;;;
08/04/2016;08:53;;20160408-0012; C-E-ACC-01;M30;00XC90;EXTERIOR;Tronco;Superficie;Colisión de vehículos;Por alcance;2;1;1;;1;1;;;No;Densa;Seco y Limpio;P. Municipal y SAMUR;Si;No;No;No;No;Buen Tiempo;Buena;;Sin Restricción;;;V1;Colisión alcance entre moto y vehículo en carril izquierdo. Con Policía movemos vehiculos al carril derecho, cortamos carril derecho hasta que SAMUR atiende a usuario danto de alta en el punto. Se activa Grúa externa (Ollero) que llega a las 09:20 y saca vehículo a Arturo Soria;;;;;
08/04/2016;09:23;;20160408-0013;C-P-ACC-01;M30;03XL50;EXTERIOR;VS;Superficie;Colisión de vehículos;Por alcance;2;2;;;;0;;;No;Densa;Seco y Limpio;P. Municipal;Si;No;Si;No;No;Buen Tiempo;Buena;;Sin Restricción;;;M4;Accidente leve por alcance de dos vehículos implicados, sin heridos;;;;;
08/04/2016;09:53;;20160408-0018;C-P-ACC-01;M11;01MT00;ENTRADA;Tronco;Superficie;Colisión de vehículos;Por alcance;2;2;;;;0;;;No;Fluida;Seco y Limpio;P. Municipal;Si;No;Si;No;No;Buen Tiempo;Buena;;Sin Restricción;;;V1 / M4;Accidente por alcance leve de dos vehículos. Vehículo 2 grúa externa (Ollero) y vehículo 1 por grúa propia;;;;;
08/04/2016;12:09;;20160408-0023;C-P-ACC-01;M30;00XC10;EXTERIOR;Tronco;Superficie;Colisión de vehículos;Lateral;2;2;;;;0;;;No;Densa;Seco y Limpio;P. Municipal;Si;No;Si;No;No;Buen Tiempo;Buena;;Sin Restricción;;;V1 / M1;Accidente lateral entre 2 vehículos, sin daños ni heridos en isleta. Los movemos al arcén derecho;;;;;
08/04/2016;17:45;;20160408-0031;C-P-ACC-01;M30;04RL10;EXTERIOR;Ramal;Superficie;Salida de vía;Frontal;1;1;;;;0;;;Si;Fluida;Seco y Limpio;P. Municipal;Si;No;Si;No;No;Buen Tiempo;Buena;;Sin Restricción;;;M3;Vehículo colisiona contra la señal;;;;;
08/04/2016;18:00;;20160408-0032;C-P-ACC-01;M30;09XL70;EXTERIOR;Tronco;Superficie;Colisión de vehículos;Por alcance;2;2;;;;0;;;No;Fluida;Seco y Limpio;P. Municipal;Si;No;No;No;No;Buen Tiempo;Buena;;Sin Restricción;;;V1;Señalizar accidente por alcance en carril derecho. Lo retira grúa externa a Conde de Casal y limpieza de aceite en carril derecho;;;;;
09/04/2016;12:58;;20160409-0009;C-P-ACC-01;M30;00XC30;EXTERIOR;Tronco;Superficie;Colisión de vehículos;Por alcance;2;2;;;;0;;;No;Fluida;Seco y Limpio;P. Municipal;Si;No;Si;No;No;Buen Tiempo;Buena;;Sin Restricción;;;V1;Aviso del centro de control de accidente. Policía pasa a los vehículos al ramal 32RN. Limpio mancha de aceite del vehículo 2;;;;;
10/04/2016;07:59;;20160410-0007;T-P-ACC-01;A5;04FT71;ENTRADA;Tronco;Túnel;Colisión de vehículos;Por alcance;2;2;;;;0;;;No;Fluida;Seco y Limpio;P. Municipal;Si;No;No;Si;No;Buen Tiempo;Buena;;Sin Restricción;;;AIAM Portugal;Aviso accidente de vehículos. Señalizamos con BUL C-12, se trata de un alcance entre 2 vehículos. Uno sale por sus medios y el otro lo sacamos con F11;;;;;
10/04/2016;10:23;;20160410-0011;T-P-ACC-01;M30;10XC85;EXTERIOR;Tronco;Túnel;Salida de vía;Lateral;1;1;;;;0;;;No;Fluida;Seco y Limpio;P. Municipal;Si;No;No;No;No;Buen Tiempo;Buena;;Sin Restricción;;;AIAM Calderón  ;Nos avisan de coche parado, al llegar nos informa la usuaria que ha sufrido un golpe con el bordillo y rueda reventada. Sacamos al exterior junto a Policía. Nos activan cuando regresamos a base de la Incidencia 10. ;Revisa el bordillo (rondas) y supervisor confirma que no hay daños;;;;
10/04/2016;10:35;;20160410-0012; C-E-ACC-01;M30;12RM20;INTERIOR;Ramal;Superficie;Salida de vía;Lateral;1;1;;;1;1;;;Si;Fluida;Seco y Limpio;P. Municipal y SAMUR;Si;No;Si;Si;No;Buen Tiempo;Buena;;Sin Restricción;;;V1;Señalizar accidente salida de vía en carril izquierdo. Traslado del herido al 12 Octubre;1 tramo de barrera;;;;
10/04/2016;14:30;;20160410-0013; C-E-ACC-01;M30;12RL50;EXTERIOR;Ramal;Superficie;Colisión de vehículos;Por alcance;3;3;;;1;1;;;No;Congestionada;Seco y Limpio;P. Municipal y SAMUR;Si;No;Si;No;No;Buen Tiempo;Buena;;Sin Restricción;;;V1;Señalizar accidente en carriles izquierdos. Traslado del herido del vehículo 2 al Hospital La Paz. Los heridos del vehiculo 3 son atendidos en el punto. Limpiamos los restos. ;;;;;
11/04/2016;08:20;;20160411-0007; C-E-ACC-01;M30;19NC80;INTERIOR;Tronco;Superficie;Colisión de vehículos;Por alcance;2;1;1;;1;0;1;;No;Congestionada;Mojado;P. Municipal y SAMUR;Si;No;Si;No;No;Lluvia;Buena;;Sin Restricción;;;V-2;Señalizo accidente entre un vehiculo y moto. Agente Movilidad herido trasladado.;;;;;
11/04/2016;08:28;;20160411-0008; T-E-ACC-01;A5;04FT42;ENTRADA;Tronco;Túnel;Colisión de vehículos;Por alcance;2;1;;1;1;1;;;No;Congestionada;Seco y Limpio;P. Municipal y SAMUR;Si;No;Si;;;Buen Tiempo;Buena;;Sin Restricción;;;AIAM Portugal;Accidente: alcance entre autobus y coche. Samur atiende a pasajero de autobus (no necesita ser rasladado a Hospital. Una grúe privada carga el vehiculo y saca del túnel.;;;;;
11/04/2016;09:32;;20160411-0014;C-P-ACC-01;M30;13NL10;INTERIOR;Tronco;Superficie;Colisión de vehículos;Por alcance;3;3;;;;0;;;No;Congestionada;Mojado;P. Municipal;Si;No;No;No;Si;Viento;Buena;;Sin Restricción;;;M-1;Accidente por alcance en carril izq, a mi ññegada Policía los mueve al ramal 13RA, solo quedan 2 vehiculos, sin daños ni heridos.;;;;;
11/04/2016;10:50;;20160411-0020;C-P-ACC-01;M30;12RF00;EXTERIOR;Ramal;Superficie;Colisión de vehículos;Por alcance;2;2;;;;0;;;No;Congestionada;Seco y Limpio;;No;No;No;No;No;Buen Tiempo;Buena;;Sin Restricción;;;AIAM Mendez Álvaro/ v-1;Señalizar accidente arcen derecho. Estan los AIAM Méndez Álvaro.;;;;;
11/04/2016;14:19;;20160411-0025;;M30;09NL00;INTERIOR;Tronco;Superficie;Colisión de vehículos;Por alcance;2;2;;;;0;;;No;Densa;Seco y Limpio;P. Municipal;No;No;Si;No;No;Buen Tiempo;Buena;;Sin Restricción;;;V-1;Señalizar accidente por alcance en carril izdo y Policía lo retira al arcen derecho. El vehiculo nº 1 cuando llego se ha retirado por sus medios. No puedo titrar fotogrfia vehiculo nº2 en su grua.;;;;;
11/04/2016;14:35;;20160411-0026;;M30;31NC80;INTERIOR;Tronco;Superficie;Colisión de vehículos;Por alcance;3;3;;;;1;;;;Densa;Seco y Limpio;P. Municipal, P. Nacional y SAMUR;Si;;;;;Buen Tiempo;Buena;;Sin Restricción;;;V-1/M-2;Señalizar vehículos accidentados en el carril izquierdo;;;;;
11/04/2016;15:58;;20160411-0028;C-P-ACC-01;M30;01NC50;INTERIOR;Tronco;Superficie;Colisión de vehículos;Por alcance;2;2;;;;0;;;No;Densa;Seco y Limpio;P. Municipal;Si;Si;Si;No;No;Buen Tiempo;Buena;;Sin Restricción;;;V-1;Señalizar accidente por alcance en carril dercho, sin daosa patrimonio, ni heridos los vehiculos se retiran en su grúa seguro.;;;;;
11/04/2016;16:43;;20160411-0031;C-P-ACC-01;M30;01NC80;INTERIOR;Tronco;Superficie;Colisión de vehículos;Por alcance;2;1;1;;;0;;;No;Densa;Seco y Limpio;P. Municipal;Si;No;No;No;No;Buen Tiempo;Buena;;Sin Restricción;;;V-1;Señalizar accidente lateral con moto implicada, sin daños a patrimonio, ni heridos. Los vehiculos se retiran por sus medios.;;;;;
11/04/2016;18:30;;20160411-0035;C-P-ACC-01;M30;05NC60;INTERIOR;Tronco;Superficie;Colisión de vehículos;Lateral;2;1;1;;1;1;;;No;Densa;Mojado;P. Municipal y SAMUR;Si;No;No;No;No;Lluvia;Buena;;Sin Restricción;;;M-3;Accidente por alcance en el carril izquierdo entre un turismo y un motorista, este resulta herido leve y trasladado al hospital. La motocicleta es retira por la grúa de Lopez Ollero.;;;Carril izquierdo cortado desde las 18:42 h a las 19:10 h;;
11/04/2016;18:48;;20160411-0036; C-E-ACC-01;M30;07NL70;INTERIOR;VS;Superficie;Colisión de vehículos;Lateral;2;;2;;1;1;;;No;Densa;Mojado;P. Municipal y SAMUR;Si;No;Si;No;No;Lluvia;Buena;;Sin Restricción;;;V-1;Accidente por alcance en el carril derecho entre 2 motoristas, uno de ellos resulta herido leve y dado de alta en el punto por el SAMUR. Una de las motocicletas es retira en su grúa del seguro y la otra abandona la zona por sus medios.;;;Carril derecho cortado desde las 19:03 h a las 20:04 h;;
11/04/2016;19:25;;20160411-0037; C-E-ACC-01;M30;07NL20;INTERIOR;VS;Superficie;Colisión de vehículos;Por alcance;2;2;;;;1;;;No;Densa;Mojado;P. Municipal;Si;No;Si;No;No;Lluvia;Buena;;Sin Restricción;;;M-3;Accidente por alcance en el carril derecho entre 2 vehículos. Sin heridos ni daños al patrimonio.;;;Carril derecho cortado desde las 19:27 h a las 19:50 h;;
11/04/2016;20:04;;20160411-0042;C-P-ACC-01;M23;99KL20;SALIDA;Tronco;Superficie;Colisión de vehículos;Por alcance;2;2;;;2;2;;;No;Densa;Mojado;P. Municipal y SAMUR;Si;No;Si;No;No;Lluvia;Buena;;Sin Restricción;;;V-1;Accidente por alcance en el carril central entre 2 vehículos que son retirados por el vigilante V-1 al arcén derecho. 2 heridos leves trasladados al Hospital La Paz. Ambos vehículos son retirados por sus grúas de los seguros.;;;Carril derecho cortado desde las 20:04 h a las 20:58 h;;
11/04/2016;21:30;;20160411-0044;;M30;32RC00;EXTERIOR;Ramal;Superficie;Colisión de vehículos;Por alcance;3;3;;;1;1;;;No;Fluida;Mojado;P. Municipal y SAMUR;Si;No;Si;No;No;Lluvia;Buena;;Sin Restricción;;;V-2;Accidente de un vehículo por salida de vía, cuando la Policía Municipal se encuentra señalizandolo otro vehículo impacta contra ellos con resultado de un agente herido leve.;;;Cortado el carril del ramal desde las 21:45 h a las 23:00 h;;
11/04/2016;22:22;;20160411-0046;C-P-ACC-01;M23;99KL20;SALIDA;Tronco;Superficie;Colisión de vehículos;Por alcance;3;3;;;;0;;;Si;Fluida;Mojado;P. Municipal;Si;No;Si;No;No;Lluvia;Buena;;Sin Restricción;;;V-1;Accidente entre 3 vehículos por alcance ocasionando daños en las barreras y muros del margen izquierdo. Sin heridos. Los 3 vehículos son retirados por sus grúas.;;;Cortados 2 carriles izquierdos desde las 22:24 h a las 23:04 h;;
11/04/2016;14:35;;20160411-026; C-E-ACC-01;M30;31NC80;INTERIOR;Tronco;Superficie;Colisión de vehículos;Por alcance;3;3;;;;0;;;No;Densa;Seco y Limpio;P. Municipal y P. Nacional;Si;No;Si;No;No;Buen Tiempo;Buena;;Sin Restricción;;;V-1/M-2;Señalizar vehiculos accidente en carril derecho.;;;Recursos: Samur;;
12/04/2016;07:18;;20160412-0004;T-P-ACC-01;A5;04FT34;ENTRADA;Tronco;Superficie;Colisión de vehículos;Por alcance;3;3;;;;0;;;No;Congestionada;Seco y Limpio;P. Municipal;Si;No;Si;Si;No;Lluvia;Buena;;Sin Restricción;;;AIAM Portugal/AIAM Calderón;Colisión de 3 vehículos en 04FT32 ocupando carriles derechos y derecho central, sacamos el 1 vehículo (nissan) con la C-10, el 2 vehículo (opel) sale con la grúa del usuario  y el 3 vehículo (citroen) tambi´rn lo sacamos con la C-10. Policía acude al punto.;;;;;
12/04/2016;07:22;;20160412-0005; T-E-ACC-01;A5;03FT85;ENTRADA;Tronco;Superficie;Colisión de vehículos;Por alcance;2;2;;;1;1;;;No;Congestionada;Seco y Limpio;P. Municipal y SAMUR;Si;No;No;Si;No;Lluvia;Buena;;Sin Restricción;;;AIAM Calderón;Colisión por alcance entre 2 vehículos con un herido leve, que es dado de alta en el lugar por samur, no hay daños materiales. 1 coche se retira por sus medios, el otro lo sacamos con f-12 al exterior.;;;;;
12/04/2016;07:34;;20160412-0006;C-P-ACC-01;M30;04XL10;EXTERIOR;VS;Superficie;Colisión de vehículos;Por alcance;2;2;;;;0;;;No;Congestionada;Mojado;P. Municipal;No;No;No;No;No;Lluvia;Buena;;Sin Restricción;;;V-1/M-4;Accidente por alcancedos vehículos implicados sin heridos, un vehículo se marcha por sus medios y el otro se lo lleva grúa m30, limpieza de restos.;;;;;
12/04/2016;07:50;;20160412-0007; T-E-ACC-01;M30;18RA68;INTERIOR;Ramal;Túnel;Otros;;1;;1;;1;1;;;No;Densa;Seco y Limpio;P. Municipal y SAMUR;;;No;Si;No;;Buena;;Sin Restricción;;;AIAM Valencia;Caída de motorista en el pk 18RA68 cuando llegamos se encuentra policía.El Samur atiende al usuario y nosostros sacamos a la moto en la grúa Rudesa.Desconocemos el estado del usuario,ya que nos activan otra vez antes de terminar.;;;;;
12/04/2016;08:35;;20160412-0009;T-P-ACC-01;A5;04FT92;ENTRADA;Tronco;Túnel;Colisión de vehículos;Por alcance;2;2;;;;0;;;No;Fluida;Seco y Limpio;P. Municipal;Si;;No;No;No;Lluvia;Buena;;Sin Restricción;;;AIAM Valencia;Colisión por alcance en tre 2 veh.Cuando llegamos policía se encuentra en el punto.Los vehículos salen por sus medios.;;;;;
12/04/2016;11:25;;20160412-0021;C-P-ACC-01;M30;09XL50;EXTERIOR;Tronco;Superficie;Colisión de vehículos;;;;;;;0;;;;Congestionada;Mojado;P. Municipal;No;No;No;No;No;Lluvia;Buena;;Sin Restricción;;;Adrián G. López;Policía indica a la grúa externa que retire uno de los vehículos fuera de zona.;;;;;
12/04/2016;12:02;;20160412-0022;C-P-ACC-01;M30;00XC10;EXTERIOR;Tronco;Superficie;Colisión de vehículos;Por alcance;2;2;;;;0;;;No;Fluida;Mojado;P. Municipal;;;Si;No;No;Lluvia;Buena;;Sin Restricción;;;M1;Accidente por alcance en carril central.Saco a los vehículos al ramal M-11.Sin daños ni heridos.;;;;;
12/04/2016;12:15;;20160412-0023;C-P-ACC-01;M30;05NL30;INTERIOR;VS;Superficie;Colisión de vehículos;Por alcance;2;2;;;;0;;;No;Densa;Mojado;P. Municipal;No;;No;No;No;Lluvia;Buena;;Sin Restricción;;;V1;Señalizar accidente en isleta.Los paso al arcén del pk.5+400 NC;;;;;
12/04/2016;13:00;;20160412-0025; C-E-ACC-01;M30;22RE20;EXTERIOR;Ramal;Superficie;Salida de vía;;1;1;;;1;1;;;Si;Fluida;Mojado;;Si;Si;Si;No;No;Lluvia;Buena;;Sin Restricción;;;V2;Salida de vía de vía con heridos dado de alta en el lugar.daños al patrimonio.Me quedo en el ramal limpiando y policía se marcha a 22RV cuando llegó se han ido no cojo indicativo de policía y Samur.;1 Farola - 3 Tramos de barandilla.;Sepiolita fina - Desengrasante.;Corte 13:20 a 14:00.;;
12/04/2016;13:10;;20160412-0026;C-P-ACC-01;M30;07RL10;EXTERIOR;Ramal;Superficie;Salida de vía;;1;1;;;;0;;;No;Densa;Mojado;;Si;;No;No;No;Lluvia;Buena;;Sin Restricción;;;V1;Aviso del CCT accidente salida de vía.Se da contra el muro. No hay heridos. ;;;Se corta 1/2 carril desde las 13:12 a ---;;
12/04/2016;13:45;;20160412-0028;C-P-ACC-01;M30;22RL60;EXTERIOR;Ramal;Superficie;Salida de vía;;1;1;;;;0;;;Si;Fluida;Mojado;P. Municipal;No;No;No;No;No;Lluvia;Buena;;Sin Restricción;;;Conservación;salida de vía margén izquierdo.Con daños y sin heridos.Retirado grúa externa López Ollero;1 Panel direccional.;;;;
12/04/2016;14:48;;20160412-0031;C-P-ACC-01;M30;19XC90;EXTERIOR;Tronco;Superficie;Colisión de vehículos;Por alcance;2;2;;;;0;;;No;Congestionada;Mojado;P. Municipal;Si;Si;Si;No;No;Buen Tiempo;Buena;;Sin Restricción;;;V1;Señalizar accidente por alcance en carril central sin daños a patrimonio ni heridos.;;Desengrante;Corte carril derecho 15:06 - 15:52.;;
12/04/2016;13:05;;20160412-0035;C-P-ACC-01;M607;12OL50;SALIDA;Tronco;Superficie;Salida de vía;;1;1;;;;0;;;No;Fluida;Mojado;G. Civil;;No;Si;No;No;Lluvia;Buena;;Sin Restricción;;;V2;Salida de vía contra mediana.;;;;;
12/04/2016;18:55;;20160412-0052;C-P-ACC-01;M30;20XC60;EXTERIOR;Tronco;Superficie;Colisión de vehículos;Por alcance;2;2;;;;0;;;No;Congestionada;Mojado;P. Municipal;No;No;;;;Buen Tiempo;Buena;;Sin Restricción;;;;;;;;;
12/04/2016;19:43;;20160412-0055;C-P-ACC-01;M30;09NL10;INTERIOR;Tronco;Superficie;Colisión de vehículos;Por alcance;2;2;;;;0;;;No;Fluida;Mojado;P. Municipal;No;No;No;No;No;Lluvia;Buena;;Sin Restricción;;;M3;Accidente en arcén derecho.;;;;;