Fecha;Hora;Día;Nº Incidencia;sitrem;Carretera;MC30;Calzada;Localización;Enlace;Tipo de accidente;Tipo de colisión;Nº Vehículos implicados;Nº Turismos;Nº Motocicletas;Nº vehículos pesados;H.L.;hl;hg;vm;Daños al mobiliario urbano;Circulación;Estado del Firme;Presencia Recursos Externos;Corte Carril;Vertido;Grúa usuario;Grúa Propia EMESA;Grúa Movilidad;Factores Atmosféricos;Visibilidad señalización;Señalización de Peligro;Visibilidad restringida por;Aceras;Árboles;Vehículos denominación;Descripción del accidente;Daños causados al viario;Materiales utilizados;Observaciones;;
12/04/2016;19:55;;20160412-0056; C-E-ACC-01;M30;32RA20;INTERIOR;Ramal;Superficie;Vuelco;;1;1;;;;1;;;Si;Congestionada;Mojado;P.M., SAMUR y Bomberos;Si;No;No;No;No;Lluvia;Buena;;Sin Restricción;;;V1;Señalizar vuelco con daños a patrimonio.Herido trasladado al hospital Gregorio Ñarañon.Sin pronosticar.;2 muros desplazados;Desengrante;Corte carril izquierdo 20:15 - 20:40.;;
12/04/2016;22:40;;20160412-0057; C-E-ACC-01;M30;12RH70;INTERIOR;Ramal;Superficie;Colisión de vehículos;Por alcance;2;2;;;1;1;;;Si;Fluida;Mojado;P. Municipal y SAMUR;Si;No;Si;No;No;Lluvia;Buena;;Sin Restricción;;;V1;Colisión entre vehículos carril derecho con heridos con daños al patrimonio.Corto carri derecho hasta que Samur atiende dando de alta en el punto al usuario veh 1.Veh 1 grúa propia y veh 2 sus medios.;3 Barreras - 4 CPN´s;;Corte carril derecho 22:46 - 00:09.;;
12/04/2016;23:17;;20160412-0059; C-E-ACC-01;M30;04RC30;INTERIOR;Ramal;Superficie;Salida de vía;;1;1;;;1;1;;;No;Fluida;Mojado;P. Municipal y SAMUR;Si;;Si;No;No;Lluvia;Buena;;Sin Restricción;;;V2;Aviso de accidente con heridos.;;;Corte 1/2 ramal 04RC 23:26 - 00:18.;;
13/04/2016;00:17;;20160413-0001;C-P-ACC-01;M30;12RH40;INTERIOR;Ramal;Superficie;Colisión de vehículos;Por alcance;2;2;;;;0;;;No;Fluida;Mojado;P. Municipal;Si;No;Si;No;No;Lluvia;Buena;;Sin Restricción;;;V1;Colisión por alcance carril derecho, sin heridos ni daños. Corto carril derecho hasta retirada de vehículo 1 por sus medios y vehículo 2 en grúa propia.;;;;;
13/04/2016;02:15;;20160413-0005;C-P-ACC-01;M30;32RK20;INTERIOR;Ramal;Superficie;Salida de vía;;1;1;;;;0;;;Si;Fluida;Mojado;P. Municipal;Si;No;Si;No;No;Lluvia;Buena;;Sin Restricción;;;V1;Salida de vía sin heridos con daños a patrimonio, se corta medio carril del lado izquierdo. Carril únici hasta retirada de éste en grúa propia;1 barrera y 1 CPN;;;;
13/04/2016;07:32;;20160413-0008;C-P-ACC-01;M30;00XC90;EXTERIOR;Tronco;Superficie;Colisión de vehículos;Por alcance;2;2;;;;0;;;No;Densa;Seco y Limpio;P.Municipal y G. Civil;Si;No;No;No;No;Buen Tiempo;Buena;;Sin Restricción;;;V1 / M4;Accidente por alcance con 2 vehículos implicados. Sin heridos;;;;;
13/04/2016;08:25;;20160413-0009; C-E-ACC-01;A4;04UT80;ENTRADA;Tronco;Superficie;Colisión de vehículos;Por alcance;5;3;2;;;2;;;No;Congestionada;Mojado;P. Municipal y SAMUR;Si;No;Si;No;No;Buen Tiempo;Buena;;Sin Restricción;;;V1 / M1 / V2;Accidente entre 5 vehículos (2 motos), en carriles derechos. Los motoristas son trasladados al Gregorio Marañon y 12 Octubre.;;;;;
13/04/2016;08:25;;20160413-0010;T-P-ACC-01;M30;10XC85;EXTERIOR;Tronco;Túnel;Colisión de vehículos;;2;1;1;;;0;;;No;Fluida;Seco y Limpio;;;;;;;;;;Sin Restricción;;;;Anulados de camino a colisión entre moto y coche. Ambos se retiran por sus medios;;;;;
13/04/2016;09:22;;20160413-0015; T-E-ACC-01;A5;04FT17;ENTRADA;Tronco;Túnel;Colisión de vehículos;Por alcance;3;3;;;1;1;;;No;Congestionada;Seco y Limpio;P. Municipal y SAMUR;Si;No;No;Si;Si;Buen Tiempo;Buena;;Sin Restricción;;;AIAM Portugal / Calderón;Accidente por alcance con 3 vehículos implicados. Sin daños a mobiliario. Hay un herido leve trasladado por SAMUR. El vehículo 2 lo sacamos al exterior con la C10. El vehículo 1 se marcha por sus medios. El vehículo 3 se lo lleva la grúa municipal;;;;;
13/04/2016;18:17;;20160413-0045;T-P-ACC-01;M30;13NL45;INTERIOR;Tronco;Túnel;Colisión de vehículos;Por alcance;3;3;;;;0;;;No;Fluida;Seco y Limpio;;;;;;;Buen Tiempo;Buena;;Sin Restricción;;;AIAM Valencia;Alcance de 3 vehículos, se retiran por sus medios. Anulada salida;;;;;
13/04/2016;18:51;;20160413-0048;C-P-ACC-01;M30;09XL40;EXTERIOR;Tronco;Superficie;Colisión de vehículos;Por alcance;3;3;;;;0;;;No;Densa;Seco y Limpio;P. Municipal;Si;No;No;No;No;Buen Tiempo;Buena;;Sin Restricción;;;V-1;Señalizar accidente por alcance en carril derecho, sin daños ni heridos, los vehículos se retiran por sus medios.;;;;;
14/04/2016;08:09;;20160414-0006;C-P-ACC-01;M30;07XC30;EXTERIOR;Tronco;Superficie;Colisión de vehículos;Por alcance;2;1;;1;;0;;;No;Densa;Seco y Limpio;P. Municipal;No;No;No;No;No;Buen Tiempo;Buena;;Sin Restricción;;;M-4;Accidente por alcance dos vehículos implicados, sin heridos.;;;;;
14/04/2016;08:50;;20160414-0007;C-P-ACC-01;A3;08VA10;ENTRADA;VS;Superficie;Colisión de vehículos;Por alcance;4;4;;;;0;;;No;Densa;Seco y Limpio;P. Municipal;No;No;Si;No;No;Buen Tiempo;Buena;;Sin Restricción;;;V-1;Señalizar accidente carril izquierdo, sólo queda uno que necesita grúa, lo pasamos al margen derecho, no hay heridos.;;;;;
14/04/2016;09:30;;20160414-0011; C-E-ACC-01;M30;04XC00;EXTERIOR;Tronco;Superficie;Colisión de vehículos;Lateral;2;1;1;;1;1;;;No;Congestionada;Seco y Limpio;P. Municipal y SAMUR;No;No;Si;No;No;Buen Tiempo;Buena;;Sin Restricción;;;V-1;Aviso del centro de control accidente 2 vehículos. Traslado del herido al gómez ulla(motorista) vehículo 2.;;;;;
14/04/2016;09:40;;20160414-0013; C-E-ACC-01;M11;01ML00;SALIDA;Tronco;Superficie;Colisión de vehículos;Lateral;2;1;1;;1;1;;;No;Fluida;Seco y Limpio;P. Municipal y SAMUR;Si;No;No;No;Si;Buen Tiempo;Buena;;Sin Restricción;;;V-2;Colisión entre vehículos y moto, motorista herido trasladado pronóstico leve, corto carril derecho.;;;;;
14/04/2016;15:00;;20160414-0024;C-P-ACC-01;M30;00XC20;EXTERIOR;Tronco;Superficie;Colisión de vehículos;Por alcance;2;2;;;;0;;;No;Densa;Seco y Limpio;;No;No;No;No;No;Lluvia;Buena;;Sin Restricción;;;V-1;Señalizar accidente por alcance en carril derecho, lo pasamos al arcén, sin daños al patrimonio ni heridos, los vehículos se retiran por sus medios.;;;;;
14/04/2016;18:25;;20160414-0031; C-E-ACC-01;M30;04NC00;INTERIOR;Tronco;Superficie;Colisión de vehículos;Por alcance;3;2;1;;;1;;;No;Densa;Seco y Limpio;P. Municipal y SAMUR;Si;No;Si;No;No;Buen Tiempo;Buena;;Sin Restricción;;;V-1;Señaliozar accidente por alcance en carril derecho, sin daños al patrimonio y herido trasladao al ramón y cajal, sin pronóstico, los vehículos 1 y 2 , se retiran por sus medios.;;;;;
14/04/2016;23:09;;20160414-0036; C-E-ACC-01;M30;12RH90;INTERIOR;Ramal;Superficie;Colisión de vehículos;Lateral;2;2;;;1;1;;;Si;Densa;Seco y Limpio;P. Municipal y SAMUR;Si;No;No;No;No;Buen Tiempo;Buena;;Sin Restricción;;;V-2/V-1;Aviso de accidente con heridos, colisión lateral de vehículos y posterior, colisión con barrera lado derecho, corte carril derecho.;;;;;
15/04/2016;15:00;;20160415-0023;C-P-ACC-01;M30;05NC00;INTERIOR;Tronco;Superficie;Colisión de vehículos;Por alcance;3;3;;;;0;;;No;Congestionada;Seco y Limpio;P. Municipal;Si;No;No;No;No;Buen Tiempo;Buena;;Sin Restricción;;;V-2;Accidente entre 3 vehículos por alcance en el carril izquierdo, posteriormente son trasladados al arcén derecho con ayuda de Policía Municipal. Todos los vehículos implicados se retiran por sus medios.;;;Se corta el carril izquierdo desde las 15:12 h hasta las 15:18 h.;;
15/04/2016;15:53;;20160415-0028;C-P-ACC-01;M30;05XL40;EXTERIOR;VS;Superficie;Colisión de vehículos;Por alcance;3;3;;;;0;;;No;Fluida;Seco y Limpio;P. Municipal;No;No;No;No;No;Buen Tiempo;Buena;;Sin Restricción;;;M-3 / V-1;Accidente entre 3 vehículos por alcance que se encuentran ocupando el arcén derecho.;;;;;
15/04/2016;21:20;;20160415-0038;C-P-ACC-01;M30;10XL70;EXTERIOR;Tronco;Superficie;Colisión de vehículos;Por alcance;3;3;;;;1;;;No;Densa;Mojado;P. Municipal;Si;No;Si;No;No;Lluvia;Buena;;Sin Restricción;;;V-1;Accidente entre 3 vehículos por alcance ocupando el carril derecho central, Policía Municipal los traslada fuera de zona y son retirados por las grúas de sus seguros.;;;Se corta el carril derecho desde las 21:20 h hasta las 21:45 h.;;
16/04/2016;01:25;;20160416-0002;;M30;20RA00;INTERIOR;Ramal;Superficie;Salida de vía;Frontal;1;1;;;;0;;;Si;Fluida;Mojado;P. Municipal;Si;No;Si;No;No;Buen Tiempo;Buena;;Sin Restricción;;;V-2;Accidente de 1 vehículo por salida de vía, colisona contra el balizamiento y barreras. Sin heridos.;2 Barreras, 2 CPN, 1 Hito y 1 Base.;;Se corta el ramal 20RA desde las 01:33 h hasta las 01:59 h.;;
16/04/2016;11:05;;20160416-0009;C-P-ACC-01;M30;32RA40;INTERIOR;Ramal;Superficie;Salida de vía;Lateral;1;1;;;;0;;;No;Fluida;Mojado;P. Municipal;Si;No;Si;No;No;Lluvia;Buena;;Sin Restricción;;;V-2;Accidente de 1 vehículo por salida de vía hacía el lado izquierdo, este es retirado en su grúa y no le da tiempo al vigilante hacerle fotografías.;;;Se corta el carril izquierdo desde las 11:05 h hasta las 11:29 h.;;
16/04/2016;14:42;;20160416-0016;;M30;20NC30;INTERIOR;Tronco;Superficie;Salida de vía;Lateral;1;1;;;;0;;;Si;Fluida;Mojado;P. Municipal;Si;No;Si;No;No;Lluvia;Buena;;Sin Restricción;;;V-2;Accidente de 1 vehículo por salida de vía hacía el lado derecho causando daños al patrimonio, se cortan 2 carriles derechos con el ramal 20RN.;7 Barreras, 5 CPN, 15 metros de malla, 6 Postes de malla y 3 metros cuadrados de acera.;;Se cortan 2 carriles derechos y el ramal 20RN desde las 14:52 h hasta las 15:45 h.;;
16/04/2016;15:23;;20160416-0017; C-E-ACC-01;M30;31NC50;INTERIOR;Tronco;Superficie;Colisión de vehículos;Lateral;2;2;;;2;3;;;No;Densa;Mojado;P. Municipal y SAMUR;Si;No;Si;No;No;Lluvia;Buena;;Sin Restricción;;;V-1;Señalizar accidente lateral entre 2 vehículos, sin daños al patrimonio y con 2 heridos leves trasladados a los hospitales N. Señora de America y La Paz. Ambos vehículos son retirados por sus grúas de sus seguros.;;;Se corta el carril derecho desde las 15:35 h hasta las 16:40 h.;;
16/04/2016;15:45;;20160416-0018;C-P-ACC-01;M30;19NC80;INTERIOR;Tronco;Superficie;Salida de vía;Lateral;1;1;;;;0;;;No;Fluida;Mojado;P. Nacional;No;No;Si;No;No;Lluvia;Buena;;Sin Restricción;;;V-2;Accidente de 1 vehículo por salida de vía hacía el lado izquiedo. Policía Nacional traslada el vehículo al arcén derecho.;;;;;
16/04/2016;15:49;;20160416-0019;C-P-ACC-01;M30;22RE10;EXTERIOR;Ramal;Superficie;Salida de vía;Frontal;1;1;;;;0;;;No;Fluida;Mojado;P. Municipal;Si;No;Si;No;No;Lluvia;Buena;;Sin Restricción;;;AIAM Méndez Álvaro;Accidente de 1 vehículo por salida de vía. Sin daños al patrimonio ni heridos, se corta medio carril del ramal 22RE.;;;;;
16/04/2016;16:40;;20160416-0020;C-P-ACC-01;M30;31NC40;INTERIOR;Tronco;Superficie;Colisión de vehículos;Lateral;2;2;;;;0;;;No;Fluida;Mojado;P. Municipal;Si;No;No;No;No;Lluvia;Buena;;Sin Restricción;;;V-1;Señalizar accidente entre 2 vehículos por alcance que se encuentran ocupando el carril derecho. Sin heridos ni daños al patrimonio, ambos vehículos se retiran del punto por sus medios.;;;Se corta el carril derecho desde las 16:40 h hasta las 17:05 h.;;
16/04/2016;20:18;;20160416-0024;T-P-ACC-01;M30;15RR28;INTERIOR;Ramal;Túnel;Salida de vía;Lateral;1;1;;;;0;;;Si;Fluida;Seco y Limpio;P. Municipal;Si;Si;No;Si;No;Buen Tiempo;Buena;;Sin Restricción;;;AIAM Calderón / T-1 / F-54;Accidente de 1 vehículo por salida de vía colisionando fronto-lateralmente contra el hastial derecho causando daños al patrimonio. Sin heridos.;Luminaría de emergencia completa y 3 metros de bordillo.;Sepiolita fina y desengrasante;Se cortan 2 carriles derechos desde las 20:21 h hasta las 21:28 h.;;
16/04/2016;20:27;;20160416-0025; C-E-ACC-01;M30;22RE10;EXTERIOR;Ramal;Superficie;Salida de vía;Frontal;1;1;;;;0;;;Si;Fluida;Mojado;P. Municipal;Si;No;Si;No;No;Buen Tiempo;Buena;;Sin Restricción;;;V-2;Aviso, accidente con daños.;3 metros de barandilla.;;;;
17/04/2016;00:17;;20160417-0002;C-P-ACC-01;M30;23NC10;INTERIOR;Tronco;Superficie;Salida de vía;Lateral;1;1;;;;0;;;No;Fluida;Mojado;P. Municipal;No;No;Si;No;No;Buen Tiempo;Buena;;Sin Restricción;;;V-2;Accidente de 1 vehículo por salida de vía colisionando contra el muro del lado izquierdo, se encuentra ocupando el arcén derecho. Sin daños al patrimonio ni heridos.;;;;;
17/04/2016;18:05;;20160417-0018;C-P-ACC-01;M30;09RL00;EXTERIOR;Ramal;Superficie;Otros;;2;1;1;;;0;;;No;Fluida;Seco y Limpio;;Si;No;No;No;No;Buen Tiempo;Buena;;Sin Restricción;;;V-1;Accidente de 1 motorista por caida cuando evitó el impacto de 1 turismo cuando este se saltó un ceda el paso según informa dicho motorista. Sin heridos ni daños al patrimonio, Ambos vehículos se retiran del punto por sus medios.;;;Se corta medio carril desde las 18:09 h hasta las 18:33 h.;;
17/04/2016;18:43;;20160417-0020;C-P-ACC-01;M30;05XL60;EXTERIOR;VS;Superficie;Colisión de vehículos;Lateral;2;2;;;;0;;;No;Fluida;Seco y Limpio;P. Municipal;Si;No;No;No;No;Buen Tiempo;Buena;;Sin Restricción;;;V-1;Accidente entre 2 vehículos por alcance lateral que se encuentran ocupando el carril derecho. Sin heridos ni daños al patrimonio. Ambos vehículos se retiran del punto por sus medios.;;;Se corta el carril derecho desde las 18:44 h hasta las 19:05 h.;;
17/04/2016;21:09;;20160417-0025;T-P-ACC-01;M30;16XC47;EXTERIOR;Tronco;Túnel;Colisión de vehículos;Por alcance;2;2;;;;0;;;No;Densa;Seco y Limpio;P. Municipal;Si;No;No;No;No;Buen Tiempo;Buena;;Sin Restricción;;;AIAM Calderón;Accidente entre 2 vehículos por alcance lateral que se encuentran ocupando el carril izquierdo. Sin heridos ni daños al patrimonio. Ambos vehículos se retiran del punto por sus medios.;;;Se corta el carril izquierdo desde las 21:11 h hasta las 21:12 h.;;
18/04/2016;00:25;;20160418-0002;C-P-ACC-01;M30;10XL40;EXTERIOR;Tronco;Superficie;Colisión de vehículos;Por alcance;1;1;;;;0;;;No;Fluida;Seco y Limpio;P. Municipal;No;No;No;No;No;Buen Tiempo;Buena;;Sin Restricción;;;V-1;Aviso de accidente, a mi llegada, llega Policía, F-44 se lo encuentra, solo hay 1 vehiculo que abandona en ese momento no puedo coger datos, ni hacer foto de este.;;;;;
18/04/2016;07:46;;20160418-0008; T-E-ACC-01;M30;15XC06;EXTERIOR;Tronco;Túnel;Colisión de vehículos;Por alcance;3;3;;;;0;;;No;Densa;Seco y Limpio;P. Municipal;Si;No;No;Si;No;Buen Tiempo;Buena;;Sin Restricción;;;AIAM Calderón;Colisión por alcance entre 3 vehiculos, sin daños personales, ni de patrimonio. 2 vehiculos salen por sus medios, otro lo sacamos con grúa plataforma al exterior.;;;;;
18/04/2016;08:58;;20160418-0012; C-E-ACC-01;M30;08XL30;EXTERIOR;VS;Superficie;Colisión de vehículos;Por alcance;2;2;;;1;1;;;No;Congestionada;Seco y Limpio;P. Municipal y SAMUR;No;No;;;;Buen Tiempo;Buena;;Sin Restricción;;;V-1;Señalizar accidente por alcance en carril derecho. Policía lo retira al arcen derecho, sin daños a patrimonio y con un herido leve trasladado al Hospital Fremap;;;;;
18/04/2016;09:00;;20160418-0013;C-P-ACC-01;M30;20NC70;INTERIOR;Tronco;Superficie;Colisión de vehículos;Lateral;2;1;1;;;0;;;No;Densa;Seco y Limpio;;;;Si;No;No;Buen Tiempo;Buena;;Sin Restricción;;;M-4;Accidente lateral de coche a moto sin heridos. Circulando el coche por el central y al cambiarse de carril le golpea ligeramente.;;;;;
18/04/2016;09:25;;20160418-0015;C-P-ACC-01;M30;30NC50;INTERIOR;Tronco;Superficie;Colisión de vehículos;Por alcance;2;2;;;;0;;;No;Densa;Seco y Limpio;P. Municipal;No;No;No;No;No;Buen Tiempo;Buena;;Sin Restricción;;;V-1;Accidente en carril derecho. A mi llegada se encuentran en la isleta del 31NC40. se retira por sus medios.;;;;;
18/04/2016;09:52;;20160418-0016;C-P-ACC-01;M30;04RL00;EXTERIOR;Ramal;Superficie;Colisión de vehículos;Por alcance;2;2;;;;0;;;No;Fluida;Seco y Limpio;P. Municipal;Si;No;Si;No;No;Buen Tiempo;Buena;;Sin Restricción;;;M-3;Accidente por alcance en carril izquierdo.;;;;;
18/04/2016;10:00;;20160418-0018;C-P-ACC-01;A2;05AL50;SALIDA;Tronco;Superficie;Colisión de vehículos;Por alcance;2;2;;;;0;;;No;Densa;Seco y Limpio;P.Municipal y G. Civil;Si;No;Si;No;No;Buen Tiempo;Buena;;Sin Restricción;;;V-1/M-4;Accidente en carril derecho. A mi llegada solo hay un vehiculo.;;;;;
18/04/2016;11:58;;20160418-0022; C-E-ACC-01;M30;12NL80;INTERIOR;Tronco;Superficie;Colisión de vehículos;Por alcance;2;2;;;1;2;;;No;Fluida;Seco y Limpio;P. Municipal;Si;No;Si;No;No;Buen Tiempo;Buena;;Sin Restricción;;;V-1;Señalizar accidente por alcance en carril derecho, sin daños a patrimonio y un herido leve dado de alta en el lugar por Suma. Los vehiculos se retiran en sus grúas del seguro.;;;Suma atiende la incidencia.;;
18/04/2016;13:27;;20160418-0026; C-E-ACC-01;M30;09NL00;INTERIOR;Tronco;Superficie;Colisión de vehículos;Por alcance;4;4;;;1;1;;;No;Densa;Seco y Limpio;P. Municipal;Si;No;Si;No;No;Buen Tiempo;Buena;;Sin Restricción;;;V-1/M-1;Señalizar accidente por alcance en carril derecho, sin daños y con heridos.;;;;;
18/04/2016;13:35;;20160418-0027;C-P-ACC-01;A4;04UT70;ENTRADA;Tronco;Superficie;Colisión de vehículos;Por alcance;2;1;;1;;0;;;No;Densa;Seco y Limpio;P. Municipal;No;No;;;;Buen Tiempo;Buena;;Sin Restricción;;;V-1;Me avisan de accidente. A mi llegada estan en arcen derecho señalizados por Policía.;;;;;
19/04/2016;09:57;;20160419-0010;C-P-ACC-01;M30;09XL00;EXTERIOR;Tronco;Superficie;Colisión de vehículos;Por alcance;2;2;;;;0;;;No;Fluida;Mojado;P. Municipal;Si;No;Si;No;No;Lluvia;Buena;;Sin Restricción;;;V-1;Señalizar accidente por alcance en carril derecho sin daños, ni heridos. Lo retira grúas seguro.;;;;;
19/04/2016;12:00;;20160419-0014;C-P-ACC-01;M30;09CT30;EXTERIOR;Tronco;Superficie;Colisión de vehículos;Lateral;2;1;;1;;0;;;No;Fluida;Mojado;;No;No;No;No;No;Lluvia;Buena;;Sin Restricción;;;V-1;Señalizar accidente por alcance lateral en el carril derecho. Sin daños al patrimonio ni heridos. Ambos vehículos se retiran por sus medios.;;;;;
19/04/2016;15:04;;20160419-0017;C-P-ACC-01;M30;08XC40;EXTERIOR;Tronco;Superficie;Colisión de vehículos;Por alcance;2;1;;1;;0;;;No;Congestionada;Mojado;P. Municipal;No;No;Si;No;No;Lluvia;Buena;;Sin Restricción;;;V-1;Accidente entre un turismo y un camión por alcance. Sin daños al parimonio ni heridos, el camión se retira por sus medios y el turismo es trasladado al arcén derecho del PK 8+100 de la vía de servicio.;;;;;
19/04/2016;15:39;;20160419-0018;T-P-ACC-01;M30;18RM23;EXTERIOR;Ramal;Túnel;Salida de vía;Lateral;1;1;;;;0;;;No;Congestionada;Mojado;P. Municipal;Si;No;No;Si;No;Lluvia;Buena;;Sin Restricción;;;C-12 AIAM Portugal / C-10 AIAM Calderón;Accidente de un vehículo por salida de vía, colisiona contra el bordillo quedando este mirando contrasentido, sin heridos ni daños al patrimonio. Policía Municipal en el punto no deja hacer protocolo de actuación y giran el vehículo que es cargado en la plataforma C-10 para sacarlo al exterior.;;;Se corta el carril izquierdo desde las 15:50 h hasta las 16:09 h.;;
19/04/2016;16:25;;20160419-0019;C-P-ACC-01;M30;08RT10;EXTERIOR;Ramal;Superficie;Salida de vía;Contra mediana;1;1;;;;0;;;No;Densa;Mojado;P. Municipal;Si;No;No;No;No;Lluvia;Buena;;Sin Restricción;;;V-1;Accidente de un turismo por salida de vía quedando este en dirección contraria. Sin heridos ni daños al patrimonio. Se corta el ramal 08RT hasta que dicho vehículo accidentado se retira por sus medios.;;;Se corta el ramal 08RT desde las 16:33 h hasta las 16:35 h.;;
19/04/2016;16:34;;20160419-0020;C-P-ACC-01;A2;05AT00;ENTRADA;Tronco;Superficie;Colisión de vehículos;Por alcance;2;1;;1;;0;;;No;Fluida;Mojado;;Si;No;Si;No;No;Lluvia;Buena;;Sin Restricción;;;M-3;Accidente entre un turismo y un camión por alcance ocupando el carril derecho.;;;Se corta el carril derecho desde las 16:34 h hasta las 18:17 h.;;
19/04/2016;16:45;;20160419-0021;C-P-ACC-01;M30;12RV00;EXTERIOR;Ramal;Superficie;Salida de vía;Contra mediana;1;1;;;1;1;;;Si;Densa;Mojado;P. Municipal y SUMMA;Si;Si;Si;No;No;Lluvia;Buena;;Sin Restricción;;;V-1;Accidente de un turismo por salida de vía, con daños al patrimonio y 1 herido leve trasladado al hospital por el SUMMA.;3 Barreras y 3 CPN;Desengrante;Se corta el carril izquierdo desde las 16:50 h hasta las 17:35 h.;;
19/04/2016;18:32;;20160419-0026;C-P-ACC-01;M30;23NC00;INTERIOR;Tronco;Superficie;Salida de vía;;1;1;;;;0;;;No;Fluida;Mojado;P. Municipal;Si;No;No;No;No;Lluvia;Buena;;Sin Restricción;;;V-2;Accidente de un turismo por salida de vía, se corta el carril izquierdo central.;;;Se corta el carril izquierdo central desde las 18:32 h hasta las 18:53 h.;;
19/04/2016;18:40;;20160419-0027;C-P-ACC-01;M30;20NC90;INTERIOR;Tronco;Superficie;Salida de vía;;1;1;;;;0;;;Si;Congestionada;Mojado;P. Municipal;Si;No;Si;No;No;Lluvia;Buena;;Sin Restricción;;;M-2;Accidente de un turismo por salida de vía que se encuentra sobre el muro de hormigón, con daños al patrimonio y sin heridos.;3 Hitos con bases y 1 Barrera;;Se corta el carril derecho desde las 19:05 h hasta las 19:25 h.;;
20/04/2016;07:51;;20160420-0003;C-P-ACC-01;M30;12RH60;INTERIOR;Ramal;Superficie;Salida de vía;Contra mediana;1;1;;;;0;;;Si;Congestionada;Mojado;;Si;No;No;No;Si;Lluvia;Buena;;Sin Restricción;;;M-1;Accidente contra mediana en margen izquierdo, sin heridos , con daños al patrimonio.;6barreras-5cpn y 1 separador.;;;;
20/04/2016;07:58;;20160420-0004; C-E-ACC-01;M11;32RN10;SALIDA;Ramal;Superficie;Colisión de vehículos;Por alcance;3;2;1;;;0;1;;No;Densa;Mojado;P. Municipal y SAMUR;Si;No;Si;No;Si;Lluvia;Buena;;Sin Restricción;;;M-4;Caída de motorista hasta golpearse con cpn, al parar un vehículo para a auxiliarle, llega otro produciendo un accidente por alcance-lateral, motorista con pronóstico grave trasladado al clínico san carlos, la moto retirada por grúa policía.;;;;;
20/04/2016;08:13;;20160420-0008;C-P-ACC-01;M30;08XL80;EXTERIOR;VS;Superficie;Colisión de vehículos;Por alcance;2;2;;;;0;;;No;Congestionada;Mojado;P. Municipal;Si;No;No;No;No;Lluvia;Buena;;Sin Restricción;;;V-1;Señalizar accidente por alcance en carril derecho, se retiran por sus medios.;;;;;
20/04/2016;08:25;;20160420-0009; C-E-ACC-01;M30;23NC00;INTERIOR;Tronco;Superficie;Vuelco;;1;1;;;2;2;;;Si;Densa;Mojado;P. Municipal y SAMUR;Si;Si;Si;No;No;Lluvia;Buena;;Sin Restricción;;;V-2;Vuelco en carril derecho, dos heridos leves dados de alta en el punto.;8 barreras-4cpn-señal de velocidad de 90-poste de señal-2 paneles direccionales-2 postes de panel, 2 hito + base y 1 poste de pk arrancado.;desengrasante.;;;
20/04/2016;08:45;;20160420-0010;C-P-ACC-01;M30;04RT20;INTERIOR;Ramal;Superficie;Colisión de vehículos;Por alcance;2;2;;;;0;;;No;Densa;Mojado;P. Municipal;Si;No;Si;No;No;Lluvia;Buena;;Sin Restricción;;;V-1;Señalizar accidente sin daños ni heridos en carril derecho, el vehículo1 se retira por sus medios y el 2 en su grúa seguro.;;;;;
20/04/2016;10:23;;20160420-0019; C-E-ACC-01;M30;07RU20;EXTERIOR;Ramal;Superficie;Vuelco;;1;1;;;1;1;;;Si;Fluida;Mojado;P.Municipal, P.Nacional, Bomberos y SAMUR;Si;No;Si;No;No;Lluvia;Buena;;Sin Restricción;;;V-1 / M-1;Señalizar accidente (vuelco) con daños al patrimonio y 1 herido leve dado de alta en el punto. Dicho vehículo es retirado por su grúa del seguro.;12 metros de tuberia de cables de farola, estos se encuentran sueltos.;;Se corta el carril derecho desde las 10:28 h hasta las 11:45 h.;;
20/04/2016;15:47;;20160420-0028;T-P-ACC-01;M30;18XC87;EXTERIOR;Tronco;Túnel;Colisión de vehículos;Por alcance;2;2;;;;0;;;No;Congestionada;Mojado;;Si;No;No;No;No;Lluvia;Buena;;Sin Restricción;;;AIAM Portugal;Aviso de accidente entre 2 vehículos, cuando llegan los AIAM solo queda 1 vehículo implicado que se retira del punto por sus medios siendo escoltado por la Bomba C-12 hasta el exterior.;;;Se corta el carril derecho desde las 15:55 h hasta las 15:58 h.;;
20/04/2016;15:55;;20160420-0029;C-P-ACC-01;M30;19XC20;EXTERIOR;Tronco;Superficie;Colisión de vehículos;Por alcance;2;2;;;;0;;;No;Densa;Mojado;P. Municipal;No;No;No;No;No;Lluvia;Buena;;Sin Restricción;;;V-2;Señalizar accidente entre 2 vehículos ocupando el arcén derecho.;;;;;