Fecha;Hora;Día;Nº Incidencia;sitrem;Carretera;MC30;Calzada;Localización;Enlace;Tipo de accidente;Tipo de colisión;Nº Vehículos implicados;Nº Turismos;Nº Motocicletas;Nº vehículos pesados;H.L.;hl;hg;vm;Daños al mobiliario urbano;Circulación;Estado del Firme;Presencia Recursos Externos;Corte Carril;Vertido;Grúa usuario;Grúa Propia EMESA;Grúa Movilidad;Factores Atmosféricos;Visibilidad señalización;Señalización de Peligro;Visibilidad restringida por;Aceras;Árboles;Vehículos denominación;Descripción del accidente;Daños causados al viario;Materiales utilizados;Observaciones;;
20/04/2016;15:59;;20160420-0030; T-E-ACC-01;A5;03FL53;SALIDA;Tronco;Túnel;Colisión de vehículos;Por alcance;2;2;;;1;1;;;No;Densa;Seco y Limpio;P. Municipal y SAMUR;Si;No;No;Si;No;Lluvia;Buena;;Sin Restricción;;;AIAM Calderón;Vehículo parado en el carril derecho debido al accidente que sufrió con el vehículo de la incidencia anterior Nº 28 atendida por los AIAM de Base Portugal. 1 herido leve trasladado al hospital y la Plataforma C-10 retira al exterior dicho vehículo implicado.;;;Se corta el carril derecho desde las 16:08 h hasta las 16:13 h.;;
20/04/2016;16:45;;20160420-0033;C-E-ACC-01;M30;22RE50;EXTERIOR;Ramal;Superficie;Salida de vía;;2;2;;;;0;;;Si;Congestionada;Mojado;P. Municipal;Si;Si;Si;No;No;Lluvia;Buena;;Sin Restricción;;;V-2 / M-2;Señalizar accidente de vehículos en el ramal 22RE, este es cortado para retirar vehículos y efectuar limpieza. Sin heridos, actua el SELUR avisados por Policía Municipal.;3 Tramos de barandilla.;;Se corta el ramal 22RE desde las 16:45 h hasta las 18:15 h.;;
20/04/2016;18:36;;20160420-0035;T-P-ACC-01;M30;17NC36;INTERIOR;Tronco;Túnel;Colisión de vehículos;Por alcance;2;2;;;;0;;;No;Densa;Seco y Limpio;P. Municipal;Si;No;No;No;No;Lluvia;Buena;;Sin Restricción;;;AIAM Calderón;Colisión por alcance entre 2 vehículos. Sin heridos ni daños al patrimonio. Ambos se retiran por sus medios.;;;Se corta el carril derecho desde las 18:41 h hasta las 18:57 h.;;
20/04/2016;19:07;;20160420-0037;C-P-ACC-01;M30;23XC10;EXTERIOR;Tronco;Superficie;Salida de vía;;1;1;;;;0;;;No;Fluida;Mojado;P. Municipal;No;No;No;No;No;Lluvia;Buena;;Sin Restricción;;;V-2;Accidente de 1 vehículo por salida de vía hacía el lado izquierdo, señalizado en el arcén derecho y cuando llega el vigilante ya se encontraba en el punto la grúa externa cargando dicho vehículo.;;;;;
20/04/2016;19:50;;20160420-0038;C-P-ACC-01;M30;31NC60;INTERIOR;Tronco;Superficie;Colisión de vehículos;;2;2;;;;0;;;No;Congestionada;Seco y Limpio;P. Municipal;Si;No;Si;No;No;Buen Tiempo;Buena;;Sin Restricción;;;M-2;Señalizar a 2 vehículos accidentados en el carril izquierdo y después en el arcén derecho PK 32+300.;;;Se corta el carril izquierdo desde las 20:00 h hasta las 20:10 h.;;
21/04/2016;07:37;;20160421-0004;C-P-ACC-01;M30;07XC80;EXTERIOR;Tronco;Superficie;Colisión de vehículos;Lateral;2;1;;1;;0;;;No;Densa;Seco y Limpio;P. Municipal;Si;No;No;No;No;Buen Tiempo;Buena;;Sin Restricción;;;V-1;Señalizar accidente por alcance lateral entre 2 vehículos en el transfer de vía de servicio sl tronco, son trasladado al PK 7+400 y más tarde Policía Municipal los retira al PK 5+500. Sin heridos ni daños al patrimonio, ambos abandonan el punto por sus medios.;;;Se corta el carril derecho desde las 07:37 h hasta las 08:51 h.;;
21/04/2016;08:05;;20160421-0005;;M30;16NC55;INTERIOR;Tronco;Túnel;;;2;2;;;;1;;;No;Congestionada;Seco y Limpio;P. Municipal y P. Nacional;Si;;;;;;;;;;;AIAM Calderón;Vehículos parados con policía, salen por sus medios, los escoltamos al exterior;;;;;
21/04/2016;08:24;;20160421-0006;T-P-ACC-01;A5;04FT42;ENTRADA;Tronco;Túnel;Colisión de vehículos;Lateral;2;2;;;;0;;;No;Densa;Seco y Limpio;P. Nacional;Si;No;No;No;No;Buen Tiempo;Buena;;Sin Restricción;;;AIAM Portugal;Accidente entre 2 vehículos por alcance leve ocupando el carril derecho, Policía Nacional se encuentra en el punto cuando llegan los AIAM. Sin heridos ni daños al patrimonio.;;;Se corta el carril derecho desde las 08:26 h hasta las 08:43 h.;;
21/04/2016;10:51;;20160421-0013;T-P-ACC-01;M30;14XL33;EXTERIOR;Tronco;Túnel;Colisión de vehículos;Por alcance;2;2;;;;0;;;No;Densa;Seco y Limpio;P. Municipal;Si;No;No;Si;No;Buen Tiempo;Buena;;Sin Restricción;;;AIAM Calderón;Accidente entre 2 vehículos por alcance. Los AIAM retiran al exterior a uno de los vehículos implicados.;;;Se corta el carril derecho desde las 10:56 h hasta las 11:17 h.;;
21/04/2016;13:57;;20160421-0024; C-E-ACC-01;M30;30NC00;INTERIOR;Tronco;Superficie;Colisión de vehículos;Por alcance;3;3;;;1;1;;;No;Densa;Seco y Limpio;P. Municipal y SAMUR;Si;No;Si;Si;Si;Buen Tiempo;Buena;;Sin Restricción;;;V-1 / V-2 / M-2;Accidente entre 3 vehículos por alcance ocupando el carril derecho. 1 herido es trasladado por el Samur al hospital y uno de los vehículos implicado es retirado por la grúa de movilidad.;;;Se corta el carril derecho desde las 14:28 h hasta las 15:00 h.;;
21/04/2016;18:34;;20160421-0044; C-E-ACC-01;M30;19XC10;EXTERIOR;Tronco;Superficie;Colisión de vehículos;Por alcance;3;3;;;2;2;;;No;Densa;Seco y Limpio;P. Municipal y SAMUR;Si;No;Si;No;No;Buen Tiempo;Buena;;Sin Restricción;;;V-2 / AIAM Portugal;El V-2 realiza el relevo a los AIAM de Base Portugal en un accidente entre 3 vehículos por alcance cortando el carril derecho. 2 heridos leves dados de alta en el punto y la Policía Municipal rechaza una grúa externa.;;;Se corta el carril derecho desde las 18:36 h hasta las 20:02 h.;;
21/04/2016;20:42;;20160421-0055;C-P-ACC-01;M30;23XC80;EXTERIOR;Tronco;Superficie;Colisión de vehículos;Por alcance;2;2;;;;0;;;No;Fluida;Seco y Limpio;P. Municipal;No;No;Si;No;No;Buen Tiempo;Buena;;Sin Restricción;;;V-2 / M-2;Accidente entre 2 vehículos por alcance, cuando llega el vigilante solo queda 1 vehículo implicado ocupando el arcén derecho que esta siendo cargado en su grúa del seguro.;;;;;
21/04/2016;21:32;;20160421-0058;C-P-ACC-01;M30;28XC70;EXTERIOR;Tronco;Superficie;Colisión de vehículos;Por alcance;2;2;;;;0;;;No;Fluida;Seco y Limpio;P. Municipal;Si;No;Si;No;No;Buen Tiempo;Buena;;Sin Restricción;;;V-2;Accidente entre 2 vehículos por alcance cortando el carril derecho, furgoneta implicada se encuentra fuera de zona y se retiran los restos.;;1 bolsa de servicio;Se corta el carril derecho desde las 21:36 h hasta las 21:55 h.;;
22/04/2016;06:37;;20160422-0003; C-E-ACC-01;M30;23NC00;INTERIOR;Tronco;Superficie;Salida de vía;Lateral;1;1;;;;1;;;No;Densa;Mojado;P. Municipal;Si;No;No;No;Si;Lluvia;Buena;;Sin Restricción;;;V-1;Señalizar accidente en carril izquierdo, sin daños a patrimonio, sin heridos y Policía lo retira al arcen derecho. Lo retira gruas de Movilidad.;;;;;
22/04/2016;08:07;;20160422-0006;C-P-ACC-01;M30;02XC00;EXTERIOR;Tronco;Superficie;Colisión de vehículos;Por alcance;3;3;;;;0;;;No;Congestionada;Mojado;P. Municipal;No;No;No;No;No;Lluvia;Buena;;Sin Restricción;;;M-4;Accidente leve, sin heridos, por alcance 3 vehiculos implicados. Policíapaa cehiculos al arcen derecho. Cuando llego policía no esta. Los vehiculos se marchan por sus medios.;;;;;
22/04/2016;08:18;;20160422-0007;C-P-ACC-01;M30;20XC10;EXTERIOR;Tronco;Superficie;Salida de vía;Por alcance;1;1;;;;0;;;Si;Densa;Mojado;P. Municipal;Si;No;Si;No;No;Buen Tiempo;Buena;;Sin Restricción;;;V-2;Accidente en carril izquierdo. Con ayuda de Policía retiramos vehiculo al arcen derecho.;3 metros de muro de lamediana central;;;;
22/04/2016;09:02;;20160422-0012; C-E-ACC-01;M30;31NC90;INTERIOR;Tronco;Superficie;Otros;;1;;1;;;1;;;No;Congestionada;Mojado;P. Municipal y SAMUR;No;No;No;No;No;Buen Tiempo;Buena;;Sin Restricción;;;M-4;Caida motorista en carril derecho. Samur y Policía lo trasladan a isleta 32+200 para no cortar carril. La moto viene otro trabajador triado por su jefe para seguir con el reparto. Sin pronostico;;;;;
22/04/2016;09:12;;20160422-0013;C-P-ACC-01;M30;00XC40;EXTERIOR;Tronco;Superficie;Colisión de vehículos;Lateral;2;2;;;;0;;;No;Densa;Mojado;P. Municipal;Si;No;Si;No;No;Lluvia;Buena;;Sin Restricción;;;V-1;Señalizar accidente lateral en carril derecho, sin daños, ni heridos. Lo retiran gruas seguros.;E;;;;
22/04/2016;09:24;;20160422-0014;T-P-ACC-01;A5;03FT48;ENTRADA;Tronco;Túnel;Colisión de vehículos;Por alcance;2;2;;;;0;;;No;Congestionada;Seco y Limpio;P. Municipal;Si;No;No;Si;No;;Buena;;Sin Restricción;;;AIAM Portugal, Calderón;Alcance de 2 vehiculos en 03FT48, uno sale por sus medios, el otro lo retiramos con C-10;;;;;
22/04/2016;09:20;;20160422-0015;C-P-ACC-01;M30;06XC80;EXTERIOR;Tronco;Superficie;Colisión de vehículos;Por alcance;2;2;;;;0;;;No;Densa;Mojado;;Si;No;No;No;No;Lluvia;Buena;;Sin Restricción;;;V-1;Señalizar accidente por alcance en carril izquierdo, se retrian por sus medios.;;;;;
22/04/2016;09:42;;20160422-0019;C-P-ACC-01;M30;12RV80;EXTERIOR;Ramal;Superficie;Colisión de vehículos;Contra mediana;1;1;;;;0;;;Si;;;;;;;;;;;;;;;M-1;Daños en barrera, en el `punto se e3ncuentra la matricula del vehiculo implicado. Datos facilitados por Policía control sala.;6 barreras, 10 cpns, 10 separadores;;;;
22/04/2016;14:50;;20160422-0030;C-P-ACC-01;M30;10NL10;INTERIOR;Tronco;Superficie;Colisión de vehículos;Por alcance;2;2;;;;0;;;No;Densa;Seco y Limpio;P. Municipal;Si;No;Si;No;No;Buen Tiempo;Buena;;Sin Restricción;;;V-2;Accidente sin heridos en carril derecho.;;;;;
22/04/2016;15:15;;20160422-0031;C-P-ACC-01;M30;12RH30;INTERIOR;Ramal;Superficie;Colisión de vehículos;Por alcance;2;2;;;;0;;;No;Congestionada;Seco y Limpio;P. Municipal;Si;No;No;No;No;Lluvia;Buena;;Sin Restricción;;;V.1;Corto carril derecho por accidente.;;;;;
22/04/2016;15:48;;20160422-0034;C-P-ACC-01;M30;00NC50;INTERIOR;Tronco;Superficie;Colisión de vehículos;Por alcance;2;2;;;;0;;;No;Densa;Seco y Limpio;P. Municipal;Si;No;Si;No;No;Buen Tiempo;Buena;;Sin Restricción;;;V-2;Accidente en carril derecho;;;;;
22/04/2016;16:11;;20160422-0037;C-P-ACC-01;M30;03NL70;INTERIOR;VS;Superficie;Colisión de vehículos;Lateral;2;2;;;;0;;;No;Congestionada;Seco y Limpio;;No;No;No;No;No;Buen Tiempo;Buena;;Sin Restricción;;;V-2;Señalizar accidente entre 2 vehículos por alcance que se encuentran ocupando el arcén derecho. Sin heridos ni daños al patrimonio, ambos vehículos se retiran del punto por sus medios.;;;;;
22/04/2016;20:52;;20160422-0048; C-E-ACC-01;M30;01XL20;EXTERIOR;VS;Superficie;Otros;;1;;1;;1;1;;;No;Fluida;Mojado;P. Municipal y SAMUR;Si;No;Si;No;No;Buen Tiempo;Buena;;Sin Restricción;;;V-1 / V-2;Señalizar accidente de 1 motorista por caida que resulta herido leve y trasladado al hospital por el Samur. La motocicleta es trasladada al ramal 00RN donde es cargada en su grúa del seguro.;;;Se corta el carril derecho desde las 21:05 h hasta las 21:25 h.;;
23/04/2016;12:40;;20160423-0011;C-P-ACC-01;A2;04AT50;ENTRADA;Tronco;Superficie;Colisión de vehículos;Por alcance;2;2;;;;0;;;No;Fluida;Seco y Limpio;P. Municipal;Si;No;Si;No;No;Buen Tiempo;Buena;;Sin Restricción;;;V-1;Accidente entre 2 vehículos por alcance, cuando llega el vigilante solo queda 1 vehículo implicado señalizado por Policía Municipal cortando el carril derecho. Dicho vehículo es retirado por su grúa del seguro.;;;Se corta el carril derecho desde las 12:41 h hasta las 12:59 h.;;
23/04/2016;14:09;;20160423-0013;C-P-ACC-01;M30;06RA20;INTERIOR;Ramal;Superficie;Colisión de vehículos;Por alcance;2;2;;;;0;;;No;Fluida;Seco y Limpio;P. Municipal;Si;No;Si;No;No;Buen Tiempo;Buena;;Sin Restricción;;;V-1;Accidente entre 2 vehículos por alcance ocupando el carril derecho. Sin heridos ni daños al patrimonio. Uno de los vehículos implicados se retira por sus medios y el otro en su grúa del seguro.;;;Se corta el carril derecho desde las 14:18 h hasta las 14:49 h.;;
23/04/2016;15:00;;20160423-0016; C-E-ACC-01;M30;10XL00;EXTERIOR;Tronco;Superficie;Colisión de vehículos;Por alcance;3;3;;;1;1;;;No;Fluida;Seco y Limpio;P. Municipal y SAMUR;Si;No;No;No;No;Buen Tiempo;Buena;;Sin Restricción;;;V-2;Accidente entre 3 vehículos por alcance ocupando el carril derecho, se señaliza junto con Policía Municipal. 1 herido leve y 1 vehículo implicado retirado por grúa externa Lopez Ollero.;;;Se corta el carril derecho desde las 15:10 h hasta las 15:55 h.;;
23/04/2016;16:46;;20160423-0019;C-P-ACC-01;M30;23NC00;INTERIOR;Tronco;Superficie;Salida de vía;;1;1;;;;0;;;No;Fluida;Mojado;P. Municipal;No;Si;Si;No;No;Lluvia;Buena;;Sin Restricción;;;V-2;Accidente de 1 vehículo por salida de vía al tomar una curva, este colisiona contra el muro y parandose en el arcén derecho, se señaliza junto con Policía Municipal. Sin heridos ni daños al patrimonio;;;;;
24/04/2016;05:22;;20160424-0005;C-P-ACC-01;A4;12RR00;ENTRADA;Ramal;Superficie;Salida de vía;;1;1;;;;0;;;No;Fluida;Seco y Limpio;P. Municipal;Si;No;Si;No;No;Buen Tiempo;Buena;;Sin Restricción;;;V-1 / V-2;Accidente de 1 vehículo por salida de vía, sin heridos ni daños al patrimonio.;;;Se corta el carril derecho desde las 05:25 h hasta las 05:50 h.;;
24/04/2016;08:32;;20160424-0006;T-P-ACC-01;M30;10XC31;EXTERIOR;Tronco;Túnel;Salida de vía;Frontal;1;1;;;;0;;;Si;Fluida;Seco y Limpio;P. Municipal;Si;Si;No;Si;No;Buen Tiempo;Buena;;Sin Restricción;;;AIAM Calderón;Accidente de 1 vehículo por salida de vía con 4 adultos y 1 bebe que se golpea contra el hastial izquierdo causando daños en un exutorio. Sin heridos. El vehículo es sacado al exterior por la Plataforma C-10.;;Sepiolita fina;Se corta el carril derecho desde las 08:40 h hasta las 09:04 h.;;
24/04/2016;08:36;;20160424-0007;C-P-ACC-01;M30;12NL20;INTERIOR;Tronco;Superficie;Salida de vía;Lateral;1;1;;;;0;;;No;Fluida;Seco y Limpio;P. Municipal;Si;No;Si;No;No;Buen Tiempo;Buena;;Sin Restricción;;;V-1;Salida de via contra muro lado izquierdo, el vehiculo parado en carril central derecho, sin posibilidad de ser movido. Policía corta 3 carriles derechos hasta retirada de este por grúa Ollero al 12RA por orden de Policia para hacer Alcoholemia, corto arcen derecho hassa retirada en grúa propia. Ususario detenido por Policía.   ;;;;;
24/04/2016;10:02;;20160424-0008;C-P-ACC-01;A4;04UL50;SALIDA;Tronco;Superficie;Colisión obstaculo;Por alcance;1;1;;;;0;;;No;Fluida;Seco y Limpio;;Si;No;Si;No;No;Buen Tiempo;Buena;;Sin Restricción;;;V-1;Vehiculo parado en carcen derecho, con golpe en lado derecho delantero, según usuario un peroo se cruza en 12RH. Corto 1/2 carril dercho, hasta retirada en grúa propia. V-2 revisa 12RH.;;;;;
24/04/2016;13:07;;20160424-0018;C-P-ACC-01;M30;32RC10;EXTERIOR;Ramal;Superficie;Colisión de vehículos;Por alcance;2;2;;;;0;;;No;Fluida;Seco y Limpio;P. Municipal;Si;No;No;No;No;Buen Tiempo;Buena;;Sin Restricción;;;V-1;Colisión alcance carril derecho, incorporación a M-11 salida, segunusuario el otro vehiculo se va sin hacer parte, corto 1/2 carril derecho de entrada a32RC, hasta que el otro  vehiculo implicado vuelve al punto hacer parte amistoso y se retiran los 2 por sus medios.;;;;;
25/04/2016;00:25;;20160425-0001;;A2;04AL50;SALIDA;Tronco;Superficie;Salida de vía;;1;1;;;;0;;;Si;Fluida;Seco y Limpio;P. Municipal;Si;No;Si;No;No;Buen Tiempo;Buena;;Sin Restricción;;;V-1 / F-56 / C-9;Accidente de 1 vehículo por salida de vía que colisona contra imposta causando daños, se solicita personal de conservación para la reparación de los daños.;1 Imposta;;Se corta el carril derecho desde las 00:40 h hasta las 03:37 h.;;
25/04/2016;09:25;;20160425-0010; C-E-ACC-01;M30;08NL90;INTERIOR;VS;Superficie;Salida de vía;Lateral;1;1;;;1;1;;;No;Densa;Seco y Limpio;P. Municipal y SAMUR;Si;No;No;No;No;Buen Tiempo;Buena;;Sin Restricción;;;V-1;Accidente de 1 vehículo por salida de vía hacía el muro quedandose este parado en el carril izquierdo. Se señaliza junto con Policía Municipal. Sin heridos ni daños al patrimonio.;;2 Bolsas;Se corta el carril izquierdo desde las 09:35 h hasta las 10:05 h.;;
25/04/2016;15:52;;20160425-0015;T-P-ACC-01;M30;19XC06;EXTERIOR;Tronco;Túnel;Colisión de vehículos;Por alcance;2;2;;;;0;;;No;Fluida;Seco y Limpio;;No;No;No;No;No;Buen Tiempo;Buena;;Sin Restricción;;;AIAM Portugal / M-2;Accidente entre vehículos por alcance. Sin heridos ni daños al patrimonio. El vigilante M-2 se encuentra con la incidencia y confirma que dichos vehículos se retiran del punto por sus medios antes de la llegada de los AIAM de Base Portugal.;;;;;
26/04/2016;07:45;;20160426-0003; C-E-ACC-01;M30;06XL30;EXTERIOR;VS;Superficie;Colisión de vehículos;Por alcance;3;3;;;1;1;;;No;Congestionada;Seco y Limpio;P. Municipal y SAMUR;Si;Si;No;No;No;Buen Tiempo;Buena;;Sin Restricción;;;V-1 / M-4;Accidente entre 3 vehículos por alcance. Se señaliza junto con Policía Municipal.;;3 Kg de sepiolita gruesa y 2 bolsas;Se corta el carril derecho desde las 07:50 h hasta las 08:30 h.;;
26/04/2016;08:27;;20160426-0004;C-P-ACC-01;M30;28XC50;EXTERIOR;Tronco;Superficie;Colisión de vehículos;Por alcance;4;4;;;;0;;;No;Densa;Seco y Limpio;P. Municipal;Si;No;Si;No;No;Buen Tiempo;Buena;;Sin Restricción;;;V-2;Accidente entre 4 vehículos por alcance. Se corta el carril derecho para favorecer la incorpoaración. Sin heridos ni daños al patrimonio. 3 vehículos se retiran del punto por sus medios y 1 en su grúa del seguro.;;;Se corta el carril derecho desde las 08:50 h hasta las 09:30 h.;;
26/04/2016;08:41;;20160426-0005;C-P-ACC-01;M30;31NC50;INTERIOR;Tronco;Superficie;Colisión de vehículos;Por alcance;2;2;;;;0;;;No;Congestionada;Seco y Limpio;P. Municipal;No;No;Si;No;No;Buen Tiempo;Buena;;Sin Restricción;;;V-1;Accidente entre 2 vehículos por alcance (chapa) ocupando el arcén derecho. Se señaliza junto con Policía Municipal.;;;;;
26/04/2016;08:54;;20160426-0007;;A5;04FT00;ENTRADA;Tronco;Túnel;Colisión de vehículos;Por alcance;2;2;;;;0;;;No;Congestionada;Seco y Limpio;P. Municipal;Si;No;No;No;No;Buen Tiempo;Buena;;Sin Restricción;;;AIAM Portugal;Accidente entre 2 vehículos por alcance ocupando el carril derecho. Sin heridos ni daños al patrimonio, ambos vehículos se retiran del punto por sus medios.;;;Se corta el carril derecho desde las 08:58 h hasta las 09:06 h.;;
26/04/2016;09:15;;20160426-0009; C-E-ACC-01;M30;10XL20;EXTERIOR;Tronco;Superficie;Colisión de vehículos;Por alcance;3;3;;;1;1;;;No;Densa;Seco y Limpio;P. Municipal y SAMUR;No;No;No;No;No;Buen Tiempo;Buena;;Sin Restricción;;;M-4;Accidente entre 3 vehículos por alcance. 2 se quedan parados en el carril derecho y Policía Municipal los traslada al arcén derecho del PK 9+600. 1 vehículo se retira por sus medios antes de la llegada de Policía Municipal.;;;;;
26/04/2016;14:26;;20160426-0022;C-P-ACC-01;M30;00XC60;EXTERIOR;Tronco;Superficie;Colisión de vehículos;Por alcance;3;3;;;;0;;;No;Fluida;Seco y Limpio;;No;No;No;No;No;Buen Tiempo;Buena;;Sin Restricción;;;M-3;Accidente entre 3 vehículos por alcance ocupando el arcén derecho.;;;;;
26/04/2016;19:10;;20160426-0033;C-P-ACC-01;M30;01XC20;EXTERIOR;Tronco;Superficie;Colisión de vehículos;Por alcance;2;2;;;;0;;;No;Fluida;Seco y Limpio;;No;No;No;No;No;Buen Tiempo;Buena;;Sin Restricción;;;M-2;Señalizar a 2 vehículos accidentados por alcance que se encuentran parados en el arcén derecho.;;;;;
27/04/2016;07:32;;20160427-0007;;M30;02XC90;EXTERIOR;Tronco;Superficie;Colisión de vehículos;Por alcance;2;2;;;;0;;;No;Congestionada;Seco y Limpio;;Si;No;No;No;No;Buen Tiempo;Buena;;Sin Restricción;;;M4;Accidente leve por alcance de 2 vehículos, sin heridos;;;;;
27/04/2016;08:53;;20160427-0010;C-P-ACC-01;M607;09OT00;ENTRADA;Tronco;Superficie;Colisión de vehículos;Por alcance;2;2;;;;0;;;No;Congestionada;Seco y Limpio;P. Municipal;Si;No;No;No;No;Buen Tiempo;Buena;;Sin Restricción;;;V2;Alcance entre vehículos. Se retiran por sus medios. En el mismo punto hay un tercer vehículo averiado que es retirado por su asistencia. ;;;;;
28/04/2016;03:33;;20160428-0002;C-E-ACC-01;M30;00RT00;EXTERIOR;Ramal;Superficie;Salida de vía;Frontal;1;1;;;;0;;1;Si;Fluida;Mojado;P.M., SAMUR y Bomberos;Si;Si;Si;No;No;Lluvia;Buena;;Sin Restricción;;;V1 / V2;Vehículo se sale de vía produciendo daños en isleta central. Corte total del ramal. Ocupante fallecido. ITE 5543;14 metros de muro de contención/ 1 bañera 1,20 / 4 hitos H-75;;Vertido de aceite o combustible;;
28/04/2016;07:32;;20160428-0005;;M30;01XC00;EXTERIOR;Tronco;Superficie;Colisión de vehículos;Por alcance;2;2;;;;0;;;No;Congestionada;Seco y Limpio;P. Municipal;Si;No;Si;No;No;Buen Tiempo;Buena;;Sin Restricción;;;M4 / V1;Colisión de 2 vehícuilos en carril izquierdo. Uno de los vehículos reanuda la marcha y el otro lo traslado a arcén derecho. Se le ofrece grúa pero no la quiere;;;;;
28/04/2016;08:31;;20160428-0008;T-P-ACC-01;M30;14RT04;INTERIOR;Ramal;Túnel;Colisión de vehículos;Por alcance;2;2;;;;0;;;No;Congestionada;Seco y Limpio;;No;No;;;;Lluvia;Buena;;Sin Restricción;;;AIAM Calderón;Anulados antes de llegar al PK, donde se encuentran los dos vehículos parados.;;;;;
28/04/2016;11:28;;20160428-0015;C-P-ACC-01;M30;09VT40;INTERIOR;VS;Superficie;Colisión de vehículos;Lateral;3;2;;1;;0;;;No;Fluida;Seco y Limpio;P. Municipal;Si;No;No;No;No;Buen Tiempo;Buena;;Sin Restricción;;;V1   ;Colisión de 3 vehículos en carril derecho;;;;;
28/04/2016;14:08;;20160428-0019;C-P-ACC-01;M30;10XL10;EXTERIOR;Tronco;Superficie;Colisión de vehículos;Por alcance;3;3;;;;0;;;No;Densa;Seco y Limpio;;Si;No;No;No;No;Buen Tiempo;Buena;;Sin Restricción;;;V1;Colisión por alcance carril derecho, sin heridos ni daños. Movemos vehículos al 09XL50 arcén derecho hasta retirada de éstos por sus medios, una vez hacen partes amistosos. ;;;;;
28/04/2016;15:46;;20160428-0023;C-P-ACC-01;M30;05XL70;EXTERIOR;VS;Superficie;Colisión de vehículos;Por alcance;2;2;;;;0;;;No;Densa;Seco y Limpio;P. Municipal;Si;No;No;No;No;Buen Tiempo;Buena;;Sin Restricción;;;V1;Colisión por alcance lateral entre autobús y turismo en carril derecho, sin heridos ni daños. Corto carril derecho hasta retirada por sus medios, cuando hacen los partes. ;;;;;
28/04/2016;20:00;;20160428-0035;C-P-ACC-01;M30;09XL50;EXTERIOR;Tronco;Superficie;Salida de vía;;1;1;;;;0;;;No;Fluida;Seco y Limpio;P. Municipal;Si;No;No;No;No;Buen Tiempo;Buena;;Sin Restricción;;;V2;Accidente en carril izquierdo. Al llegar Policía lo ha retirado al arcén derecho;;;;;
28/04/2016;20:03;;20160428-0036; C-E-ACC-01;M30;09NL90;INTERIOR;Tronco;Superficie;Colisión de vehículos;Lateral;2;2;;;1;1;;;No;Densa;Seco y Limpio;P. Municipal y SAMUR;Si;No;No;No;No;Buen Tiempo;Buena;;Sin Restricción;;;V1;Colisión lateral carril derecho, con heridos y sin daños. Corto carril derecho hasta que SAMUR atiende y traslada al Gregorio Maraón. Un herido leve. El vehículo 2 sale por sus medios y el vehículo 1 lo saca grúa Ollero. ;;;;;
28/04/2016;21:00;;20160428-0038;C-P-ACC-01;M30;10XL00;EXTERIOR;Tronco;Superficie;Colisión de vehículos;Por alcance;2;2;;;;0;;;No;Fluida;Seco y Limpio;;Si;No;No;No;No;Buen Tiempo;Buena;;Sin Restricción;;;V1;Colisión por alcance en carril derecho, sin heridos ni daños. Movemos vehículos al 09XL40 arcén derecho. Corto medio carril derecho hasta retirada de éstos por sus medios una vez hacen los partes amistosos. ;;;;;
28/04/2016;22:24;;20160428-0040;;M30;19RA00;INTERIOR;Ramal;Superficie;Otros;;1;1;;;;0;;;Si;Fluida;Seco y Limpio;P. Municipal;Si;No;No;No;No;Buen Tiempo;Buena;;Sin Restricción;;;V1 / V2;Camión con exceso de gálibo. Colisiona con la viga del ramal 19RA;Viga golpeada;;;;
29/04/2016;13:42;;20160429-0023; C-E-ACC-01;M30;03XL70;EXTERIOR;VS;Superficie;Colisión de vehículos;Por alcance;2;1;1;;1;1;;;No;Densa;Seco y Limpio;P. Municipal;Si;No;No;No;Si;Buen Tiempo;Buena;;Sin Restricción;;;V-2;Accidente en carril central con Policía lo ponemos en arcen, señalizo. La moto da por detrás al coche al frenar.;;;;;
29/04/2016;14:03;;20160429-0026;C-P-ACC-01;M30;09XL90;EXTERIOR;Tronco;Superficie;Colisión de vehículos;;;;;;;0;;;;;;;No;;;;;;Buena;;;;;M-1;Aviso de accidente (se retiran a mi llegada);;;;;
29/04/2016;14:20;;20160429-0028;C-P-ACC-01;M30;05XL50;EXTERIOR;VS;Superficie;Colisión de vehículos;Por alcance;2;2;;;;0;;;No;Densa;Seco y Limpio;P. Municipal;Si;No;No;No;No;Buen Tiempo;Buena;;Sin Restricción;;;V-1/M-3;Accidente en carril izquierdo, sin heridos. Se avisa grúa externa.;;;;;
29/04/2016;18:20;;20160429-0033;C-P-ACC-01;M30;08NC60;INTERIOR;Tronco;Superficie;Colisión de vehículos;Por alcance;2;2;;;;0;;;No;Congestionada;Seco y Limpio;P. Municipal;Si;No;Si;No;No;Buen Tiempo;Buena;;Sin Restricción;;;V-2;Colisión en carril derecho de la entrada al túnel TL.;;;;;