Fecha;Hora;Día;Nº Incidencia;sitrem;Carretera;MC30;Calzada;Localización;Enlace;Tipo de accidente;Tipo de colisión;Nº Vehículos implicados;Nº Turismos;Nº Motocicletas;Nº vehículos pesados;H.L.;hl;hg;vm;Daños al mobiliario urbano;Circulación;Estado del Firme;Presencia Recursos Externos;Corte Carril;Vertido;Grúa usuario;Grúa Propia EMESA;Grúa Movilidad;Factores Atmosféricos;Visibilidad señalización;Señalización de Peligro;Visibilidad restringida por;Aceras;Árboles;Vehículos denominación;Descripción del accidente;Daños causados al viario;Materiales utilizados;Observaciones;;
29/04/2016;16:08;;20160429-0035;C-P-ACC-01;M30;10XL00;EXTERIOR;Tronco;Superficie;Colisión de vehículos;Por alcance;2;2;;;;0;;;No;;;;Si;No;No;No;No;Buen Tiempo;Buena;;Sin Restricción;;;V-1;Colisión de 2 vehiculos en carril derecho. Se avisa a grua externa.;;;;;
29/04/2016;16:12;;20160429-0036;C-P-ACC-01;M30;20NC80;INTERIOR;Tronco;Superficie;Colisión de vehículos;Por alcance;2;2;;;;0;;;No;Densa;Seco y Limpio;P. Municipal;;;No;No;No;Buen Tiempo;Buena;;Sin Restricción;;;V-2;;;;;;
29/04/2016;16:34;;20160429-0037; C-E-ACC-01;M30;05NL60;INTERIOR;VS;Superficie;Colisión de vehículos;Por alcance;2;2;;;1;1;;;No;Congestionada;Seco y Limpio;P. Municipal y SAMUR;Si;No;No;No;No;Buen Tiempo;Buena;;Sin Restricción;;;V-1/M-3;Colisión de 2 vehiculos en carril derecho, con herdio leve dado de alata en el punto. Vehiculos reanudan la marcha.;;;;;
29/04/2016;17:30;;20160429-0039; C-E-ACC-01;M30;00XC50;EXTERIOR;Tronco;Superficie;Colisión de vehículos;Por alcance;2;1;1;;1;0;;;No;Congestionada;Seco y Limpio;P. Municipal y SAMUR;Si;No;No;No;No;Buen Tiempo;Buena;;Sin Restricción;;;V-1;Colisión;de 2 vehiculos en carril derecho motorista implicadi. Herido leve trasladado. Se avisa grua externa.;;;;
29/04/2016;17:46;;20160429-0040;C-P-ACC-01;M30;12RU00;EXTERIOR;Ramal;Superficie;Salida de vía;Frontal;1;1;;;;1;;;Si;Congestionada;Seco y Limpio;P. Municipal;;No;Si;No;No;Buen Tiempo;Buena;;Sin Restricción;;;V-2;Salida de via con colisión con barrera lado derecho.;3 barreras, 1 cpn;;;;
29/04/2016;22:53;;20160429-0054;T-P-ACC-01;M30;15NC91;INTERIOR;Tronco;Túnel;Salida de vía;Lateral;1;1;;;;0;;;No;Fluida;Seco y Limpio;P. Municipal;Si;No;No;Si;No;Buen Tiempo;Buena;;Sin Restricción;;;AIAM Valencia;Vehiculo que golpea en hastial izq. No sufre daños personales la usuaria solo materiales el coche. Se corta carril izq, se saca con plataforma a la Virgen del Puerto.;;;;;
30/04/2016;00:17;;20160430-0001;C-E-ACC-01;M30;12RV00;EXTERIOR;Ramal;Superficie;Salida de vía;Por alcance;3;3;;;;0;;;Si;Fluida;Mojado;P. Municipal;Si;No;Si;No;No;Lluvia;Buena;;Sin Restricción;;;V-1/V-2;Corte total de ramal por salida de via vehiculo nº1 realiza daños a consecuencia de señalización de Policía. Furgón colisiona con cohe policial por alcance sin heridos. El centro de mando de las espiras se presenta personal de mantenimiento.;2 principios de barreras, 17 barreras, 17 cpns, 12 separadores, centro de mando de espiras, 3 hitos h-75, 8 Captafaros.;;Bomberos tambien actuan en incidencia.;;
30/04/2016;13:15;;20160430-0009; C-E-ACC-01;M30;03XC80;EXTERIOR;Tronco;Superficie;Otros;;1;;1;;1;1;;;Si;Fluida;Seco y Limpio;P. Municipal y SAMUR;Si;No;No;No;Si;Buen Tiempo;Buena;;Sin Restricción;;;V1 / V2;Vehículo desconocido atraviesa isleta esparciendo balizamiento por la calzada. Moto que circula por carril derecho cae al suelo. Atendido y trasladado por SAMUR. Moto cargada por grúa de movilidad;3 hitos y 1 bañera de 1,20. Sin datos de causante;;;;
30/04/2016;20:43;;20160430-0017; T-E-ACC-01;M30;17NC36;INTERIOR;Tronco;Túnel;Colisión de vehículos;Por alcance;2;2;;;1;1;;;No;Fluida;Seco y Limpio;P. Municipal y SAMUR;Si;No;No;No;No;Buen Tiempo;Buena;;Sin Restricción;;;AIAM Calderón;Colisión por alcance entre dos vehículos. La conductora de uno de ellos es asistida por SAMUR y dada de alta en el lugar. Ambos vehículos se retiran por sus medios. Cortamos carril derecho de 20:50 a 21:39;;;;;
01/05/2016;5:05;;20160501-0004;C-P-ACC-01;M30;06NL70;INTERIOR;VS;Superficie;Otros;;1;1;;;;0;;;No;Fluida;Seco y Limpio;P. Municipal y P. Nacional;Si;No;No;No;No;Buen Tiempo;Buena;;Sin Restricción;;;V-1;Vehiculo hace un trompo y le para Policía Nacional, se realiza prueba de alcoholemia.;;;;;
01/05/2016;05:03;;20160501-0005;T-P-ACC-01;M30;15XC57;EXTERIOR;Tronco;Túnel;Salida de vía;Lateral;1;1;;;;0;;;Si;Fluida;Seco y Limpio;P. Municipal;Si;No;No;Si;;Buen Tiempo;Buena;;Sin Restricción;;;AIAM Calderón;Furgón que sale de la vía golpea con bordillo izquierdo, que genera daños al patrimonio y no personales. Sacamos vehículos con C-10. Cortamos carril izquierdo de 05:07 a 05:39.;30 metros de bordillo;;;;
01/05/2016;12:24;;20160501-0010;;M30;22NC20;INTERIOR;Tronco;Superficie;Colisión de vehículos;Por alcance;3;3;;;;0;;;No;Densa;Seco y Limpio;;Si;No;Si;No;;Buen Tiempo;Buena;;Sin Restricción;;;V2;Alcance entre vehículos en carril derecho. Hacen parte y espera asistencia en arcén derecho. Otros 2 vehículos se retiran por sus medios;;;;;
01/05/2016;13:37;;20160501-0011;T-P-ACC-01;M30;17NC17;INTERIOR;Tronco;Túnel;Colisión de vehículos;Por alcance;3;3;;;;0;;;No;Congestionada;Seco y Limpio;P. Municipal;Si;No;No;No;;Buen Tiempo;Buena;;Sin Restricción;;;AIAM Calderón;Alcance entre vehículos. Señalizamos y salen por sus medios;;;;;
02/05/2016;12:50;;20160502-0008;C-P-ACC-01;M30;11NL10;INTERIOR;Tronco;Superficie;Colisión de vehículos;Por alcance;3;3;;;;0;;;No;Densa;Seco y Limpio;P. Municipal;Si;No;No;No;;Buen Tiempo;Buena;;Sin Restricción;;;V1;Colisión de vehículos en carriles derechos. Los vehículos se retiran por sus medios;;;;;
02/05/2016;15:43;;20160502-0011;T-P-ACC-01;M30;15NC81;INTERIOR;Tronco;Túnel;Salida de vía;;1;1;;;;0;;;No;Fluida;Seco y Limpio;P. Municipal;Si;No;No;Si;;Buen Tiempo;Buena;;Sin Restricción;;;AIAM Calderón / AIAM Valencia;El vehículo colisiona con el bordillo. Lo sacamos al exterior con Grúa F-12;;;;;
02/05/2016;23:00;;20160502-0020; C-E-ACC-01;M30;10NL40;INTERIOR;Tronco;Superficie;Colisión de vehículos;Por alcance;2;2;;;2;2;;;No;Fluida;Seco y Limpio;P. Municipal y SAMUR;;;;;;Buen Tiempo;Buena;;Sin Restricción;;;V-1;Colisión de dos vehículos carril derecho, policía los traslada a isleta.;;;;;
03/05/2016;09:44;;20160503-0014;C-P-ACC-01;M30;22NC50;INTERIOR;Tronco;Superficie;Colisión de vehículos;Por alcance;4;4;;;;0;;;No;Densa;Seco y Limpio;P. Municipal;;No;No;No;No;Buen Tiempo;Buena;;Sin Restricción;;;V-2;Alcance entre vehiculos carril derecho. Dos vehiculos son retirados por grúa externa M-30;;;;;
03/05/2016;13:55;;20160503-0023; C-E-ACC-01;M30;24NC60;INTERIOR;Tronco;Superficie;Colisión de vehículos;Lateral;4;3;1;;1;1;;;No;Densa;Seco y Limpio;P. Municipal y SAMUR;Si;No;Si;No;No;Buen Tiempo;Buena;;Sin Restricción;;;V-2;Herido conductor moto dandose alta en el punto. Moto cargada por grúia usuario;;;;;
03/05/2016;18:45;;20160503-0039;C-P-ACC-01;M30;12NL40;INTERIOR;Tronco;Superficie;Colisión de vehículos;Por alcance;3;3;;;;0;;;No;Congestionada;Seco y Limpio;P. Municipal;;No;No;No;No;Buen Tiempo;Buena;;Sin Restricción;;;V-1;Colisión de vehiculos sin daños. Grúa M-30 lo saca fuera de zona.;;;;;
03/05/2016;19:10;;20160503-0044;;M11;01MT00;ENTRADA;Tronco;Superficie;Colisión de vehículos;Por alcance;2;2;;;;0;;;No;Congestionada;Seco y Limpio;;;No;No;No;No;Buen Tiempo;Buena;;Sin Restricción;;;V-2;Señalizar accidente por alcance en isleta. No hay heridos, ni daños.;;;;;
03/05/2016;19:50;;20160503-0045;C-P-ACC-01;M30;12NL50;INTERIOR;Tronco;Superficie;Colisión de vehículos;Por alcance;3;3;;;;0;;;No;Densa;Seco y Limpio;P. Municipal;;No;No;No;No;Buen Tiempo;Buena;;Sin Restricción;;;V-1;Aviso Centro Control de vehiculo avriado. Cuando llego se trata de un accidente y solo queda un vehiculo.;;;;;
04/05/2016;08:55;;20160504-0007; T-E-ACC-01;M30;15NC98;INTERIOR;Tronco;Túnel;Salida de vía;;1;;1;;1;1;;;No;Congestionada;Seco y Limpio;P. Municipal y SAMUR;Si;No;No;Si;No;Buen Tiempo;Buena;;Sin Restricción;;;AIAM Calderón;Motorista cae, sacamos al exterior la moto, y sale con Samur la conductora.;;;;;
04/05/2016;09:14;;20160504-0009; C-E-ACC-01;A2;04AT00;ENTRADA;Tronco;Superficie;Colisión de vehículos;Por alcance;2;1;1;;1;1;;;No;Densa;Seco y Limpio;P. Municipal y SAMUR;Si;No;Si;No;No;Buen Tiempo;Buena;;Sin Restricción;;;V-1;Accidente en carril derecho. Herido dado de alta en el punto.;;;;;
04/05/2016;09:50;;20160504-0011;;M30;29NC30;INTERIOR;Tronco;Superficie;Otros;;1;1;;;;0;;;Si;Congestionada;Seco y Limpio;P. Municipal;Si;No;No;No;No;Buen Tiempo;Buena;;Sin Restricción;;;V-1;Vehiculo ardiendo carril derecho. Sofocado por Bomberos el vehiculo queda en carril derecho. Retira grúa externa M-30. ;1metro cuadrado de pavimento.;;;;
05/05/2016;07:33;;20160505-0003; C-E-ACC-01;M30;02XL50;EXTERIOR;VS;Superficie;Colisión de vehículos;Lateral;2;1;1;;1;1;;;No;Congestionada;Seco y Limpio;P. Municipal y SAMUR;Si;No;No;No;No;Buen Tiempo;Buena;;Sin Restricción;;;M4/V1;Accidente lateral moto y vehículo.1 herido (motorista).;;;Corte carril 07:33 - 08:10;;
05/05/2016;08:20;;20160505-0004;;M30;18RN24;EXTERIOR;Ramal;Túnel;Colisión de vehículos;;2;;;;;2;;;;;;;;;;;;;;;;;;;;;;;;
05/05/2016;09:55;;20160505-0011;C-P-ACC-01;M30;25XC60;EXTERIOR;Tronco;Superficie;Otros;;1;;1;;;0;;;No;Fluida;Seco y Limpio;P. Municipal;Si;No;No;No;Si;Buen Tiempo;Buena;;Sin Restricción;;;V2;Policía se encuentra moto accidentada en ramal.Sin conductor.La llevan al arcén en el PK 25+000 y es retirada por la grúa de movilidad.;;;Corte carril 10:05 - 10:35;;
05/05/2016;12:50;;20160505-0017;C-P-ACC-01;M30;10NL70;INTERIOR;Tronco;Superficie;Colisión de vehículos;Lateral;2;1;;1;;0;;;No;Densa;Seco y Limpio;P. Municipal;No;No;No;No;No;Buen Tiempo;Buena;;Sin Restricción;;;V1;Accidente enc arril derecho.Con ayuda de policía retiramos los vehículos fuera de zona.;;;;;
05/05/2016;22:25;;20160505-0030;C-P-ACC-01;M30;31NC70;INTERIOR;Tronco;Superficie;Colisión de vehículos;;2;2;;;;0;;;No;Densa;Seco y Limpio;P. Municipal;Si;No;;;;Buen Tiempo;Buena;;Sin Restricción;;;V1;Colisión de 2 vehículos en carril derecho.Uno de los vehículos no para.;;;Corte carril 22:33 - 22:50;;
06/05/2016;07:30;;20160506-0004; T-E-ACC-01;A5;04FT08;ENTRADA;Tronco;Túnel;Colisión de vehículos;Por alcance;3;3;;;;1;;;No;Congestionada;Seco y Limpio;P. Municipal y SAMUR;Si;No;No;Si;No;Buen Tiempo;Buena;;Sin Restricción;;;AIAM Portugal;Accidente entre 3 veh. Se solicita Samur para el usuario de veh2(trasladado la clinico).Cargamos con la grúa F11 el veh 2 y lo sacamos al exterior.Los veh 1 y 3 se retiran del punto por sus propios medios.;;;Corte carril 07:33 - 08:08;;
06/05/2016;12:28;;20160506-0009;C-P-ACC-01;M30;05NL70;INTERIOR;VS;Superficie;Colisión de vehículos;Por alcance;2;2;;;;0;;;No;Densa;Seco y Limpio;P. Municipal;Si;No;;;;Buen Tiempo;Buena;;Sin Restricción;;;V1;Accidente en arcén derecho. A mi llegada policía tiene cortado carril derecho.;;;Corte carril 14:58 - 15:50;;
06/05/2016;14:40;;20160506-0011;C-P-ACC-01;M30;24XC90;EXTERIOR;Tronco;Superficie;Colisión de vehículos;Por alcance;2;2;;;;0;;;No;Congestionada;Mojado;P. Municipal;Si;No;Si;No;No;Lluvia;Buena;;Sin Restricción;;;V1;Aviso del CCT de accidente.Colisión entre 3 veh a mi llegada, uno ya no está.Sin heridos ni daños se corta carrio derecho.;;;;;
06/05/2016;16:15;;20160506-0014;C-P-ACC-01;M30;30NC80;INTERIOR;Tronco;Superficie;Colisión de vehículos;;2;2;;;;0;;;No;Congestionada;Seco y Limpio;P. Municipal;Si;No;Si;No;No;Buen Tiempo;Buena;;Sin Restricción;;;V2;Vehículo en carril derecho.Se trata de un accidente sin heridos ni daños.Un vehículo se ha retirado,el otro espera grúa.;;;Corte carril derecho 11:15 - 11:35;;
06/05/2016;17:35;;20160506-0018;C-P-ACC-01;M30;26NC20;INTERIOR;Tronco;Superficie;Colisión de vehículos;Por alcance;2;2;;;;0;;;No;Densa;Mojado;P.M., SAMUR y Bomberos;Si;No;No;No;No;Lluvia;Buena;;Sin Restricción;;;V2;Balsa de agua en calzada, vehículo hace aguaplaning colisionando con el 2 veh (no hay heridos).Grúa M30 saca 1 veh  fuera de la calzada.;;;Corte 2 carriles derechos 17:40 - 18:05.;;
06/05/2016;18:00;;20160506-0019;T-P-ACC-01;M30;14XL29;EXTERIOR;Tronco;Túnel;Colisión de vehículos;Por alcance;2;2;;;;0;;;No;Fluida;;P. Municipal;Si;No;No;Si;No;Buen Tiempo;Buena;;Sin Restricción;;;AIAM Calderón;Colisión por alcance de 2 vehículos.Sacamos al veh 2 al exterioe.;;;Corte carril derecho 18:04 - 18:28;;
06/05/2016;18:30;;20160506-0021;C-P-ACC-01;M30;10NL60;INTERIOR;Tronco;Superficie;Colisión de vehículos;Por alcance;3;3;;;1;3;;;No;Congestionada;Mojado;P. Municipal y SAMUR;Si;No;Si;No;No;Buen Tiempo;Buena;;Sin Restricción;;;V1/Captz Conservación;Aviso del CCT aciidente.Colisión de 3 vehículos carril derecho.trasladado de 2 heridos al Gregorio Marañon del veh2 .El herido del veh 1 asistido en el punto.;;;Corte carril derecho 21:19 - 21:51;;
06/05/2016;21:14;;20160506-0026;T-P-ACC-01;A5;03FT45;ENTRADA;Tronco;Túnel;Colisión de vehículos;Lateral;3;3;;;;0;;;No;Fluida;Seco y Limpio;P. Municipal;Si;No;No;No;No;Buen Tiempo;Buena;;Sin Restricción;;;AIAM portugal;Accidente de vehículos.Señalizamos con bul C-12.Uno de los vehículos implicados no se encuentra en el punto.Los otros dos salen por sus medios.;;;;;
07/05/2016;00:04;;20160507-0001;C-P-ACC-01;M30;04NL70;INTERIOR;VS;Superficie;Colisión de vehículos;Lateral;2;2;;;;;;;No;Fluida;Mojado;P. Municipal;Si;No;No;No;No;Lluvia;Buena;;Sin Restricción;;;V-1;Colisión de dos vehículos en carril central y derecho.;;;Tres carriles 00:04 - 00:53;;
07/05/2016;00:20;;20160507-0002;C-P-ACC-01;M30;32RA40;INTERIOR;Ramal;Superficie;Salida de vía;;2;2;;;;0;;;No;Fluida;Mojado;P. Municipal;Si;No;Si;No;No;Lluvia;Buena;;Sin Restricción;;;V1;Encuentro vehículo mirando en sentido contrario al trafico déspues de darse contra el muro,el segundo vehículo da al primero no puede esquivarle.;;2 Bolsas ;Corte carril izquierdo 00:25 - 02:00;;
07/05/2016;01:24;;20160507-0003; C-E-ACC-01;M30;32RM00;EXTERIOR;Ramal;Superficie;Salida de vía;;1;1;;;1;1;;;Si;Fluida;Mojado;P. Municipal y SAMUR;Si;No;Si;No;No;Lluvia;Buena;;Sin Restricción;;;V1;Vehículo se sale de la vía colisionando contra panel direccional móvil (obra) y 1 hito.;panel direccional móvil (obra) y 1 hito.;;Corte 1/2 carril 01:29 - 02:22;;
07/05/2016;05:29;;20160507-0004; T-E-ACC-01;A5;03FL02;SALIDA;Tronco;Túnel;Colisión de vehículos;Lateral;2;1;1;;;0;;;No;Fluida;Seco y Limpio;P. Municipal y SAMUR;Si;No;No;Si;No;Buen Tiempo;Buena;;Sin Restricción;;;AIAM Portugal/CAIAM;Accidente de vehículos.Señalizamos con Bul C-12 se trata de un accidente de un veh contra el bordillo y señal.La moto cae posteriormente.Lo sacamos con la C-10.;;;Corte de carril 05:34 - 07:00;;
07/05/2016;12:00;;20160507-0013;C-P-ACC-01;M30;31NC70;INTERIOR;Tronco;Superficie;Colisión de vehículos;Por alcance;3;3;;;;0;;;No;Congestionada;Seco y Limpio;P. Municipal;Si;No;Si;No;No;Buen Tiempo;Buena;;Sin Restricción;;;V2;Colisión por alcance en carrilo derecho.;;;Corte de carril 12:00 - 13:02;;
08/05/2016;00:34;;20160508-0001; C-E-ACC-01;M30;24RM00;EXTERIOR;Ramal;Superficie;Vuelco;;1;1;;;1;1;;;No;Fluida;Mojado;P.M., SAMUR y Bomberos;Si;Si;No;No;Si;Lluvia;Buena;;Sin Restricción;;;V2/V2;El vehículo no toma la curva y choca contra el bordillo de la parada del bus volcando.Señalizo con V1;;Desengrasante 15L - Sepiolita gruesa 4Kg - 4 Bolsas;Corte carril derecho 00:40 - 02:10;;
08/05/2016;06:24;;20160508-0002;C-P-ACC-01;M30;12XL50;EXTERIOR;Tronco;Superficie;Salida de vía;;1;1;;;;0;;;Si;Fluida;Mojado;P. Municipal;Si;No;Si;No;No;Lluvia;Buena;;Sin Restricción;;;V-1;Accidente de 1 vehículo por salida de vía ocupando el carril izquierdo, sin heridos y con daños al patrimonio. Dicho vehículo accidentado es retirado por su grúa.;3 barreras, 2 CPNs, 2 separadores CPNs y hormigonado de 4 CPNs.;;Corte del carril izquierdo desde las 06:33 h hasta las 07:35 h.;;
08/05/2016;08:26;;20160508-0003;T-P-ACC-01;M30;15NL12;INTERIOR;Tronco;Túnel;Salida de vía;Lateral;1;1;;;;0;;;No;Fluida;Seco y Limpio;P. Municipal;Si;No;No;Si;No;Lluvia;Buena;;Sin Restricción;;;AIAM Portugal;Accidente de 1 vehículo por salida de vía golpandose contra el hastial derecho y parandose en el carril izquierdo. Sin heridos ni daños al patrimonio. Dicho vehículo accidentado es retirado por el Híbrido F-12 y sacado a la Calle Virgen del Puerto.;;;Corte del carril izquierdo desde las 08:32 h hasta las 08:47 h.;;
08/05/2016;09:47;;20160508-0005;;M30;04RC00;INTERIOR;Ramal;Superficie;Salida de vía;;1;1;;;;0;;;No;Fluida;Mojado;P. Municipal;No;No;Si;No;No;Lluvia;Buena;;Sin Restricción;;;V-1;Accidente de 1 vehículo por salida de vía, sin heridos ni daños al patrimonio, con Policía Municipal es sacado a la Avenida de America a la espera de su grúa.;;;;;
08/05/2016;09:57;;20160508-0006;C-P-ACC-01;M30;04RE10;INTERIOR;Ramal;Superficie;Salida de vía;;1;1;;;;0;;;Si;Fluida;Mojado;P. Municipal;Si;No;No;No;No;Lluvia;Buena;;Sin Restricción;;;V-1;Accidente de 1 vehículo por salida de vía ocupando parte del carril del ramal 04RE, sin heridos y con daños al patrimonio. La grúa externa de Lopez Ollero lo retira del punto hasta la salida de la Av. Brasilia donde se queda a la espera de su grúa.;3 barreras y 2 CPNs;;Cortado parte del carril del ramal 04RE desde las 09:58 h hasta las 10:57 h.;;
08/05/2016;10:46;;20160508-0008;C-P-ACC-01;M30;07RT40;EXTERIOR;Ramal;Superficie;Salida de vía;;1;1;;;;0;;;Si;Fluida;Mojado;P. Municipal;Si;No;Si;No;No;Lluvia;Buena;;Sin Restricción;;;V-2;Accidente de 1 vehículo por salida de vía, sin heridos ni daños al patrimonio. ;;;Cortado parte del carril del ramal 07RT desde las 10:56 h hasta las 11:13 h.;;
08/05/2016;12:01;;20160508-0010;;M30;09RL05;EXTERIOR;Ramal;Superficie;Colisión de vehículos;Por alcance;2;2;;;;0;;;Si;Fluida;Mojado;P. Municipal;Si;No;Si;No;No;Lluvia;Buena;;Sin Restricción;;;V-1 / V-2;Accidente por alcance entre 2 vehículos, sin heridos y con daños al patrimonio. Uno de los vehículos implicado es retirado por su grúa y el otro se queda aparcado fuera de limites.;1 barrera terminación y 1 CPN;;;;
08/05/2016;14:36;;20160508-0011; C-E-ACC-01;M30;10XL60;EXTERIOR;Tronco;Superficie;Colisión de vehículos;Por alcance;2;2;;;1;1;;;No;Fluida;Mojado;P. Municipal y SAMUR;Si;No;No;No;No;Lluvia;Buena;;Sin Restricción;;;V-1;Veh´ñiculos colisionan en carril central derecho. Movemos vehículos al 09VA carril derecho, corto carril derecho hasta que Samur atiende a usuaria vehículo 1 y traslada leve al doce de octubre, vehículo 2 por sus medios y vehículo 1 por sus medios.;;;;;
08/05/2016;14:44;;20160508-0012; C-E-ACC-01;M607;12OL40;SALIDA;Tronco;Superficie;Vuelco;Frontal;1;1;;;2;2;;;No;Fluida;Mojado;P.M., SAMUR y Bomberos;Si;No;Si;No;No;Lluvia;Buena;;Sin Restricción;;;V-2;Vuelco en carril central con heridos.;;;;;
08/05/2016;15:13;;20160508-0013;C-P-ACC-01;M30;31NC50;INTERIOR;Tronco;Superficie;Salida de vía;;1;1;;;;0;;;No;Fluida;Mojado;P. Municipal;Si;No;No;No;No;Lluvia;Buena;;Sin Restricción;;;V-1;Salida de vía contra muro izquierdo, el vehículo queda en carril derecho mirando en sentido contrario, con policía cortamos total el ramal, dando la vuelta al vehículo abandonando por sus medios.;;;;;
08/05/2016;15:37;;20160508-0015;C-P-ACC-01;M30;32RA20;INTERIOR;Ramal;Superficie;Salida de vía;Lateral;1;1;;;;0;;;No;Densa;Mojado;P. Municipal;Si;No;No;No;No;Lluvia;Buena;;Sin Restricción;;;V-2;Salida de vía sin daños ni heridos.;;;;;
08/05/2016;15:45;;20160508-0016; T-E-ACC-01;M30;18RM10;EXTERIOR;Ramal;Túnel;Salida de vía;Frontal;1;1;;;2;2;;;No;Densa;Seco y Limpio;P. Municipal y SAMUR;Si;No;No;Si;No;Lluvia;Buena;;Sin Restricción;;;AIAM Calderón;Vehículo que pierde control y se golpea contra bordillo, no hay daños materiales y ambos usuarios son atendidos y dados de alta en el lugar por samur, sacamos el coche al exterior, cortamos carril derecho desde 15:53 a 16:26h.;;;;;
08/05/2016;15:47;;20160508-0017;C-P-ACC-01;M30;31NC60;INTERIOR;Tronco;Superficie;Colisión de vehículos;Por alcance;2;2;;;;2;;;No;Fluida;Mojado;P.Municipal;Si;No;Si;No;No;Lluvia;Buena;;Sin Restricción;;;V-1;Colisión lateral entre vehículos, sin daños, sin heridos carril derecho, corto carril derecho, hasta retirada de vehículos.;;;;;
08/05/2016;15:37;;20160508-0018; C-E-ACC-01;M30;32RA30;INTERIOR;Ramal;Superficie;Salida de vía;Frontal;1;1;;;2;2;;;Si;Densa;Mojado;P.M., SAMUR y Bomberos;Si;No;Si;No;No;Lluvia;Buena;;Sin Restricción;;;V-2;Salida de vía con daños y heridos, muro colocado por bomberos, hay que revisar los anclajes.;6 ml muro desplazado.;;;;
08/05/2016;15:47;;20160508-0019;C-P-ACC-01;M30;31RE20;INTERIOR;Ramal;Superficie;Salida de vía;;1;1;;;;0;;;Si;Fluida;Mojado;P. Municipal;Si;No;Si;No;No;Lluvia;Buena;;Sin Restricción;;;V1;Salida de vía sin heridos con daños en carril derecho. Se corta esté hasta la retirada del vehículo.;2 Barreras - 2 CPN´S;;Corte carril derecho 15:52 - 16:50;;
08/05/2016;16:42;;20160508-0021; C-E-ACC-01;M30;23NC90;INTERIOR;Tronco;Superficie;Salida de vía;Lateral;1;1;;;1;1;;;No;Fluida;Mojado;P. Municipal y SAMUR;Si;No;Si;No;No;Lluvia;Buena;;Sin Restricción;;;V2;Salida de vía sin daños con heridos.;;;Corte carril derecho 16:52 - 17:10;;
08/05/2016;16:50;;20160508-0023;C-P-ACC-01;M30;31NC40;INTERIOR;Tronco;Superficie;Salida de vía;;1;1;;;;0;;;No;;;P. Municipal;Si;No;;;;;;;;;;V1;Salida de vía en carril derecho del 31NC40. El veh golpea el muro lado izquierdo y queda en carril derecho.Policía lo sacamosw al arcén 31RE.;;;;;
08/05/2016;17:30;;20160508-0024; C-E-ACC-01;M30;32RJ40;EXTERIOR;Ramal;Superficie;Salida de vía;Frontal;1;1;;;1;1;;;Si;Fluida;Mojado;P. Municipal y SAMUR;Si;No;;;;Lluvia;Buena;;Sin Restricción;;;V2;Salida de vía con daños y heridos.;6 m² de muro - 3 hitos - 3 bases - 1 panel direccional.;;Corte 17:33 - 18:44;;
08/05/2016;18:26;;20160508-0027; C-E-ACC-01;M30;32RJ30;EXTERIOR;Ramal;Superficie;Vuelco;;1;1;;;;0;;;No;Fluida;Mojado;P. Municipal;Si;No;Si;No;No;Lluvia;Buena;;Sin Restricción;;;V-1 / V-2;Vehículo se sale de la vía volcando en muro izquierdo.Actua bomberos.;;;Corte tramo 32RJ 18:26 - 19:47;;
08/05/2016;19:00;;20160508-0028; C-E-ACC-01;M23;99KL20;SALIDA;Tronco;Superficie;Salida de vía;;1;1;;;;3;;;No;Fluida;Mojado;P. Municipal;Si;No;Si;No;No;Lluvia;Buena;;Sin Restricción;;;V2;Encuentro furgón metido en la cuneta señalizo con policía.;;;Corte carril 06:56 - 06:59;;
08/05/2016;19:05;;20160508-0030;;M30;32NC10;INTERIOR;Tronco;Superficie;Otros;;1;;1;;;1;;;;;;;;;;;;;;;;;;;;;;;;
09/05/2016;06:51;;20160509-0005;T-P-ACC-01;A5;04FT63;ENTRADA;Tronco;Túnel;Colisión de vehículos;Por alcance;2;2;;;;0;;;No;Congestionada;Seco y Limpio;;Si;No;No;No;No;Buen Tiempo;Buena;;Sin Restricción;;;AIAM Portugal;Accidente alcance 2 vehículos.No hay daños personales.Los vehículos se retiran por sus propios medios.;;;;;
09/05/2016;08:03;;20160509-0010; T-E-ACC-01;M30;14NL66;INTERIOR;Tronco;Túnel;Colisión de vehículos;;2;1;1;;1;1;;;No;Densa;Mojado;P.Municipal y G. Civil;Si;No;No;Si;No;Lluvia;Buena;;Sin Restricción;;;AIAM valencia ;Accidente de moto ocupante atendido por Samur,trasladado por Samur al hospital.La moto la sacamos la exterior con la platafirma.;;;Corte 08:04 - 08:54;;
09/05/2016;09:19;;20160509-0012;C-P-ACC-01;M30;07XL20;EXTERIOR;VS;Superficie;Otros;;1;;1;;;1;;;No;Densa;Mojado;P. Municipal y SAMUR;Si;No;No;No;Si;Lluvia;Buena;;Sin Restricción;;;V-1;Caída de motorista sin daños carril derecho con heridos.Corto carril derecho hasta que Samur atiende.1 trasladado al Gregorio Marañon.La moto es retirada por la grúa de movilidad.;;;Corte 09:31 - 09:53.;;
09/05/2016;10:29;;20160509-0018; C-E-ACC-01;M30;20NC00;INTERIOR;Tronco;Superficie;Colisión de vehículos;Por alcance;2;2;;;1;1;;;No;Congestionada;Mojado;P. Municipal y SAMUR;No;No;No;No;No;Lluvia;Buena;;Sin Restricción;;;V2;Aviso:Accidente con heridos en el margén derecho.;;;;;
09/05/2016;12:40;;20160509-0022; C-E-ACC-01;M30;31NC50;INTERIOR;Tronco;Superficie;Salida de vía;;1;1;;;;1;;;No;Densa;Mojado;P. Municipal y SAMUR;Si;No;;;;Lluvia;Buena;;Sin Restricción;;;V2;Salida de vía con heridos enc arril derecho.Pido grúa externa por orden de policía.;;;Corte 12:40 - 13:24.;;