Fecha;Hora;Día;Nº Incidencia;sitrem;Carretera;MC30;Calzada;Localización;Enlace;Tipo de accidente;Tipo de colisión;Nº Vehículos implicados;Nº Turismos;Nº Motocicletas;Nº vehículos pesados;H.L.;hl;hg;vm;Daños al mobiliario urbano;Circulación;Estado del Firme;Presencia Recursos Externos;Corte Carril;Vertido;Grúa usuario;Grúa Propia EMESA;Grúa Movilidad;Factores Atmosféricos;Visibilidad señalización;Señalización de Peligro;Visibilidad restringida por;Aceras;Árboles;Vehículos denominación;Descripción del accidente;Daños causados al viario;Materiales utilizados;Observaciones;;
09/05/2016;15:52;;20160509-0028; C-E-ACC-01;M607;30RL20;ENTRADA;Ramal;Superficie;Otros;;1;;1;;;1;;;No;Densa;Mojado;P. Municipal y SAMUR;Si;No;No;No;Si;Lluvia;Buena;;Sin Restricción;;;V2;Caída de motorista corte lado derecho del ramal.El herido es trasladado con pronóstico reservado,varias contusiones.Policía rechaza grúa externa.;;;Corte 15:52 - 18:05.;;
09/05/2016;19:48;;20160509-0036;T-P-ACC-01;M30;14NL94;INTERIOR;Tronco;Túnel;Colisión de vehículos;Por alcance;2;2;;;;0;;;No;Fluida;Seco y Limpio;P. Municipal;Si;No;No;Si;No;Lluvia;Buena;;Sin Restricción;;;AIAM Valencia ;Colisión entre 2 vehículos por alcance. Sin daños al patrimonio ni heridos. El vehículo es sacado por el Híbrido de los AIAM a la Calle Alejandro Dumas. ;;; Cortado parte del carril derecho desde las 19:54 h hasta las 20:00 h;;
10/05/2016;06:38;;20160510-0003;T-P-ACC-01;M30;14RT22;INTERIOR;Ramal;Túnel;Colisión de vehículos;;1;1;;;;0;;;No;Fluida;Seco y Limpio;P. Municipal;No;No;No;No;No;Buen Tiempo;Buena;;Sin Restricción;;;AIAM valencia ;Colisión de dos vehiculos: a nuestrta llegas se retiran por sus medios. No corte carril.;;;;;
10/05/2016;14:40;;20160510-0023;;M30;25XC70;EXTERIOR;Tronco;Superficie;Colisión de vehículos;Por alcance;2;2;;;;0;;;No;Fluida;Seco y Limpio;;Si;No;No;No;No;Buen Tiempo;Buena;;Sin Restricción;;;M-2;Señalizar vehiculos accidentados en carril y arcen derechos mientras rellenar parte.;;;;;
10/05/2016;17:03;;20160510-0030;C-P-ACC-01;M30;24RA00;INTERIOR;Ramal;Superficie;Salida de vía;Lateral;1;1;;;;0;;;Si;Fluida;Mojado;P. Municipal;Si;No;Si;No;No;Lluvia;Buena;;Sin Restricción;;;V-1;Señalizar accidente salida de via sin heridos y con daños a patrimonio cortando 2 carriles derechos. Lo retira grua seguro.;10 barreras, 10 cpns, 10 separadores. 6 captafaros y farola completa.;;;;
10/05/2016;19:50;;20160510-0037;T-P-ACC-01;A5;03FL15;SALIDA;Tronco;Túnel;Colisión de vehículos;;2;1;1;;;0;;;No;;;;No;No;No;No;No;Lluvia;;;;;;AIAM Calderón;Nos activan a un accidente de moto. Estando en la incidencia y al minuto nos desactivan.;;;;;
10/05/2016;20:25;;20160510-0038;C-P-ACC-01;M30;01NC40;INTERIOR;Tronco;Superficie;Colisión de vehículos;Lateral;2;1;;1;;0;;;No;Fluida;Mojado;P. Municipal;Si;No;No;No;No;Lluvia;Buena;;Sin Restricción;;;V-1;Accidente sin heridos en carril derecho. Los vehiculos se retiran por us medios.;;;;;
10/05/2016;21:54;;20160510-0041;C-P-ACC-01;M30;31RE20;INTERIOR;Ramal;Superficie;Salida de vía;Lateral;1;1;;;;0;;;Si;Densa;Mojado;P. Municipal;Si;No;No;No;No;Lluvia;Buena;;Sin Restricción;;;V-2;Salida de via produciendo daños al patrimonio, lado derecho, sacamos vehjiculo anchuron 32+200;5 barreras, 5 cpn;;;;
10/05/2016;23:00;;20160510-0043;C-P-ACC-01;M30;32RA30;INTERIOR;Ramal;Superficie;Salida de vía;Contra mediana;1;1;;;;0;;;No;Fluida;Mojado;P. Municipal;Si;No;Si;No;No;Lluvia;Buena;;Sin Restricción;;;V-1/V-2;Accidente en carril derecho. ;;;;;
11/05/2016;07:30;;20160511-0002;T-P-ACC-01;M30;18RN14;EXTERIOR;Ramal;Túnel;Colisión de vehículos;Por alcance;2;2;;;;0;;;No;Congestionada;Seco y Limpio;;No;No;No;No;No;Buen Tiempo;Buena;;Sin Restricción;;;AIAM Portugal;Accidente alcance entre 2 vehiculos. A mi llegada al apratadero, los conductores se estan intercambiando datos. No hay daños personales. Los vehiculos se retiran por sus propios medios.;;;;;
11/05/2016;07:49;;20160511-0003;T-P-ACC-01;M30;14NL47;INTERIOR;Tronco;Túnel;Colisión de vehículos;Por alcance;3;3;;;;0;;;No;Congestionada;Seco y Limpio;P. Municipal;No;No;No;No;No;Buen Tiempo;Buena;;Sin Restricción;;;AIAM Valencia ;Alcance entre 3 vehiculos. Los 3 abandonan por sus medios. Rellenan documentación apartadero izquierdo.;;;;;
11/05/2016;08:34;;20160511-0005; T-E-ACC-01;M30;15NL00;INTERIOR;Tronco;Túnel;Colisión de vehículos;Por alcance;2;2;;;1;1;;;No;Densa;Seco y Limpio;P. Municipal y SAMUR;Si;No;No;No;No;Buen Tiempo;Buena;;Sin Restricción;;;AIAM Valencia ;Alcance entre 2 vehiculos. Se activa Samur por dolor de cuello de conductor 1er vehiculo. Los vehiculos salen por sus medios.;;;;;
11/05/2016;10:00;;20160511-0010;C-P-ACC-01;A4;05UT00;ENTRADA;Tronco;Superficie;Colisión de vehículos;Por alcance;2;2;;;;0;;;No;Congestionada;Seco y Limpio;P. Municipal;Si;No;No;No;No;Buen Tiempo;Buena;;Sin Restricción;;;V-1/AIAM Calderón;Aviso del C. Control accidente carril derecho, a mi llegada se encuentra Agentes Calderón, solo queda un vehiculo, sin heridos, ni daños.;;;;;
11/05/2016;14:24;;20160511-0022;T-P-ACC-01;M30;14NL09;INTERIOR;Tronco;Túnel;Colisión de vehículos;Por alcance;3;3;;;1;1;;;No;Congestionada;Seco y Limpio;P. Municipal y SAMUR;Si;No;No;Si;No;Buen Tiempo;Buena;;Sin Restricción;;;AIAM Valencia ;Alcance entre 3 vehiculos en carril central;;;;;
11/05/2016;15:06;;20160511-0025;C-P-ACC-01;M30;12NL50;INTERIOR;Tronco;Superficie;Colisión de vehículos;Por alcance;2;2;;;;0;;;No;Congestionada;Seco y Limpio;;No;No;No;No;No;Buen Tiempo;Buena;;Sin Restricción;;;V-2;Accidente por alcance leve dos vehiculos sin heridos. Rellenan prte accidente y reanudan la marcha por sus medios.;;;;;
11/05/2016;19:34;;20160511-0036;C-P-ACC-01;M30;29NC30;INTERIOR;Tronco;Superficie;Colisión de vehículos;Por alcance;2;2;;;;0;;;No;Congestionada;Mojado;P. Municipal;;No;No;No;No;Lluvia;Buena;;Sin Restricción;;;V-2;Accidente por alcance dos vehiculos, sin heridos. Cuando llego solo hay un coche, el otro se ha marchado por sus medios. Saca de circulación grúa Lopez Ollero;;;;;
11/05/2016;20:55;;20160511-0038;C-P-ACC-01;M30;19XC50;EXTERIOR;Tronco;Superficie;Colisión de vehículos;Por alcance;2;2;;;;0;;;No;Fluida;Mojado;P. Municipal;No;No;No;No;No;Lluvia;Buena;;Sin Restricción;;;V-2;Accidente lateral dos vehiculos. Se marchan por sus medios.;;;;;
11/05/2016;23:20;;20160511-0041;C-P-ACC-01;M30;32RJ40;EXTERIOR;Ramal;Superficie;Salida de vía;Contra mediana;1;1;;;1;1;;;No;Fluida;Mojado;P. Municipal y SAMUR;Si;No;Si;No;No;Lluvia;Buena;;Sin Restricción;;;V-1/V-2;Accidente en margen derecho. Herido dado de alta en el punto.;;;;;
12/05/2016;01:25;;20160512-0001;C-P-ACC-01;M30;12RA00;INTERIOR;Ramal;Superficie;Salida de vía;Contra mediana;1;1;;;;1;;;No;Fluida;Mojado;P. Municipal;Si;No;Si;No;No;Lluvia;Buena;;Sin Restricción;;;V-1;Accidente en margen izquierdo. Sin heridos ni daños al patrimonio.;;;Cortado parte del carril del ramal 12RA desde las 01:29 h hasta las 01:55 h;;
12/05/2016;02:40;;20160512-0002; C-E-ACC-01;M30;07NL90;INTERIOR;VS;Superficie;Salida de vía;Contra mediana;1;1;;;1;1;;;No;Fluida;Mojado;P. Municipal;Si;No;Si;No;No;Lluvia;Buena;;Sin Restricción;;;V-1 / V-2;Accidente en el carril izquierdo. 1 herido leve dado de alta en el punto.;;;Cortado el carril izquierdo desde las 02:40 h hasta las 03:45 h;;
12/05/2016;03:35;;20160512-0003;C-P-ACC-01;M30;07RN70;INTERIOR;Ramal;Superficie;Salida de vía;Contra mediana;1;1;;;;0;;;Si;Fluida;Mojado;P. Municipal;Si;No;No;No;Si;Buen Tiempo;Buena;;Sin Restricción;;;V-1 / V-2;Accidente de 1 vehículo por salida de vía colisionando contra barreras del margen izquierdo, se queda parado en el carril derecho. Sin heridos, es retirado por la grúa de movilidad. Alcoholemía positiva.;3 barreras y 2 CPNs;;Cortado el carril derecho desde las 03:35 h hasta las 04:50 h;;
12/05/2016;06:05;;20160512-0004; C-E-ACC-01;M30;32RA40;INTERIOR;Ramal;Superficie;Vuelco;Contra mediana;1;1;;;;1;;;Si;Fluida;Mojado;P.M., SAMUR y Bomberos;Si;No;Si;No;No;Buen Tiempo;Buena;;Sin Restricción;;;V-1 / V-2;Accidente de 1 vehículo por vuelco en el carril derecho. ;6 metros de muro;;Cortado el carril derecho desde las 06:15 h hasta las 06:45 h;;
12/05/2016;07:34;;20160512-0006;C-P-ACC-01;M30;08XL20;EXTERIOR;VS;Superficie;Colisión de vehículos;Por alcance;3;2;1;;;0;;;No;Congestionada;Mojado;;No;No;No;No;No;Buen Tiempo;Buena;;Sin Restricción;;;M-4;Accidente entre 3 vehículos (2 turismos y 1 motocicleta) por alcance lateral leve. Sin heridos ni daños al patrimonio. Todos reanudan la marcha por sus medios.;;;;;
12/05/2016;08:50;;20160512-0012; C-E-ACC-01;M30;09VA80;EXTERIOR;VS;Superficie;Colisión de vehículos;Por alcance;2;2;;;1;1;;;No;Densa;Seco y Limpio;P. Municipal y SAMUR;Si;No;Si;No;No;Buen Tiempo;Buena;;Sin Restricción;;;V-2;Accidente entre 2 vehículos por alcance, 1 herido leve trasladado por el Samur al hospital.;;;Cortado parte del carril derecho desde las 08:50 h hasta las 09:12 h;;
12/05/2016;09:40;;20160512-0014; C-E-ACC-01;M30;05XL70;EXTERIOR;VS;Superficie;Colisión de vehículos;Lateral;2;;2;;2;1;;;No;Fluida;Seco y Limpio;P. Municipal y SAMUR;Si;No;Si;No;No;Buen Tiempo;;;;;;M-4 / V-1;Accidente entre 2 motorista por alcance ocupando el carril izquierdo hasta que son trasladados por Policía Municipal al carril derecho donde ambos motoristas heridos leves son atendidos por el Samur y uno de ellos es trasladado al hospital. Una de las motocicletas es retirada por su grúa y la otra por sus medios.;;;Cortado el carril izquierdo desde las 09:35 h hasta las 09:40 h y el carril derecho desde las 09:40 h hasta las 10:23 h;;
12/05/2016;10:25;;20160512-0017; C-E-ACC-01;M30;10VA40;EXTERIOR;VS;Superficie;Colisión de vehículos;Por alcance;2;2;;;1;1;;;No;Fluida;Seco y Limpio;P. Municipal y SAMUR;Si;No;Si;No;No;Buen Tiempo;Buena;;Sin Restricción;;;V-1;Accidente entre 2 turismos por alcance ocupando parte del carril derecho. 1 herido leve dado de alta en el punto por el samur. Uno de los vehículos se retira por sus medios y el otro en su grúa. La grúa externa de Lopez Ollero trasladó a uno de los vehículos al arcen derecho del 10VA.;;;Cortado parte del carril derecho desde las 10:36 h hasta las 11:09 h;;
12/05/2016;11:25;;20160512-0019;C-P-ACC-01;M30;31NC50;INTERIOR;Tronco;Superficie;Colisión de vehículos;Por alcance;5;5;;;;0;;;No;Congestionada;Seco y Limpio;P. Municipal;Si;No;No;No;No;Buen Tiempo;Buena;;Sin Restricción;;;V-2;Accidente entre 5 turismos por alcance ocupando parte del carril derecho.;;;Cortado el carril derecho desde las 11:25 h hasta las 12:00 h;;
12/05/2016;16:20;;20160512-0032;C-P-ACC-01;M30;11NL20;INTERIOR;Tronco;Superficie;Colisión de vehículos;Por alcance;2;1;;1;;0;;;No;Fluida;Seco y Limpio;;No;No;No;No;No;Buen Tiempo;Buena;;Sin Restricción;;;V-1;Accidente por alcance entre un turismo y un camión en el carril derecho, son trasladados por el vigilante a una isleta. Sin heridos ni daños al patrimonio, ambos vehículos se retiran por sus medios.;;;;;
12/05/2016;18:45;;20160512-0038;C-P-ACC-01;M30;03NL90;INTERIOR;VS;Superficie;Colisión de vehículos;Por alcance;3;3;;;;;;;No;Congestionada;Seco y Limpio;P. Municipal;Si;No;;;;Buen Tiempo;Buena;;Sin Restricción;;;V2 / M2;Señalizar vehículos accidentados en carril y arcen derecho;;;Corte de carril derecho de 18:45 a 19:04;;
13/05/2016;08:14;;20160513-0003; T-E-ACC-01;M30;03TL79;INTERIOR;Ramal;Túnel;Colisión de vehículos;Por alcance;3;3;;;;;;;No;Congestionada;Seco y Limpio;P. Municipal y SAMUR;Si;No;No;Si;No;Buen Tiempo;Buena;;Sin Restricción;;;AIAM Valencia ;Colisiión multiple de vehículos, se corta carril izquierdo. Se señaliza. No hay daños al patrimonio.De los tre vehículos, dos de ellos se retiran por sus vehículos y un tercero se saca con el híbrido al puente Vallecas. SAMUR valora a una usuaria, porque está embarazada, la da de alta en el punto.;;;Corte de carril derecho de 08:16 a 09:15;;
13/05/2016;17:14;;20160513-0026;C-P-ACC-01;M30;04NC90;INTERIOR;Tronco;Superficie;Colisión de vehículos;Por alcance;2;2;;;;0;;;No;Fluida;Seco y Limpio;;No;No;No;No;No;Buen Tiempo;Buena;;Sin Restricción;;;M-3;Accidente por alcance entre 2 vehículos ocupando el arcén derecho. Sin heridos ni daños al patrimonio. Ambos vehículos se retiran por sus medios.;;;;;
13/05/2016;18:26;;20160513-0033;C-P-ACC-01;M30;11NL00;INTERIOR;Tronco;Superficie;Colisión de vehículos;Por alcance;2;2;;;;0;;;No;Densa;Seco y Limpio;P. Municipal;Si;Si;Si;No;No;Buen Tiempo;Buena;;Sin Restricción;;;V-1;Accidente por alcance entre 2 vehículos ocupando el carril izquierdo. Sin heridos ni daños al patrimonio. Ambos vehículos son retirados por sus gruas.;;;Cortado el carril izquierdo desde las 18:38 h hasta las 19:00 h;;
14/05/2016;09:21;;20160514-0004;C-P-ACC-01;M30;00XC40;EXTERIOR;Tronco;Superficie;Colisión de vehículos;Por alcance;2;2;;;;0;;;No;Fluida;Seco y Limpio;P. Municipal;Si;No;Si;No;No;Buen Tiempo;Buena;;Sin Restricción;;;V1;Aviso del centro de control de accidente en carril izquierdo. Policía los pasa al carril derecho. Uno de los vehículos se da contra la mediana, sin daños ni heridos. Al usuario del vehículo 1 se lo llevan detenido;;;;;
14/05/2016;14:15;;20160514-0009;C-P-ACC-01;M30;08NL50;INTERIOR;VS;Superficie;Colisión de vehículos;Lateral;2;2;;;;0;;;Si;Fluida;Seco y Limpio;P. Municipal;Si;No;No;No;No;Buen Tiempo;Buena;;Sin Restricción;;;V2;Colisión de vehículos sin heridos y con daños a patrimonio.  Cuando llego solo hay un vehiculo. Solicito grúa M30. Corto carril derecho;3 barreras y 3 CPN;;;;
15/05/2016;16:33;;20160515-0012;T-P-ACC-01;A5;04FL55;SALIDA;Tronco;Túnel;Colisión de vehículos;Lateral;2;2;;;;;;;No;Fluida;Seco y Limpio;P. Municipal;Si;No;No;Si;No;Buen Tiempo;Buena;;Sin Restricción;;;AIAM Portugal;Accidente de vehículos señalizamos con BUL c-12, uno de los vehículos sale por sus medios, el otro lo sacamos con la F11;;;Corte de 16:39 a 16:47;;
16/05/2016;03:32;;20160516-0005;T-P-ACC-01;M30;15XC38;EXTERIOR;Tronco;Túnel;Salida de vía;Lateral;1;1;;;;0;;;Si;Fluida;Seco y Limpio;P. Municipal;;;;Si;No;Buen Tiempo;Buena;;Sin Restricción;;;AIAM Calderón;Vehículo colisiona contra bordillo y revienta la rueda, lo sacamos al exterior en plataforma C10;5 m de bordillo y 100 de asfalto;;;;
16/05/2016;04:52;;20160516-0006; T-E-ACC-01;M30;15NL02;INTERIOR;Tronco;Túnel;Salida de vía;;1;1;;;2;2;;;Si;Fluida;Seco y Limpio;P. Municipal y SAMUR;Si;;No;No;Si;Buen Tiempo;Buena;;Sin Restricción;;;AIAM Valencia ;Accidente en 15NL08 el vehículo se sale de la vía y choca contra bordillo izquierdo, los dos pasajeros son trasladados por SAMUR y el coche lo saca la grua de movilidad;3 metros de bordillo;Sepiolita fina;Corte de 04:57 a 05:49;;
16/05/2016;20:01;;20160516-0015;C-P-ACC-01;A4;05UT10;ENTRADA;Tronco;Superficie;Colisión de vehículos;Por alcance;2;2;;;;0;;;No;Fluida;Seco y Limpio;P. Municipal;Si;No;No;No;No;Buen Tiempo;Buena;;Sin Restricción;;;V2;Accidente de chapa. A mi llegada señalizo con Policía;;;;;
17/05/2016;09:05;;20160517-0012;C-P-ACC-01;M30;04XC00;EXTERIOR;Tronco;Superficie;Colisión de vehículos;Por alcance;2;2;;;;0;;;No;Congestionada;Seco y Limpio;P. Municipal;Si;No;No;No;No;Buen Tiempo;Buena;;Sin Restricción;;;V1;Aviso del centro de control por accidente en arcén derecho. Solo se necesita una grúa para un vehículo;;;;;
17/05/2016;13:45;;20160517-0022;C-P-ACC-01;M30;31NC90;INTERIOR;Tronco;Superficie;Colisión de vehículos;Por alcance;2;2;;;;0;;;No;Fluida;Seco y Limpio;P. Municipal;Si;No;No;No;No;Buen Tiempo;Buena;;Sin Restricción;;;V2;Señalizo accidente sin heridos, cortando carril derecho. Los vehículos salen por sus medios;;;;;
17/05/2016;15:55;;20160517-0025;C-P-ACC-01;M30;31NC70;INTERIOR;Tronco;Superficie;Colisión de vehículos;Por alcance;2;2;;;;0;;;No;Fluida;Seco y Limpio;P. Municipal;Si;No;No;No;No;Buen Tiempo;Buena;;Sin Restricción;;;V2;A mi llegada solo queda un coche, lo paso al carril derecho. Cuando llega Policía los sacamos de M30;;;;;
17/05/2016;17:48;;20160517-0032; C-E-ACC-01;M30;10XL20;EXTERIOR;Tronco;Superficie;Colisión de vehículos;Por alcance;3;3;;;1;1;;;No;Congestionada;Seco y Limpio;P. Municipal y SAMUR;Si;No;Si;No;No;Buen Tiempo;Buena;;Sin Restricción;;;V2;Accidente en carril derecho. Señalizo con Policía;;;;;
17/05/2016;18:57;;20160517-0034;C-P-ACC-01;M30;07NL20;INTERIOR;VS;Superficie;Colisión de vehículos;Por alcance;2;2;;;;0;;;No;Congestionada;Seco y Limpio;P. Municipal;Si;No;Si;No;No;Buen Tiempo;Buena;;Sin Restricción;;;V2;Accidente en carril izquierdo. Policía los pasa al arcén. Señalizo;;;;;
18/05/2016;09:07;;20160518-0006;T-P-ACC-01;A5;04FT00;ENTRADA;Tronco;Túnel;Colisión de vehículos;Por alcance;4;4;;;;;;;No;Congestionada;Seco y Limpio;P. Municipal;No;No;No;No;No;Buen Tiempo;Buena;;Sin Restricción;;;AIAM Portugal;Alcance entre cuatro vehículos en carril derecho, no cortamos carril a nuestra llegada los vehículos reanudan la marcha;;;;;
18/05/2016;10:00;;20160518-0009;C-P-ACC-01;M30;23NC70;INTERIOR;Tronco;Superficie;Salida de vía;;1;1;;;;0;;;No;Densa;Seco y Limpio;P. Municipal;Si;No;Si;No;No;Buen Tiempo;Buena;;Sin Restricción;;;V2;Accidente en carril izquierdo. Policía lo pasa a carril derecho;;;;;
18/05/2016;10:15;;20160518-0010;C-P-ACC-01;M30;31NC70;INTERIOR;Tronco;Superficie;Colisión de vehículos;Por alcance;3;3;;;;0;;;No;Densa;Seco y Limpio;P. Municipal;Si;No;Si;No;No;Buen Tiempo;Buena;;Sin Restricción;;;V1;Aviso del centro de control de accidente en carril central. Los llevamos al arcén del PK 32. Dos vehículos con grúa y uno reanuda la marcha;;;;;
18/05/2016;14:24;;20160518-0022;C-P-ACC-01;M30;05XL30;EXTERIOR;VS;Superficie;Colisión de vehículos;Por alcance;2;2;;;;0;;;No;Fluida;Seco y Limpio;;Si;No;Si;No;No;Buen Tiempo;Buena;;Sin Restricción;;;V1 / M3;Accidente en carril derecho sin heridos. Vehículo retirado por su grúa;;;;;
18/05/2016;17:00;;20160518-0031;C-P-ACC-01;M607;09VU80;ENTRADA;VS;Superficie;Colisión de vehículos;Por alcance;2;2;;;;0;;;No;Densa;Seco y Limpio;P. Municipal;Si;No;Si;No;No;Buen Tiempo;Buena;;Sin Restricción;;;V2;Accidente en carril izquierdo. Señalizo con Guardia Civil;;;;;
18/05/2016;19:40;;20160518-0041;C-P-ACC-01;A3;09LC10;SALIDA;Tronco;Superficie;Colisión de vehículos;Por alcance;4;4;;;1;2;;;No;Fluida;Seco y Limpio;P. Municipal y SAMUR;Si;No;Si;No;No;Buen Tiempo;Buena;;Sin Restricción;;;V2 / M3;Accidente con heridos en carril derecho. Un herido leve dado de alta en el lugar y un herido trasladado al Gregorio Marañón con pronóstico reservado. ;;;;;
19/05/2016;07:55;;20160519-0006;C-P-ACC-01;M30;30NC40;INTERIOR;Tronco;Superficie;Colisión de vehículos;Lateral;2;2;;;;0;;;No;Congestionada;Seco y Limpio;;Si;No;No;No;No;Buen Tiempo;Buena;;Sin Restricción;;;V2;Señalizo colisión entre vehículos sin heridos ni daños. Salen por sus medios;;;Corte 07:57 - 08:00;;
19/05/2016;08:35;;20160519-0009; C-E-ACC-01;M30;07XC90;EXTERIOR;Tronco;Superficie;Colisión de vehículos;Por alcance;2;2;;;;0;;;No;Congestionada;Seco y Limpio;P. Municipal;No;No;No;No;No;Buen Tiempo;Buena;;Sin Restricción;;;V1;Señalizar accidente carril izquierdo,los paso al arcén derecho.;;;;;
19/05/2016;08:53;;20160519-0011;C-P-ACC-01;M30;04NL10;INTERIOR;VS;Superficie;Colisión de vehículos;Por alcance;2;2;;;;0;;;No;Densa;Seco y Limpio;;No;No;No;No;No;Buen Tiempo;Buena;;Sin Restricción;;;M4;Accidente por alcance leve dos vehiculos sin heridos. Reanudan la marcha por sus medios.;;;;;
19/05/2016;09:34;;20160519-0014;C-P-ACC-01;M30;15RA02;INTERIOR;Ramal;Túnel;Salida de vía;;1;1;;;;0;;;Si;Fluida;Seco y Limpio;P. Municipal;No;No;No;No;No;Buen Tiempo;Buena;;Sin Restricción;;;AIAM Valencia ;Colisión por salida de vía, de vehículo con hastiales, cuando llegamos no se encuentra en el punto. Tomamos datos en el exterior.;3 metros de bordillo y un hito;;;;
19/05/2016;09:40;;20160519-0015;C-P-ACC-01;M30;09XL60;EXTERIOR;Tronco;Superficie;Colisión de vehículos;Por alcance;3;3;;;;0;1;;No;Congestionada;Seco y Limpio;P. Municipal y SAMUR;Si;No;Si;No;Si;Buen Tiempo;Buena;;Sin Restricción;;;M4/V2;Señalizo accidente con heridos trasladados.;;;Corte carril derecho y derecho central 09:53 - 10:50;;
19/05/2016;11:17;;20160519-0021;T-P-ACC-01;M30;06RH30;EXTERIOR;Ramal;Superficie;Colisión de vehículos;Por alcance;2;2;;;;0;;;No;Densa;Seco y Limpio;;Si;No;Si;No;Si;Buen Tiempo;Buena;;Sin Restricción;;;M1;Accidente por alcance entre 2 vehículos.Sin daños ni heridos.;;;Corte carril derecho 11:17 - 11:30;;
19/05/2016;11:42;;20160519-0022; C-E-ACC-01;M30;01NC50;INTERIOR;Tronco;Superficie;Colisión de vehículos;Por alcance;2;1;1;;1;0;1;;No;Densa;Seco y Limpio;P. Municipal y SAMUR;Si;No;;;;Buen Tiempo;Buena;;Sin Restricción;;;M1/V2;Accidente por alcance entre turismo y moto.Sin daños.;;;Corte carril 11:42 - 12:24;;
19/05/2016;12:46;;20160519-0026;C-P-ACC-01;M30;13XC48;EXTERIOR;Tronco;Túnel;Colisión de vehículos;Por alcance;2;2;;;;;;;No;Fluida;Seco y Limpio;P. Municipal;Si;;No;Si;No;Buen Tiempo;Buena;;Sin Restricción;;;AIAM Calderón;Colisión de dos vehículos por alcance, los sacamos los os al exterior, uno en la C10 y otro en grua externa.;;;;;
19/05/2016;16:35;;20160519-0033; C-E-ACC-01;M30;20XC30;EXTERIOR;Tronco;Superficie;Colisión de vehículos;Por alcance;3;3;;;;1;;;No;Densa;Seco y Limpio;P. Municipal y SAMUR;Si;No;Si;No;No;Buen Tiempo;Buena;;Sin Restricción;;;V2;Accidente señalizo con policía.Todos los ocupantes de los vehículos(3) rechazan ser atendidos por Samur.;;;Corte carril derecho 16:50 - 17:40;;
19/05/2016;16:48;;20160519-0035;T-P-ACC-01;A2;04AT80;ENTRADA;Tronco;Superficie;Colisión de vehículos;Por alcance;2;2;;;;0;;;No;Fluida;Seco y Limpio;;Si;No;Si;No;No;Buen Tiempo;Buena;;Sin Restricción;;;M3;Accidente sin heridos en carril derecho. ;;;Corte carril derecho 16:48 - 17:54;;
19/05/2016;20:35;;20160519-0046;C-P-ACC-01;M30;04NL50;INTERIOR;VS;Superficie;Colisión de vehículos;Lateral;2;1;1;;1;1;;;No;Fluida;Seco y Limpio;P. Municipal y SAMUR;No;No;;;;Buen Tiempo;Buena;;Sin Restricción;;;V1;Colisiónde 2 vehículos en carril derecho los traslada al arcén derecho.Motorista atendido por el Samur,dado de alta en el lugar.;;;;;
20/05/2016;03:04;;20160520-0003;C-P-ACC-01;M30;15XL64;EXTERIOR;Tronco;Túnel;Salida de vía;;1;1;;;;0;;;Si;Fluida;Seco y Limpio;P. Municipal y P. Nacional;No;No;No;Si;No;Buen Tiempo;Buena;;Sin Restricción;;;AIAM Calderón;Vehículo parado en carril derecho, desde el centro de control nos confirman salida de vía. Solicitamos C10, la ocupante del vehículo no quiere SAMUR. Sacamos el vehículo a la VS de Santa María de la Cabeza.;40 metros de arañazo en el bordillo;;;;
20/05/2016;06:03;;20160520-0005; C-E-ACC-01;M30;12RL80;EXTERIOR;Ramal;Superficie;Salida de vía;;1;1;;;;0;;;Si;Fluida;Seco y Limpio;P. Municipal;;;Si;No;No;Buen Tiempo;Buena;;Sin Restricción;;;V1;Aviso del CCT salida de vía margén izquierdo.;5 CPN´s - 3 Tramos de barrera - 3 Separadores;;;;
20/05/2016;07:55;;20160520-0011;T-P-ACC-01;M30;08XL40;EXTERIOR;VS;Superficie;Colisión de vehículos;Por alcance;2;1;;1;;0;;;No;Congestionada;Seco y Limpio;P. Municipal;No;No;No;No;No;Buen Tiempo;Buena;;Sin Restricción;;;V-1;Avisp del CCT accidente, por alcance, se dan los datos, reanudan la marcha.;;;;;
20/05/2016;08:14;;20160520-0013;C-P-ACC-01;M30;15RR53;INTERIOR;Ramal;Túnel;Colisión de vehículos;Lateral;2;2;;;;;;;No;Densa;Seco y Limpio;P. Municipal;Si;No;No;No;No;Buen Tiempo;Buena;;Sin Restricción;;;AIAM Calderón;Dos vehículos colisionan lateralmente, pequeño roce, y no llegan a acuerdo. Llaman a policía para hacer parte, salen por sus medios.;;;Corte de 08:17 a 08:20;;
20/05/2016;09:15;;20160520-0017;C-P-ACC-01;M30;28XC80;EXTERIOR;Tronco;Superficie;Colisión de vehículos;Por alcance;2;2;;;;0;;;No;Congestionada;Seco y Limpio;P. Municipal;No;No;Si;No;No;Buen Tiempo;Buena;;Sin Restricción;;;V-1;Aviso de CCT de accidente,  policía los pasa a la rotonda carril derecho, el vehículo 2 necesita grúa.;;;;;
20/05/2016;13:45;;20160520-0025;T-P-ACC-01;M30;08NL20;INTERIOR;VS;Superficie;Colisión de vehículos;Por alcance;3;3;;;;0;;;No;Densa;Seco y Limpio;P. Municipal;No;No;No;No;No;Buen Tiempo;Buena;;Sin Restricción;;;V-2;Accidente en carril central sin heridaos, cuando llego policía lo está pasando a arcén derecho, policía solicita grúa M30.;;;;;