Fecha;Hora;Día;Nº Incidencia;sitrem;Carretera;MC30;Calzada;Localización;Enlace;Tipo de accidente;Tipo de colisión;Nº Vehículos implicados;Nº Turismos;Nº Motocicletas;Nº vehículos pesados;H.L.;hl;hg;vm;Daños al mobiliario urbano;Circulación;Estado del Firme;Presencia Recursos Externos;Corte Carril;Vertido;Grúa usuario;Grúa Propia EMESA;Grúa Movilidad;Factores Atmosféricos;Visibilidad señalización;Señalización de Peligro;Visibilidad restringida por;Aceras;Árboles;Vehículos denominación;Descripción del accidente;Daños causados al viario;Materiales utilizados;Observaciones;;
20/05/2016;15:53;;20160520-0029;C-P-ACC-01;M30;10RA05;INTERIOR;Ramal;Superficie;Colisión de vehículos;Por alcance;2;2;;;;0;;;No;Fluida;Seco y Limpio;P. Municipal;Si;No;Si;No;No;Buen Tiempo;Buena;;Sin Restricción;;;M-3;Accidente sin heridos en carril derecho.;;;;;
20/05/2016;17:48;;20160520-0034;C-P-ACC-01;M30;15XL47;EXTERIOR;Tronco;Túnel;Colisión de vehículos;Por alcance;4;4;;;;;;;No;Densa;Seco y Limpio;;No;No;No;No;No;Buen Tiempo;Buena;;Sin Restricción;;;AIAM Calderón;Colisión por alcance de 4 vehículos, a nuestra llegada han reanudado la marcha y salido por sus medios, salida anulada.;;;;;
20/05/2016;19:35;;20160520-0041;C-P-ACC-01;M30;09XL40;EXTERIOR;Tronco;Superficie;Colisión de vehículos;Por alcance;2;2;;;;0;;;No;Fluida;Seco y Limpio;;No;No;Si;No;No;Buen Tiempo;Buena;;Sin Restricción;;;M-3;Accidente sin heridos en arcén derecho.;;;;;
21/05/2016;06:26;;20160521-0006;T-P-ACC-01;M30;18RM43;EXTERIOR;Ramal;Túnel;Salida de vía;Lateral;1;1;;;;;;;No;Fluida;Seco y Limpio;P. Municipal;Si;No;No;Si;No;Buen Tiempo;Buena;;Sin Restricción;;;AIAM Portugal;Accidente de vehículo, salida de vía, golpea con bordillo carril derecho, cargamos el vehículo en grúa C10, y lo sacamos al exterior.;bordillo del18RM21 al 18RM27;;Corte de 06:35 a 06:45;;
21/05/2016;11:14;;20160521-0011;C-P-ACC-01;M607;09VU80;ENTRADA;VS;Superficie;Colisión de vehículos;Por alcance;2;2;;;;0;;;No;Fluida;Seco y Limpio;;Si;No;No;No;No;Buen Tiempo;Buena;;Sin Restricción;;;V2;Accidente en carril derecho,solo queda un vehículo en el punto.;;;Corte carril derecho 11:14 - 11:42;;
21/05/2016;14:49;;20160521-0020;;M30;02XL20;EXTERIOR;VS;Superficie;Colisión de vehículos;Por alcance;5;5;;;2;3;;;No;Fluida;Seco y Limpio;P. Municipal y SAMUR;Si;No;Si;No;No;Buen Tiempo;Buena;;Sin Restricción;;;V1;Señalizar accidente por alcance carril izquierdo.;;;Corte carril izquierdo 14:59 - 16:00;;
21/05/2016;15:59;;20160521-0023;T-P-ACC-01;M30;14RN00;EXTERIOR;Ramal;Túnel;Salida de vía;;1;;1;;;;;;No;Fluida;Seco y Limpio;;No;No;No;No;No;Buen Tiempo;Buena;;Sin Restricción;;;AIAM Calderón;Caida de motorista en ramal, sale por sus medios antes de nuestra llegada.;;;;;
22/05/2016;06:47;;20160522-0008;C-P-ACC-01;M30;12XC26;EXTERIOR;Tronco;Túnel;Salida de vía;Lateral;1;1;;;;1;;;Si;Fluida;Seco y Limpio;P. Municipal y SAMUR;Si;Si;No;No;Si;Buen Tiempo;Buena;;Sin Restricción;;;AIAM Calderón;Accidente de un vehículo. Colisiona contra exutorio carril derecho y bordillo carril izqioerdo.;Exutorio, tubo alimentación luz y 2 metro bordillo;Sepiolita fina;Carril izquierdo y central de 06:41 a 8:48;;
22/05/2016;07:19;;20160522-0010;T-P-ACC-01;M30;15XL06;EXTERIOR;Tronco;Túnel;Salida de vía;Lateral;1;1;;;;;;;No;Fluida;Seco y Limpio;P. Municipal;Si;No;Si;No;No;Buen Tiempo;Buena;;Sin Restricción;;;AIAM Portugal;Vehículo golpea contra hastial y revienta rueda derecha delantera. Retira su grua.;;;Corte carril derecho 07:26 - 08:21;;
22/05/2016;10:47;;20160522-0017;C-E-ACC-01;M30;04XL90;EXTERIOR;VS;Superficie;Salida de vía;;1;1;;;;0;;;Si;Fluida;Seco y Limpio;P. Municipal;Si;Si;Si;No;No;Buen Tiempo;Buena;;Sin Restricción;;;V1/C2 y F6;Actúa bomberos.Señalizar accidente salida de vía.Sin heridos y con daños al patrimonio.Jefe de turno avisa al retén.Los daños se quedan señalizados con conos.;19 Barreras - 19 CPN´s - 19 separadores - 10 Captafaros - 3 principios de barrera - 1 señal (flecha) - 4 Adelfas (arbustos).;1 l. desengrasante ;Corte total del trasfer 04CT 10:47 - 13:35;;
22/05/2016;13:20;;20160522-0018; T-E-ACC-01;M30;02XL30;EXTERIOR;VS;Superficie;Colisión de vehículos;Por alcance;1;1;;;;0;;;No;Densa;Seco y Limpio;P. Municipal;Si;No;;;;Buen Tiempo;Buena;;Sin Restricción;;;V2;Accidente en carril izquierdo.Pasamos los vehículos al arcén derecho,solo queda un vehículo en el punto.;;;Corte carril 13:26 - 13:30;;
22/05/2016;14:14;;20160522-0020;T-P-ACC-01;M30;06XC60;EXTERIOR;Tronco;Superficie;Colisión de vehículos;Por alcance;2;2;;;1;3;;;No;Fluida;Seco y Limpio;P. Municipal y P. Nacional;Si;No;Si;No;Si;Buen Tiempo;Buena;;Sin Restricción;;;V1/V2;En el punto Samur.Señalizar accidente por alcance en carril central con heridos sin daños.El veh 2 lo retira policía a la vía de servicio y son trasladados al H.Gregorio Marañon.El veh 1 es herido leve dado de alta en el lugar y es detenido por la policía nacional.;;1 l. desengrasante ;Corte carril 14:13 - 15:25;;
22/05/2016;19:13;;20160522-0025;C-P-ACC-01;M30;32XC30;EXTERIOR;Tronco;Superficie;Colisión de vehículos;Lateral;2;2;;;;0;;;No;Fluida;Seco y Limpio;P. Municipal;Si;No;No;No;No;Buen Tiempo;Buena;;Sin Restricción;;;V1/V2;Colisión lateral entre vehículos,sin heridos ni daños en arcén derecho.Se retiran ambos por sus medios.;;;Corte 1/4 carril derecho 19:22 - 19:43;;
23/05/2016;14:07;;20160523-0020;;M30;14NL50;INTERIOR;Tronco;Túnel;Colisión de vehículos;Por alcance;2;2;;;;0;;;No;Fluida;Seco y Limpio;;Si;No;No;No;No;Buen Tiempo;Buena;;Sin Restricción;;;AIAM Valencia ;Accidente por alcance entre 2 vehículos, sin heridos ni daños al patrimonio. Ambos vehículos se retiran por sus medios.;;;Se ocupa parte de carril desde las 14:13 h hasta las 14:17 h;;
24/05/2016;06:44;;20160524-0004;T-P-ACC-01;M30;18RN14;EXTERIOR;Ramal;Túnel;Colisión de vehículos;Por alcance;2;2;;;;0;;;No;Fluida;Seco y Limpio;;No;No;No;No;No;Buen Tiempo;Buena;;Sin Restricción;;;AIAM Portugal;Accidente por alcance entre 2 vehículos, sin heridos ni daños al patrimonio. No se corta carril, ambos vehículos se retiran por sus medios.;;;;;
24/05/2016;09:17;;20160524-0010;C-P-ACC-01;A1;09ZT50;ENTRADA;Tronco;Superficie;Otros;;1;;1;;;1;;;No;Densa;Seco y Limpio;G. Civil y SAMUR;Si;No;Si;No;No;Buen Tiempo;Buena;;Sin Restricción;;;V-1;Accidente de 1 motorista por caída, este resulta herido y trasladado por el samur al Hospital M. H. San Chinarro con pronostico reservado. La motocicleta es retirada por su grúa.;;;Se corta el carril derecho desde las 09:27 h hasta las 09:49 h;;
24/05/2016;14:10;;20160524-0022;C-P-ACC-01;M30;05NC70;INTERIOR;Tronco;Superficie;Colisión de vehículos;Por alcance;2;1;;1;;0;;;No;Congestionada;Seco y Limpio;P. Municipal;No;No;No;No;No;Buen Tiempo;Buena;;Sin Restricción;;;V-1;Accidente por alcance entre un turismo y un camión, se encuentran ocupando el arcén derecho con Policía Municipal. Sin heridos ni daños al patrimonio.;;;;;
24/05/2016;17:30;;20160524-0027;C-P-ACC-01;A2;04AT50;ENTRADA;Tronco;Superficie;Colisión de vehículos;Por alcance;2;2;;;;0;;;No;Densa;Seco y Limpio;;No;No;No;No;No;Buen Tiempo;Buena;;Sin Restricción;;;G-25;Accidente por alcance entre 2 vehículos, que se trasladan fuera de la circulación. Sin heridos ni daños al patrimonio.;;;;;
24/05/2016;17:50;;20160524-0028;C-P-ACC-01;M30;06XL60;EXTERIOR;VS;Superficie;Colisión de vehículos;Por alcance;2;2;;;;0;;;No;Congestionada;Seco y Limpio;P. Municipal;Si;No;No;No;No;Buen Tiempo;Buena;;Sin Restricción;;;V-1;Accidente por alcance entre 2 vehículos ocupando isleta y parte de carril. Sin heridos ni daños al patrimonio. Ambos vehículos se retiran por sus medios.;;;Se corta carril desde las 17:55 h hasta las 18:05 h;;
24/05/2016;18:27;;20160524-0030; C-E-ACC-01;M30;07XC30;EXTERIOR;Tronco;Superficie;Colisión de vehículos;Por alcance;3;3;;;;1;;;No;Densa;Seco y Limpio;P. Municipal y SAMUR;Si;No;No;No;No;Buen Tiempo;Buena;;Sin Restricción;;;V-1 / V-2;Accidente por alcance entre 3 vehículos ocupando carriles centrales. 1 herido trasladado al hospital por el samur con pronostico reservado.;;;Se cortan carriles desde las 18:40 h hasta las 20:25 h;;
24/05/2016;18:53;;20160524-0032;T-P-ACC-01;M30;13NL22;INTERIOR;Tronco;Túnel;Colisión de vehículos;Lateral;2;2;;;;0;;;No;Congestionada;Aceite;P. Municipal;Si;No;No;No;No;Buen Tiempo;Buena;;Sin Restricción;;;AIAM valencia ;Accidente por alcance entre 2 vehículos ocupando carril derecho. Sin heridos ni daños al patrimonio, ambos vehículos se retiran por sus medios.;;;Se corta el carril derecho desde las 19:02 h hasta las 19:08 h;;
24/05/2016;19:00;;20160524-0033;C-P-ACC-01;M30;06NC00;INTERIOR;Tronco;Superficie;Colisión de vehículos;Por alcance;3;3;;;;0;;;No;Congestionada;Seco y Limpio;;Si;No;Si;No;No;Buen Tiempo;Buena;;Sin Restricción;;;V-2 / M-2;Accidente por alcance entre 3 vehículos ocupando carril izquierdo. Sin heridos ni daños al patrimonio.;;;Se corta el carril izquierdo desde las 19:00 h hasta las 20:10 h;;
24/05/2016;20:10;;20160524-0034;;M30;09XL10;EXTERIOR;Tronco;Superficie;Colisión de vehículos;Por alcance;2;;2;;;2;;;No;Congestionada;Seco y Limpio;;Si;No;No;No;No;Buen Tiempo;Buena;;Sin Restricción;;;V-2;Alcance entre motoristas UET. Las motos se retiran por sus medios, a mi llegada ya se han retirado.;;;;;
25/05/2016;07:40;;20160525-0003; T-E-ACC-01;M30;18RN52;EXTERIOR;Ramal;Túnel;Colisión de vehículos;Por alcance;2;2;;;1;1;;;No;Congestionada;Seco y Limpio;P. Municipal y SAMUR;No;No;No;No;No;Buen Tiempo;Buena;;Sin Restricción;;;AIAM Calderón;Accidente por alcance entre 2 vehículos ocupando el apartadero izquierdo, el accidente por colisión sucedió en el túnel FT. 1 herido leve trasladado al Hospital Gomez Ulla. Ambos vehículos se retiran por sus medios.;;;;;
25/05/2016;18:29;;20160525-0019;T-P-ACC-01;M30;14NL19;INTERIOR;Tronco;Túnel;Colisión de vehículos;Por alcance;4;4;;;;0;;;No;Densa;Seco y Limpio;P. Municipal;Si;No;No;Si;No;Buen Tiempo;Buena;;Sin Restricción;;;AIAM Valencia ;Accidente por alcance entre 4 vehículos, cuando llegan los AIAM solo quedan 3 vehículos implicados, 2 de ellos se retiran por sus medios y 1 es sacado al exterior por el híbrido de los AIAM. Sin heridos ni daños al patrimonio.;;;Se corta el carril derecho desde las 18:36 h hasta las 19:03 h;;
25/05/2016;20:11;;20160525-0020; C-E-ACC-01;M30;04NC00;INTERIOR;Tronco;Superficie;Colisión de vehículos;Por alcance;3;3;;;1;1;;;No;Densa;Seco y Limpio;P. Municipal y SAMUR;Si;No;Si;No;No;Buen Tiempo;Buena;;Sin Restricción;;;V-1;Accidente por alcance entre 3 vehículos en el carril izquierdo, cuando llega el vigilante V-1 dichos vehículos implicados se encuentran en el arcén derecho junto con Policía Municipal. 1 herido leve dado de alta en el punto.;;;Se corta parte del carril derecho desde las 20:19 h hasta las 21:25 h;;
26/05/2016;07:48;;20160526-0003; C-E-ACC-01;M30;08XC80;EXTERIOR;Tronco;Superficie;Colisión de vehículos;Por alcance;2;1;1;;;1;;;No;Congestionada;Seco y Limpio;P. Municipal y SUMMA;Si;No;No;No;No;Buen Tiempo;Buena;;Sin Restricción;;;M-4;Accidente por alcance entre 1 turismo y 1 motorista, este resulta herido y trasladado por el SUMMA al hospital sin pronosticar. La motocicleta es retirada del punto por la grúa externa de Lopez Ollero y el turismo abandona la zona por sus medios.;;;;;
26/05/2016;08:28;;20160526-0006;;M30;19NC60;INTERIOR;Tronco;Superficie;Colisión de vehículos;;2;2;;;;0;;;No;Densa;Seco y Limpio;;No;No;Si;No;No;Buen Tiempo;Buena;;Sin Restricción;;;M-1;Accidente por alcance entre 2 vehículos, cuando llega el vigilante M-1 solo queda 1 vehículo implicado ocupando el arcén derecho. Sin heridos ni daños al patrimonio.;;;;;
26/05/2016;09:03;;20160526-0009; C-E-ACC-01;M607;11OL10;SALIDA;Tronco;Superficie;Colisión de vehículos;Por alcance;2;;2;;;0;1;;No;Densa;Seco y Limpio;G. Civil y SAMUR;Si;No;Si;No;No;Buen Tiempo;Buena;;Sin Restricción;;;V-2;Accidente por alcance entre 2 motoristas ocupando el carril derecho. 1 herido grave trasladado al hospital.;;;Se corta el carril derecho desde las 09:07 h hasta las 09:59 h;;
26/05/2016;12:13;;20160526-0013;C-P-ACC-01;M30;31NC50;INTERIOR;Tronco;Superficie;Colisión de vehículos;Por alcance;2;2;;;1;1;;;No;Densa;Seco y Limpio;P. Municipal y SAMUR;Si;No;No;No;No;Buen Tiempo;Buena;;Sin Restricción;;;V-2;Accidente por alcance entre 2 vehículos ocupando el carril derecho. 1 herido leve dado de alta en el punto. Los vehículos implicados son trasladados al anchuron del PK 32+200 donde se quedan junto con Policía Municipal, el vigilante V-2 se retira.;;;Se corta el carril derecho desde las 12:13 h hasta las 12:40 h;;
26/05/2016;12:24;;20160526-0015;C-P-ACC-01;M30;00XC60;EXTERIOR;Tronco;Superficie;Colisión de vehículos;Por alcance;2;2;;;;0;;;No;Fluida;Seco y Limpio;P. Municipal;Si;No;No;No;No;Buen Tiempo;Buena;;Sin Restricción;;;V-1;Accidente por alcance entre 2 vehículos ocupando el carril derecho. Sin heridos ni daños al patrimonio. Uno de los vehículos implicados se retira por sus medios y el otro en la grúa externa de Lopez Ollero.;;;Se corta el carril derecho desde las 12:24 h hasta las 13:07 h;;
26/05/2016;18:53;;20160526-0030; C-E-ACC-01;M30;08XL10;EXTERIOR;VS;Superficie;Colisión de vehículos;Por alcance;3;3;;;1;1;;;No;Congestionada;Seco y Limpio;P. Municipal y SAMUR;Si;No;Si;No;No;Buen Tiempo;Buena;;Sin Restricción;;;V-1;Accidente por alcance entre 3 vehículos en el carril derecho central. 1 herido leve dado de alta en el punto.;;;Se corta el carril derecho desde las 18:53 h hasta las 19:55 h;;
26/05/2016;19:50;;20160526-0032;C-P-ACC-01;M30;09XC00;EXTERIOR;Tronco;Superficie;Colisión de vehículos;Por alcance;2;2;;;2;2;;;No;Congestionada;Seco y Limpio;P. Municipal y SAMUR;Si;Si;Si;No;No;Buen Tiempo;Buena;;Sin Restricción;;;V-2 / M-2;Accidente por alcance entre 2 vehículos ocupando el carril derecho. 2 heridos leves dados de alta en el punto.;;Sepiolita gruesa;Se corta el carril derecho desde las 19:58 h hasta las 20:40 h;;
26/05/2016;20:05;;20160526-0034;C-P-ACC-01;M30;11XL40;EXTERIOR;Tronco;Superficie;Colisión de vehículos;Por alcance;2;2;;;;0;;;No;Densa;Seco y Limpio;P. Municipal;Si;No;Si;No;No;Buen Tiempo;Buena;;Sin Restricción;;;V-1;Accidente por alcance entre 2 vehículos ocupando el carril izquierdo. Sin heridos ni daños al patrimonio.;;;Se corta el carril izquierdo desde las 20:10 h hasta las 21:15 h;;
26/05/2016;20:35;;20160526-0035; C-E-ACC-01;A2;04AL30;SALIDA;Tronco;Superficie;Colisión de vehículos;;2;2;;;1;1;;;No;Congestionada;Seco y Limpio;P. Municipal y SAMUR;Si;No;Si;No;No;Buen Tiempo;Buena;;Sin Restricción;;;M-2 / AIAM Méndez Alvaro;Accidente por alcance entre 2 vehículos ocupando 2 carriles derechos. 1 herido leve dado de alta en el punto.;;;Se corta el carril izquierdo desde las 20:10 h hasta las 21:15 h;;
27/05/2016;08:00;;20160527-0002; C-E-ACC-01;M11;00MT80;ENTRADA;Tronco;Superficie;Colisión de vehículos;Lateral;2;1;1;;1;1;;;Si;Congestionada;Seco y Limpio;P. Municipal, SAMUR y 112;Si;No;No;No;Si;Buen Tiempo;Buena;;Sin Restricción;;;V-1;Señalizar accidente lateral con motorista implicado herido leve, trasladao al H. Ramón y Cajal y con daños al patrimonio.;2 hitos H-75;;Guardia Civil interviene en la incidencia.;;
27/05/2016;14:18;;20160527-0014;C-P-ACC-01;M30;06XL80;EXTERIOR;VS;Superficie;Colisión de vehículos;Por alcance;2;2;;;;0;;;No;Congestionada;Seco y Limpio;P. Municipal;Si;No;Si;No;No;Buen Tiempo;Buena;;Sin Restricción;;;V-1;Accidente en arcen derecho. Se actia a grúa externa, pero sinalmente se lo lleva la grúa del usuario.;;;;;
27/05/2016;15:05;;20160527-0016; C-E-ACC-01;M30;32RC10;EXTERIOR;Ramal;Superficie;Otros;;1;;1;;1;1;;;Si;Densa;Seco y Limpio;P. Municipal y SAMUR;Si;No;Si;No;No;Buen Tiempo;Buena;;Sin Restricción;;;V-1;Caida de motorista contra la baliza N-120;arrancandola del suelo. A mi llegada Policía sobrepone la baliza. Herido leve dado de alta en el punto.;;;;
27/05/2016;15:40;;20160527-0018;;M30;12NL30;INTERIOR;Tronco;Superficie;Colisión de vehículos;;;;;;;1;;;No;Congestionada;Seco y Limpio;;;No;;;;Buen Tiempo;Buena;;Sin Restricción;;;V-2;Aviso de accidente anulado;;;;;
27/05/2016;17:19;;20160527-0023; C-E-ACC-01;M30;01XC70;EXTERIOR;Tronco;Superficie;Colisión de vehículos;Lateral;2;1;1;;1;1;;;No;Congestionada;Seco y Limpio;P. Municipal y SAMUR;Si;No;Si;No;No;Buen Tiempo;Buena;;Sin Restricción;;;V-1;Accidente en carriles izquierdos. Herido leve dado de alta en el punto.;;;;;
28/05/2016;12:10;;20160528-0010;C-P-ACC-01;M30;08XL10;EXTERIOR;VS;Superficie;Colisión de vehículos;Lateral;2;2;;;;0;;;No;Fluida;Seco y Limpio;;No;No;No;No;No;Buen Tiempo;Buena;;Sin Restricción;;;V-1;Colisión lateral de 2 vehiculos. Usuarios toman datos y reanudan marcha.;;;;;
28/05/2016;19:37;;20160528-0022;T-P-ACC-01;M30;15RE15;INTERIOR;Ramal;Túnel;Colisión de vehículos;Por alcance;2;2;;;;0;;;No;Densa;Seco y Limpio;P. Municipal;No;No;No;Si;No;Buen Tiempo;Buena;;Sin Restricción;;;AIAM CALDERÓN;Colisión vehicuo con otro. Los ocuoantes se encuentran bien, activamos F-12. cargamos y sacamos alexterior.;;;;;
29/05/2016;00:25;;20160529-0001;;M30;11NL20;INTERIOR;Tronco;Superficie;Colisión de vehículos;Por alcance;2;2;;;;0;;;No;Fluida;Seco y Limpio;P. Municipal;Si;No;No;No;Si;Buen Tiempo;Buena;;Sin Restricción;;;V-1;Señalizo accidente sin heridos, corto carril central derecho y salida raml 10RC, policía solicita grúa movilidad para sacar el vehículo.;;;;;
29/05/2016;08:25;;20160529-0012; C-E-ACC-01;M30;03NL10;INTERIOR;VS;Superficie;Salida de vía;;1;1;;;1;1;;;Si;Fluida;Seco y Limpio;P. Municipal y SAMUR;No;Si;No;No;Si;Buen Tiempo;Buena;;Sin Restricción;;;V-1/V-2;Vehículo se sale de vía colisionando contra barrera margen izquierdo.;4 barreras, 5 IPN, 5 protectores, central y derecho.;;;;
29/05/2016;20:40;;20160529-0024;C-P-ACC-01;M11;00MT80;ENTRADA;Tronco;Superficie;Salida de vía;;1;1;;;;0;;;No;Fluida;Seco y Limpio;;No;No;No;No;No;Buen Tiempo;Buena;;Sin Restricción;;;V-1;Vehículo parado en carril izquierdo, me lo pasa a carril derecho, me dice que se ha golpeado con algo, no sabe con qué.;;;;;
30/05/2016;09:04;;20160530-0010;C-P-ACC-01;M30;30NC90;INTERIOR;Tronco;Superficie;Colisión de vehículos;Por alcance;2;2;;;;0;;;No;Congestionada;Seco y Limpio;P. Municipal;Si;No;No;No;No;Buen Tiempo;Buena;;Sin Restricción;;;V-1;Avios Centro de Contro de accidente por alcance carril izquierdo, a mi llegada se encuentra policía y un solo vehículo, grúa de calle 30 saca el vehículo a anchurón pk 32+000.;;;;;
30/05/2016;09:25;;20160530-0012; C-E-ACC-01;M30;11XL50;EXTERIOR;Tronco;Superficie;Colisión de vehículos;Lateral;2;;2;;1;1;1;;No;Densa;Seco y Limpio;P. Municipal y SAMUR;No;No;No;No;No;Buen Tiempo;Buena;;Sin Restricción;;;V-2;Accidente lateral dos motos, con heridos que son trasladados al gregorio marañón uno con pronóstico grave y otro leve.;;;;;
30/05/2016;09:47;;20160530-0013; C-E-ACC-01;M30;07XL30;EXTERIOR;VS;Superficie;Colisión de vehículos;Lateral;3;2;1;;1;1;;;No;Densa;Seco y Limpio;P. Municipal y SAMUR;No;No;Si;No;No;Buen Tiempo;Buena;;Sin Restricción;;;V-1;Aviso Centro de Control accidente por alcance, a mi llegada se encuentra policía con los vehículos en arcén derecho, se solicita samur, los vehículos 2 y 3 se retiran por sus medios, moto grúa usuario.;;;;;
30/05/2016;14:40;;20160530-0026;T-P-ACC-01;M30;14NL10;INTERIOR;Tronco;Túnel;Colisión de vehículos;Por alcance;2;2;;;;0;;;No;Congestionada;Seco y Limpio;;No;No;No;No;No;Buen Tiempo;Buena;;Sin Restricción;;;AIAM Valencia ;Accidente entre 2 vehículos por alcance que se retiran del punto por sus medios cuando llegan los AIAM de Base Valencia.;;;;;
30/05/2016;16:18;;20160530-0030; C-E-ACC-01;A2;04AT90;ENTRADA;Tronco;Superficie;Colisión de vehículos;Por alcance;4;4;;;2;2;;;No;Densa;Seco y Limpio;P. Municipal y SAMUR;Si;No;Si;No;Si;Buen Tiempo;Buena;;Sin Restricción;;;V-1;Accidente entre 4 vehículos por alcance, se cortan 2 carriles derechos y 2 heridos leves trasladados a distintos hospitales. 1 vehículo implicado es retirado por una grúa de movilidad y los otros 3 en sus grúas, Policía Municipal no quiere activar a la grúa externa de Lopez Ollero.;;;Cortados carriles derechos desde las 16:17 h hasta las 17:30 h;;
30/05/2016;20:21;;20160530-0038;C-P-ACC-01;M30;07NC90;INTERIOR;Tronco;Superficie;Colisión de vehículos;Lateral;2;2;;;;0;;;No;Densa;Seco y Limpio;;Si;No;No;No;No;Buen Tiempo;Buena;;Sin Restricción;;;V-1;Accidente entre 2 vehículos por alcance, sin heridos ni daños al patrimonio. Ambos vehículos se retiran por sus medios.;;;Cortado el carril derecho desde las 20:22 h hasta las 20:35 h;;
30/05/2016;22:30;;20160530-0040; C-E-ACC-01;M607;09VU30;ENTRADA;VS;Superficie;Vuelco;;1;1;;;;2;;;Si;Fluida;Seco y Limpio;P.M., SAMUR y Bomberos;Si;Si;No;No;Si;Buen Tiempo;Buena;;Sin Restricción;;;V-1 / V-2;Accidente de 1 vehículo por salida de vía y que termina volcando, causa daños la patrimonio en barreras, 2 heridos sin pronosticar trasladados al hospital por el Samur. El vehículo implicado es retirado por la grúa de movilidad.;12 barreras, 10 CPNs, 3 separadores de barreras y 1 principio de barrera curvo;;Cortados 2 carriles derechos desde las 22:42 h hasta las 00:55 h;;
30/05/2016;23:04;;20160530-0041;  T-E-ACC-01;M30;15RH30;EXTERIOR;Ramal;Túnel;Colisión de vehículos;Lateral;2;1;1;;;0;;;No;Fluida;Seco y Limpio;P. Municipal;Si;No;No;No;No;Buen Tiempo;Buena;;Sin Restricción;;;AIAM Calderón;Accidente entre una motocicleta y un turismo, sin heridos ni daños al patrimonio. Cuando llegan los AIAM se encuentra en el punto Policía Municipal cortando el ramal 15RH. Ambos vehículos se retiran por sus medios cuando los conductores realizan el parte.;;;;;
31/05/2016;09:40;;20160531-0010;C-P-ACC-01;M30;08XL50;EXTERIOR;VS;Superficie;Colisión de vehículos;Lateral;2;1;1;;;0;;;No;Densa;Seco y Limpio;;Si;No;No;No;No;Buen Tiempo;Buena;;Sin Restricción;;;M-4;Accidente entre una motocicleta y un turismo ocupando el carril izquierdo. Sin heridos ni daños al patrimonio. Ambos vehículos se retiran del punto por sus medios cuando terminan de realizar el parte del accidente.;;;;;
31/05/2016;19:53;;20160531-0039; T-E-ACC-01;M30;14NL19;INTERIOR;Tronco;Túnel;Colisión de vehículos;Por alcance;4;4;;;1;2;;;No;Congestionada;Seco y Limpio;P. Municipal y SAMUR;Si;No;Si;Si;No;Buen Tiempo;Buena;;Sin Restricción;;;AIAM Valencia ;Accidente por alcance entre 4 vehículos ocupando el carril derecho. 1 herido leve dado de alta en el punto. Dos de los vehículos se retiran por sus medios, el tercero en su grúa particular y el cuarto lo retira el híbrido de los AIAM.;;;;;
31/05/2016;20:45;;20160531-0043;C-P-ACC-01;A2;04AT40;ENTRADA;Tronco;Superficie;Colisión de vehículos;Por alcance;2;2;;;;0;;;No;Fluida;Seco y Limpio;P. Municipal;No;No;Si;No;No;Buen Tiempo;Buena;;Sin Restricción;;;V-1;Accidente por alcance entre 2 vehículos, cuando llega el vigilante V-1 solo queda en el punto 1 vehículo implicado a la espera de su grúa. Sin heridos ni daños al patrimonio. Policía Municipal saca a zona urbana a los ocupantes de dicho vehículo.;;;;;
31/05/2016;22:14;;20160531-0044;C-P-ACC-01;M30;29XC20;EXTERIOR;Tronco;Superficie;Colisión de vehículos;Por alcance;3;3;;;;0;;;No;Fluida;Seco y Limpio;;Si;No;No;No;No;Buen Tiempo;Buena;;Sin Restricción;;;V-1;Accidente por alcance entre 3 vehículos ocupando el carril derecho. Sin heridos ni daños al patrimonio. Los vehículos implicados se retira del punto por sus medios.;;;Cortado el carril derecho desde las 22:18 h hasta las 22:29 h;;
31/05/2016;22:35;;20160531-0045;C-P-ACC-01;M30;32XC20;EXTERIOR;Tronco;Superficie;Colisión de vehículos;Por alcance;3;3;;;;0;;;No;Fluida;Seco y Limpio;P. Municipal;Si;No;Si;No;No;Buen Tiempo;Buena;;Sin Restricción;;;V-1;Accidente por alcance entre 3 vehículos ocupando el carril derecho. Sin heridos ni daños al patrimonio. ;;;Cortado el carril derecho desde las 22:41 h hasta las 23:33 h;;
01/06/2016;07:42;;20160601-0005;C-P-ACC-01;M30;30NC00;INTERIOR;Tronco;Superficie;Colisión de vehículos;Por alcance;2;2;;;;1;;;No;Fluida;Seco y Limpio;P. Municipal;No;No;No;No;Si;Buen Tiempo;;;Sin Restricción;;;AIAM Portugal;A mi llegada al 30+000 no hay nda policía los saco de la M30 queda un vehículo en la isleta del 31+300 (no señalizo).;;;;;