Fecha;Hora;Día;Nº Incidencia;sitrem;Carretera;MC30;Calzada;Localización;Enlace;Tipo de accidente;Tipo de colisión;Nº Vehículos implicados;Nº Turismos;Nº Motocicletas;Nº vehículos pesados;H.L.;hl;hg;vm;Daños al mobiliario urbano;Circulación;Estado del Firme;Presencia Recursos Externos;Corte Carril;Vertido;Grúa usuario;Grúa Propia EMESA;Grúa Movilidad;Factores Atmosféricos;Visibilidad señalización;Señalización de Peligro;Visibilidad restringida por;Aceras;Árboles;Vehículos denominación;Descripción del accidente;Daños causados al viario;Materiales utilizados;Observaciones;;
01/06/2016;09:53;;20160601-0010; C-E-ACC-01;M30;29XC10;EXTERIOR;Tronco;Superficie;Colisión de vehículos;Por alcance;2;1;;1;1;1;;;No;Fluida;Seco y Limpio;;Si;No;Si;No;No;Buen Tiempo;;;Sin Restricción;;;M1/V2;Accidente por lacance entre autobus y turismo.Con un herido leve,dado de alta en el lugar.;;;;;
01/06/2016;15:55;;20160601-0019; C-E-ACC-01;M607;11OL70;SALIDA;Tronco;Superficie;Colisión de vehículos;Por alcance;3;3;;;;3;;;No;Congestionada;Seco y Limpio;P.Municipal y G. Civil;Si;No;No;No;No;Buen Tiempo;;;Sin Restricción;;;V2;Samur en el punto.Accidente en carril izquierdo.Tres ocupantes son atendidos por Samur.Los vehículo reteirados por grúa usuarios y grúa M30.G.Civil los saca fuera.;;;Corte carril izquierdo 16:00 - 16:32;;
01/06/2016;19:57;;20160601-0030;C-P-ACC-01;M30;10RH15;EXTERIOR;Ramal;Superficie;Colisión de vehículos;Por alcance;2;2;;;;0;;;No;Fluida;Seco y Limpio;P. Municipal;No;No;Si;No;No;Buen Tiempo;;;Sin Restricción;;;V1;Colisión de 2 vehículos en el ramal 10RH;;;;;
02/06/2016;08:01;;20160602-0007; C-E-ACC-01;M30;08XC70;EXTERIOR;Tronco;Superficie;Colisión de vehículos;;2;1;1;;1;1;;;No;Congestionada;Seco y Limpio;P. Municipal y SAMUR;Si;No;No;No;No;Buen Tiempo;;;Sin Restricción;;;V1;Colisión de 2 vehículos en carril central. Al llegar al punto Policía ha trasladado a 8+500 VS arcén derecho;;;;;
02/06/2016;14:20;;20160602-0022;C-P-ACC-01;M30;04XL10;EXTERIOR;VS;Superficie;Colisión de vehículos;Por alcance;2;2;;;;0;;;No;Fluida;Seco y Limpio;;Si;No;No;No;No;Buen Tiempo;;;Sin Restricción;;;V1;Pequeña colisión por alcance entre 2 vehículos, sin heridos ni daños en arcén derecho. Señalizo hasta retirada de estos por sus medios, una vez realizan parte amistoso;;;;;
02/06/2016;16:51;;20160602-0031;C-P-ACC-01;M30;11NL00;INTERIOR;Tronco;Superficie;Colisión de vehículos;Por alcance;2;1;;1;;0;;;No;Fluida;Seco y Limpio;P. Municipal;Si;No;No;No;No;Buen Tiempo;;;Sin Restricción;;;V1;Colisión alcance carrild erecho, sin heridos;;;;;
02/06/2016;17:13;;20160602-0033;C-P-ACC-01;M30;12NL00;INTERIOR;Tronco;Superficie;Colisión de vehículos;Por alcance;2;2;;;;0;;;No;Fluida;Seco y Limpio;P. Municipal;Si;No;Si;No;No;Buen Tiempo;;;Sin Restricción;;;V1;Colisión lateral carril derecho sin heridos ni daños. A mi lllegada Policía y solo 1 vehículo en el punto que sacamos al 12RA arcen derecho hasta retirada en grúa propia.;;;;;
03/06/2016;13:36;;20160603-0023; C-E-ACC-01;M30;24RH20;EXTERIOR;Ramal;Superficie;Colisión de vehículos;Lateral;2;2;;;1;1;;;Si;Densa;Seco y Limpio;P.M., SAMUR y Bomberos;Si;No;Si;No;No;Buen Tiempo;;;Sin Restricción;;;V1 / V2;Colisión lateral con salida de via margen izquierdo. Herido trasladado. Vehículos en grúa propias. ;Jardinera y un CPN;;;;
03/06/2016;14:30;;20160603-0025;C-P-ACC-01;M30;08NL30;INTERIOR;VS;Superficie;Colisión de vehículos;Por alcance;3;3;;;;0;;;No;Congestionada;Seco y Limpio;P. Municipal;Si;No;Si;No;No;Buen Tiempo;;;Sin Restricción;;;V2 / M2;;;;;;
03/06/2016;15:02;;20160603-0028;C-P-ACC-01;M30;22NC30;INTERIOR;Tronco;Superficie;Colisión de vehículos;Por alcance;3;3;;;;0;;;No;Congestionada;Seco y Limpio;P. Municipal;Si;No;Si;No;No;Buen Tiempo;;;Sin Restricción;;;V1;Colisión alcance 3 vehículos, sin heridos ni daños carril derecho. Corto medio carril derecho hasta retirada de vehículo 1 grúa propia, vehículo 2 por sus medios y vehículo 3 grúas Ollero hasta zona urbana;;;;;
03/06/2016;20:32;;20160603-0045;C-P-ACC-01;A4;05UL00;SALIDA;Tronco;Superficie;Colisión de vehículos;Por alcance;2;2;;;;0;;;No;Fluida;Seco y Limpio;P. Municipal;Si;No;No;No;No;Buen Tiempo;;;Sin Restricción;;;V1;Colisión por alcance carril derecho,sin heridos ni daños.Un vehículo sale por sus medios y el otro grúa Ollero.;;;Corte carril derecho 20:33 - 21:10;;
03/06/2016;22:41;;20160603-0050; C-E-ACC-01;M30;32RA50;INTERIOR;Ramal;Superficie;Colisión de vehículos;Por alcance;2;2;;;2;2;;;No;Fluida;Seco y Limpio;P. Municipal y SAMUR;Si;No;Si;No;Si;Buen Tiempo;;;Sin Restricción;;;V1;Accidente de dos heridos leves,dados de alta en el punto.;;;Corte carril derecho 22:50 - 23:49;;
04/06/2016;08:25;;20160604-0004;C-P-ACC-01;M30;10NL80;INTERIOR;Tronco;Superficie;Salida de vía;Por alcance;2;2;;;;0;;;No;Fluida;Seco y Limpio;P. Municipal;Si;No;Si;No;No;Buen Tiempo;;;Sin Restricción;;;V-1;Accidente en carril izquierdo. El vehiculo 1 es golpeado por otro vehiculo que se da a la fuge. Con ayuda de Policía nos pasamod al carril izquierdo de 10RA;;;;;
04/06/2016;19:54;;20160604-0010;C-P-ACC-01;M607;11OT00;ENTRADA;Tronco;Superficie;Colisión de vehículos;Por alcance;2;2;;;;0;;;No;Fluida;Seco y Limpio;G. Civil;Si;No;Si;No;No;Buen Tiempo;;;Sin Restricción;;;V-2;Señalizar accidente por alcance en carril derecho sin daños, n i jeridos. El vehiculo nº 1 se retira en su grúa seguro. El vehiculo nº 2 por sus medios.;;;;;
04/06/2016;21:54;;20160604-0014;C-P-ACC-01;M30;06RM20;EXTERIOR;Ramal;Superficie;Colisión de vehículos;Por alcance;2;2;;;1;1;;;No;Fluida;Seco y Limpio;P. Municipal y SAMUR;Si;No;Si;No;No;Buen Tiempo;;;Sin Restricción;;;V-1;Corto carril izquierdo por accidente, sin daños, con herido leve, trasladado para hacer placas. ;;;;;
05/06/2016;04:10;;20160605-0006; C-E-ACC-01;M30;07XL70;EXTERIOR;VS;Superficie;Salida de vía;;1;1;;;;0;;;Si;Fluida;Seco y Limpio;P. Municipal;Si;No;No;No;Si;Buen Tiempo;;;Sin Restricción;;;V-1/V-2;Señalizar accidente salida de via con daños a patrimonio, sin heridos, lo retira grúa movilidad. Positivo en prueba de alcoholemia;1 hito, 1 base, 1 bañera n-120, 2 principios de barrera, 11 barreras, 19 cpns, 19 separadores, 5 captafaros y pk 7+700;;Bomberos tambien intervienen.;;
06/06/2016;06:29;;20160606-0007;;M30;15RH38;EXTERIOR;Ramal;Túnel;Salida de vía;;1;1;;;;0;;;Si;Fluida;Seco y Limpio;P. Municipal;Si;;Si;No;No;Buen Tiempo;;;Sin Restricción;;;AIAM Calderón;Vehículo colisiona contra mocheta de entrada al ramal 15RH. Le saca su mutua;;;corte de 6:34 / 7:10;;
06/06/2016;11:50;;20160606-0023;C-P-ACC-01;M30;01NC50;INTERIOR;Tronco;Superficie;Colisión de vehículos;Por alcance;2;2;;;;0;;;No;Densa;Seco y Limpio;P. Municipal;Si;Si;Si;No;No;Buen Tiempo;;;Sin Restricción;;;V-1/V-2;Alcance entre vehiculos carril derecho. Retirado por grúas usuarios.;;;;;
06/06/2016;16:15;;20160606-0032; C-E-ACC-01;M30;24XC90;EXTERIOR;Tronco;Superficie;Colisión de vehículos;Por alcance;2;2;;;;0;;;No;Fluida;Seco y Limpio;P. Municipal;No;No;Si;No;No;Buen Tiempo;;;Sin Restricción;;;V-2;Aviso de C. Control accidente 2 vehiculos carril derecho, los pasamos al arcen derecho. No hay heridos.;;;;;
06/06/2016;17:57;;20160606-0036; C-E-ACC-01;M30;11NL00;INTERIOR;Tronco;Superficie;Colisión de vehículos;Por alcance;3;3;;;1;1;;;No;Densa;Seco y Limpio;P. Municipal y SAMUR;Si;No;Si;No;No;Buen Tiempo;;;Sin Restricción;;;V1 / V2 / M3;Accidente en carril izquierdo. 1 herido leve trasladado. Se pasan vehículos a la isleta;;;;;
07/06/2016;08:08;;20160607-0007; C-E-ACC-01;M30;11XL00;EXTERIOR;VS;Superficie;Colisión de vehículos;Por alcance;5;5;;;;1;;;No;Densa;Seco y Limpio;P. Municipal y SAMUR;Si;No;No;No;No;Buen Tiempo;;;Sin Restricción;;;V1 / M4;Señalizar accidente colisión por alcance cortando carril derecho central. Desde 08:08 a 08:16 y pasamos con Polcía a arcén derecho cortando carril derecho. Solicitado SAMUR. SAMUR traslada herido al Hospital Ramón y Cajal;;;;;
07/06/2016;10:30;;20160607-0015; C-E-ACC-01;M30;31NC90;INTERIOR;Tronco;Superficie;Otros;;1;;1;;;1;;;No;Densa;Seco y Limpio;P. Municipal y SAMUR;Si;No;No;No;No;Buen Tiempo;;;Sin Restricción;;;V2;Caída de motorista de UET. Es atendido por SAMUR y trasladado. ITE acude al punto. En el mismo punto queda un turismo averiado que es retirado por grúa;;;;;
07/06/2016;13:00;;20160607-0025;C-P-ACC-01;M30;07NL90;INTERIOR;VS;Superficie;Colisión de vehículos;Por alcance;2;2;;;;0;;;No;Fluida;Seco y Limpio;P. Municipal;Si;No;No;No;No;Buen Tiempo;;;Sin Restricción;;;M1  ;Accidente por alcance en arcén derecho;;;;;
07/06/2016;17:35;;20160607-0041;C-P-ACC-01;M30;31NC60;INTERIOR;Tronco;Superficie;Colisión de vehículos;Por alcance;3;3;;;;0;;;No;Congestionada;Seco y Limpio;P. Municipal;Si;No;Si;No;No;Buen Tiempo;;;Sin Restricción;;;V2;Aviso de accidente de 3 vehículos en carril izquierdo. Sólo queda 1 que lo pasamos al anchurón PK 32;;;;;
07/06/2016;18:35;;20160607-0046; C-E-ACC-01;A2;05AT50;ENTRADA;Tronco;Superficie;Colisión de vehículos;Por alcance;7;7;;;;1;;;No;Densa;Seco y Limpio;P. Municipal y SAMUR;Si;No;Si;No;No;Buen Tiempo;;;Sin Restricción;;;V1 / V2 / M3;Accidente en carril derecho y central derecho. 1 herido trasladado al Hospital con pronóstico reservado;;;;;
07/06/2016;21:00;;20160607-0058; C-E-ACC-01;M30;25XC40;EXTERIOR;Tronco;Superficie;Salida de vía;;1;1;;;;1;;;Si;Congestionada;Seco y Limpio;P. Municipal y SAMUR;Si;No;No;No;Si;Buen Tiempo;;;Sin Restricción;;;V1 / V2 / M2/Capzt Conservación;Señalizar vehículo accidentado en carril derecho. Usuario asistido en el punto, se lo llevan detenido.;2 panel direccional dobles - 20 New jersey;;Corte 21:00 - 00:15;;
08/06/2016;09:08;;20160608- 0007 ;C-P-ACC-01;A5;04FT63;ENTRADA;Tronco;Túnel;Colisión de vehículos;Por alcance;3;3;;;;1;;;No;Densa;Seco y Limpio;P. Municipal y SAMUR;Si;No;No;No;No;Buen Tiempo;;;Sin Restricción;;;AIAM Portugal;Accidente por alcance de 3 vehículos en carril derecho.Se encuentra Movilidad que activa al Samur.Samur da de alta al paciente y nos retiramos del punto.Los vehículos salen por sus medios.;;;Corte carril derecho 09:12 - 09:57;;
08/06/2016;09:01;;20160608-0006; T-E-ACC-01;M30;09XL00;EXTERIOR;Tronco;Superficie;Colisión de vehículos;Por alcance;2;2;;;;0;;;No;Congestionada;Seco y Limpio;P. Municipal;Si;No;;;;Buen Tiempo;;;Sin Restricción;;;M1;Accidente por alcance ocupando parte de carril derecho.;;;;;
08/06/2016;13:00;;20160608-0018;;M30;09XL70;EXTERIOR;Tronco;Superficie;Colisión de vehículos;Por alcance;2;2;;;;0;;;No;Densa;Seco y Limpio;P. Municipal;Si;No;No;No;No;Buen Tiempo;;;Sin Restricción;;;V1;Accidente en carril derecho.Se retiran por sus medios.;;;Corte carril derecho 13:04 - 13:30.;;
08/06/2016;14:48;;20160608-0023;C-P-ACC-01;M30;02NL40;INTERIOR;VS;Superficie;Colisión de vehículos;Por alcance;2;2;;;;0;;;No;Fluida;Seco y Limpio;P. Municipal;No;No;Si;No;No;Buen Tiempo;;;Sin Restricción;;;M3;Accidente en arcén derecho.;;;;;
08/06/2016;15:00;;20160608-0024;C-P-ACC-01;M30;05NL20;INTERIOR;VS;Superficie;Colisión de vehículos;Por alcance;2;2;;;;0;;;No;Densa;Seco y Limpio;P. Municipal;Si;No;Si;No;No;Buen Tiempo;;;Sin Restricción;;;V1;Accidente en carril izquierdos.Sin heridos.;;;Corte 15:00 - 16:10.;;
08/06/2016;15:00;;20160608-0025;C-P-ACC-01;M30;04NC30;INTERIOR;Tronco;Superficie;Colisión de vehículos;Por alcance;3;3;;;;0;;;No;Densa;Seco y Limpio;P. Municipal;No;No;Si;No;No;Buen Tiempo;;;Sin Restricción;;;M3;Accidente en arcén derecho.;;;;;
08/06/2016;17:12;;20160608-0031;C-P-ACC-01;M30;29XC20;EXTERIOR;Tronco;Superficie;Colisión de vehículos;Por alcance;2;2;;;;0;;;No;Congestionada;Seco y Limpio;;No;No;Si;No;No;Buen Tiempo;;;Sin Restricción;;;V2;Aviso de accidente en carril izquierdo.Se encuentran en carril derecho,los paso fuera de la M-30,;;;;;
08/06/2016;18:45;;20160608-0039; C-E-ACC-01;M30;29XC60;EXTERIOR;Tronco;Superficie;Colisión de vehículos;Por alcance;2;1;1;;2;2;;;No;Densa;Seco y Limpio;P. Municipal y SAMUR;Si;No;;;;Buen Tiempo;;;Sin Restricción;;;M2;Señalizar accidente en carril derecho.Heridos leves dados de alta en el punto.;;;Corte carril derecho 18:50 - 19:20;;
09/06/2016;08:00;;20160609-0008;C-P-ACC-01;M30;05XL50;EXTERIOR;VS;Superficie;Colisión de vehículos;Por alcance;2;2;;;;0;;;No;Congestionada;Seco y Limpio;;No;No;No;No;No;Buen Tiempo;;;Sin Restricción;;;M4;Accidente leve por alcance de dos vehículos.Se marchan por sus propios medios.;;;;;
09/06/2016;09:05;;20160609-0012; C-E-ACC-01;M30;31RJ30;EXTERIOR;Ramal;Superficie;Otros;;1;;1;;;1;;;No;Densa;Seco y Limpio;P. Municipal y SAMUR;;No;Si;No;No;Buen Tiempo;;;Sin Restricción;;;V1;Caída de motorista.Herido trasladado.;;;;;
09/06/2016;10:35;;20160609-0016;C-P-ACC-01;M30;31XC50;EXTERIOR;Tronco;Superficie;Colisión de vehículos;Por alcance;3;3;;;;0;;;No;Densa;Seco y Limpio;P. Municipal;No;No;Si;No;No;Buen Tiempo;;;Sin Restricción;;;V1/V2;Accidente en carriles centrales.Policía pasa los vehículos al arcén izquierdo del 31RJ.;;;;;
09/06/2016;10:40;;20160609-0017;C-P-ACC-01;A2;05AT50;ENTRADA;Tronco;Superficie;Colisión de vehículos;Por alcance;2;2;;;;0;;;No;Fluida;Seco y Limpio;P. Municipal;Si;No;Si;No;No;Buen Tiempo;;;Sin Restricción;;;V2;Alcance entre vehículos carril izquierdo.Policía los retira al carril derecho.;;;Corte carril derecho 10:55 - 11:25;;
09/06/2016;14:30;;20160609-0024;C-P-ACC-01;M30;10NL80;INTERIOR;Tronco;Superficie;Colisión de vehículos;Por alcance;4;4;;;;0;;;No;Fluida;Seco y Limpio;P. Municipal;Si;No;;;;Buen Tiempo;;;Sin Restricción;;;M3;Accidente en carril central derecho;;;Corte carrilo derecho 14:33 - 15:00;;
09/06/2016;14:50;;20160609-0027; C-E-ACC-01;M30;03NC10;INTERIOR;Tronco;Superficie;Colisión de vehículos;Por alcance;3;3;;;1;1;;;No;Densa;Seco y Limpio;P. Municipal y SAMUR;No;No;Si;No;No;Buen Tiempo;;;Sin Restricción;;;M2;Señalizar vehículos accidentados en arcén derecho.Herido leve dado de alta en el lugar.;;;;;
09/06/2016;17:39;;20160609-0035; C-E-ACC-01;M30;01XL30;EXTERIOR;VS;Superficie;Colisión de vehículos;Lateral;2;1;1;;1;1;;;No;Densa;Seco y Limpio;P. Municipal y SAMUR;No;No;Si;No;No;Buen Tiempo;;;Sin Restricción;;;V2;Aviso accidente de 2 vehículos.Trasladado un herido al Hospital La Paz.Lo sacamos fuera de la M-30;;Sepiolita gruesa;;;
10/06/2016;02:40;;20160610-0003;;M607;09OL10;SALIDA;Tronco;Superficie;Salida de vía;Frontal;2;2;;;;0;;;Si;Fluida;Seco y Limpio;P. Municipal y Bomberos;Si;Si;No;No;Si;Buen Tiempo;;;Sin Restricción;;;V1 / V-2 / F-6 / C-1 / G-25;Accidente de un turismo por salida de vía que colisiona contra la isleta y subiendose en el muro, causa daños al patrimonio. Sin heridos. Se corta la M-607 por orden de Policía Municipal.;1 bañera, 4 hitos, 1 señal de 5 lamas de PK salida y farola de 12 metros con 2 luminarias;3 Kg. de sepiolita gruesa y 4 bolsas;Cortados carriles desde las 02:45 hasta las 04:50 , otro turismo sufre un pincahzo debido a los restos de la señal dañada.;;
10/06/2016;15:38;;20160610-0034;C-P-ACC-01;M30;05NL60;INTERIOR;VS;Superficie;Colisión de vehículos;Por alcance;2;2;;;;0;;;No;Densa;Seco y Limpio;;No;No;No;No;No;Buen Tiempo;;;Sin Restricción;;;M-3;Accidente entre 2 vehículos por alcance que se encuentran ocupando el arcén derecho.;;;;;
10/06/2016;15:40;;20160610-0035;C-P-ACC-01;M30;24XC10;EXTERIOR;Tronco;Superficie;Colisión de vehículos;Por alcance;2;2;;;;0;;;No;Densa;Seco y Limpio;P. Municipal;Si;No;Si;No;No;Buen Tiempo;;;Sin Restricción;;;V-2;Accidente entre 2 vehículos por alcance. Cuando llega el vigilante solo queda 1 vehículo implicado en el carril derecho a la espera de su grúa.;;;;;
10/06/2016;16:44;;20160610-0040;C-P-ACC-01;M30;22NC30;INTERIOR;Tronco;Superficie;Colisión de vehículos;Por alcance;2;2;;;;0;;;No;Densa;Seco y Limpio;P. Municipal;No;No;No;No;No;Buen Tiempo;;;Sin Restricción;;;V-2;Accidente entre 2 vehículos por alcance ocupando el carril derecho.;;;;;
10/06/2016;17:38;;20160610-0044; C-E-ACC-01;M30;28NC75;INTERIOR;Tronco;Superficie;Colisión de vehículos;Por alcance;2;1;1;;;0;;1;No;Fluida;Seco y Limpio;P. Municipal y SAMUR;Si;No;Si;No;Si;Buen Tiempo;;;Sin Restricción;;;V-2 / M-2 / G-25 / Jefe de Turno / CAIAM / Ingeniero de Guardía;Accidente por alcance en cruce de calles entre un turismo y un motorista que resulta fallecido. Se cortan 3 carriles.;;;Corte de 3 carriles desde las 17:38 h hasta las 21:50 h;;
10/06/2016;17:52;;20160610-0045;T-P-ACC-01;M30;16XC47;EXTERIOR;Tronco;Túnel;Colisión de vehículos;Lateral;2;1;;1;;0;;;No;Densa;Seco y Limpio;P. Municipal;Si;No;No;No;No;Buen Tiempo;;;Sin Restricción;;;AIAM Calderón;Accidente por alcance entre un turismo y un autobus, se les señaliza mientras los usuarios se intercambian datos y ambos se retiran por sus medios.;;;;;
11/06/2016;01:00;;20160611-0003; C-E-ACC-01;M30;03NC70;INTERIOR;Tronco;Superficie;Colisión de vehículos;Por alcance;3;3;;;1;3;1;;Si;Densa;Seco y Limpio;P.M., SAMUR y Bomberos;Si;Si;No;No;Si;Buen Tiempo;;;Sin Restricción;;;V-1 / V-2 / C-1 / F-6;Accidente por alcance entre 3 turismos que causan daños en barreras, dos de ellos terminan volcando. Dos heridos graves trasladados a hospitales y otro leve también trasladado. ;15 barreras, 8 CPNs y 1 cola de pez;4 kg sepiolita gruesa, 8 bolsas y 5 L. de desengrasante;Cortados carriles desde las 01:10 h hasta las 05:00 h;;
11/06/2016;12:25;;20160611-0009;C-E-ACC-02;M30;06XL20;INTERIOR;VS;Superficie;Colisión de vehículos;Lateral;2;1;;1;1;2;;;No;Fluida;Seco y Limpio;P.M., SAMUR y Bomberos;Si;No;No;No;No;Buen Tiempo;;;Sin Restricción;;;V-1;Accidente por alcance entre 1 camión cargado con mercancias peligrosas (gasolina - gasoil) y 1 turismo. 1 herido leve dado de alta en el punto por el Samur. Ambos vehículos se retiran por sus medios. Se corta la vía de servicio.;;;Cortada la vía de servicio desde las 12:40 h hasta las 13:20 h;;
11/06/2016;12:39;;20160611-0010; C-E-ACC-01;M30;10XL00;EXTERIOR;Tronco;Superficie;Colisión de vehículos;Por alcance;2;1;1;;;5;;;No;Congestionada;Seco y Limpio;P. Municipal y SAMUR;Si;No;No;No;No;Buen Tiempo;;;Sin Restricción;;;V-2;Aviso accidente con heridos en carril derecho, 2 heridos, vehículo 2, trasladados sin pronosticar.;;;;;
12/06/2016;13:57;;20160612-0007; C-E-ACC-01;M30;32RC50;INTERIOR;Tronco;Superficie;Vuelco;;1;1;;;2;2;;;Si;Fluida;Seco y Limpio;P. Municipal y SAMUR;Si;No;No;No;Si;Buen Tiempo;;;Sin Restricción;;;V-1/V-2;Salida de vía lado derecho como resultado de vuelco en 2 carriles derechos, su,a en el punto, atien a 2 personal, una trasladada a la paz(leve), la otra alta en el punto. Corto 2 carriles derechos  del 32RC y 1 derecho de M11 salida para dar paso a los que vienen por 32RC.ITE 5509, dice que enviemos fotos a atestados de tráfico y que ellos nos facilitan datos del seguro, grúa movilidad.;12 barreras, 11cpn, 22 metros lineales cerramiento,5 postes y 1crucets cerramiento.;;;;
12/06/2016;14:07;;20160612-0008; C-E-ACC-01;M30;32NC30;INTERIOR;Tronco;Superficie;Colisión de vehículos;Frontal;2;1;1;;;2;;;No;Congestionada;Seco y Limpio;P. Municipal y SAMUR;Si;No;No;No;No;Buen Tiempo;;;Sin Restricción;;;V-2;Colisión de vehículos con heridso en carril izquierdo y central, heridos trsladados por Samur.;;;;;
13/06/2016;06:49;;20160613-0006;C-P-ACC-01;M30;10XL00;EXTERIOR;Tronco;Superficie;Colisión de vehículos;Por alcance;2;2;;;;0;;;No;Fluida;Seco y Limpio;P. Municipal;Si;No;No;No;No;Buen Tiempo;;;Sin Restricción;;;V-1;Colisión alcance 2 vehículos sin heridos ni daños carril derecho, se mueven vehículos al arcén derecho del 09XL70, corto 1/2 carril derecho hasta retirada de estos por sus medios, una vez toman datos y policía actúa.;;;;;
13/06/2016;07:42;;20160613-0007;C-P-ACC-01;A2;04AL70;SALIDA;Tronco;Superficie;Colisión de vehículos;Por alcance;2;2;;;;0;;;No;Densa;Seco y Limpio;P. Municipal;Si;No;Si;No;No;Buen Tiempo;;;Sin Restricción;;;V-1;Colisión alcance, a mi llegada sólo 1 vehículo con policía carril derecho, movemos vehículo al carril derecho 04RN, hasta retirada de este en grúa policía, sin heridos ni daños.;;;;;
13/06/2016;08:35;;20160613-0014; C-E-ACC-01;M30;32RK30;INTERIOR;Ramal;Superficie;Salida de vía;;1;;1;;;1;;;No;Densa;Seco y Limpio;P. Municipal y SAMUR;No;No;;;;Buen Tiempo;;;Sin Restricción;;;V2;Aviso:Accidente en ramal.Caída de motorista con heridos.Herido trasladado por Samur.;;;;;
13/06/2016;10:18;;20160613-0027;C-P-ACC-01;M30;11XL30;EXTERIOR;Tronco;Superficie;Colisión de vehículos;Por alcance;3;3;;;;0;;;No;Congestionada;Seco y Limpio;P. Municipal;Si;No;No;No;No;Buen Tiempo;;;Sin Restricción;;;V1;Colisión por alcance de 3 vehículos,sin heridos ni daños carril derecho.Se retiran por sus medios,una vez hacen el parte.;;;Corte 1/2 carril derecho 10:19 - 10:54.;;
13/06/2016;12:26;;20160613-0033;C-P-ACC-01;M30;10NL50;INTERIOR;Tronco;Superficie;Colisión de vehículos;Por alcance;2;2;;;;0;;;No;Fluida;Seco y Limpio;P. Municipal;Si;No;No;No;No;Buen Tiempo;;;Sin Restricción;;;V1;Colisión por alcance entre 2 vehículos,sin heridos ni daños.Corto carril derecho hasta la retirada del veh 1 por sus medios y veh 2 por grúa Ollero.;;;Corte  carril derecho 12:29 - 12:30.;;
13/06/2016;17:37;;20160613-0048;C-P-ACC-01;M30;03NC60;INTERIOR;Tronco;Superficie;Colisión de vehículos;Por alcance;4;4;;;;0;;;No;Fluida;Seco y Limpio;P. Municipal;No;No;Si;No;No;Buen Tiempo;;;Sin Restricción;;;M3;Accidente en arcén derecho.;;;;;
13/06/2016;19:08;;20160613-0054;C-P-ACC-01;M30;04XC30;EXTERIOR;Tronco;Superficie;Colisión de vehículos;Por alcance;2;2;;;;0;;;No;Densa;Seco y Limpio;P. Municipal;Si;Si;;;;Buen Tiempo;;;Sin Restricción;;;M3/V1;Accidente en carril izquierdo.;;;Corte carril izquierdo 19:14 - 20:03;;
14/06/2016;08:29;;20160614-0004;T-P-ACC-01;M30;10XC52;EXTERIOR;Tronco;Túnel;Colisión de vehículos;Por alcance;2;2;;;;0;;;No;Congestionada;Seco y Limpio;P. Municipal;Si;No;No;No;No;Buen Tiempo;;;Sin Restricción;;;AIAM Portugal;Accidente por alcance entre 2 vehículos. Sin heridos ni daños al patrimonio. Ambos vehículos implicados se retiran del punto por sus medios.;;;Corte del carril derecho desde las 08:40 h hasta las 08:51 h;;
14/06/2016;12:50;;20160614-0018; C-E-ACC-01;M30;31XC50;EXTERIOR;Tronco;Superficie;Otros;Contra mediana;1;;1;;1;1;;;Si;Densa;Seco y Limpio;P. Municipal y SAMUR;Si;No;Si;No;No;Buen Tiempo;;;Sin Restricción;;;V-1;Accidente de un motorista por caída, este resulta herido leve y trasladado por el Samur al Hospital Ramon y Cajal. Colisionando contra la isleta central y causa daños en el balizamiento. Motocicleta retirada por su grúa del seguro.;1 bañera;;Se corta el carril derecho del 31RJ y el izquierdo del XC desde las 12:59 h hasta las 13:15 h;;
14/06/2016;14:30;;20160614-0023;C-P-ACC-01;M30;08XL50;EXTERIOR;VS;Superficie;Colisión de vehículos;Por alcance;2;2;;;;0;;;No;Fluida;Seco y Limpio;;No;No;No;No;No;Buen Tiempo;;;Sin Restricción;;;M-3;Accidente entre 2 vehículos por alcance que se encuentran ocupando el arcén derecho. Sin heridos ni daños al patrimonio.;;;;;
14/06/2016;20:33;;20160614-0040;T-P-ACC-01;M30;15RH55;EXTERIOR;Ramal;Túnel;Colisión de vehículos;Lateral;2;2;;;;0;;;No;Densa;Seco y Limpio;;Si;No;No;No;No;Buen Tiempo;;;Sin Restricción;;;AIAM Calderón;Accidente entre 2 vehículos por alcance que se encuentran ocupando el carril derecho. Sin heridos ni daños al patrimonio. Ambos se retiran del punto por sus medios.;;;Cortado el carril derecho desde las 20:37 h hasta las 20:47 h;;
15/06/2016;04:55;;20160615-0004;C-P-ACC-01;M30;21XC40;EXTERIOR;Tronco;Superficie;Salida de vía;Lateral;1;1;;;;0;;;Si;Fluida;Seco y Limpio;P. Municipal;Si;No;Si;No;No;Buen Tiempo;;;Sin Restricción;;;V1 / V2;Salida de via. Golpea balizamiento y 5 barreras, 3 IPN mas cilindros. La bañera es sustituida por otra.;Bañera 1.20, 4 hitos, 5 barreras, 3 IPN y cilindros;;;;
15/06/2016;09:10;;20160615-0008;C-P-ACC-01;M30;26NC00;INTERIOR;Tronco;Superficie;Colisión de vehículos;Por alcance;2;2;;;;0;;;No;Congestionada;Seco y Limpio;P. Municipal;Si;No;Si;No;No;Buen Tiempo;;;Sin Restricción;;;V2;Colisión de vehículos en carriles centrales sin heridos. Retiramos vehiculo 1 a carril derecho;;;;;
15/06/2016;13:48;;20160615-0018;C-P-ACC-01;M30;08NL90;INTERIOR;VS;Superficie;Colisión de vehículos;Por alcance;2;2;;;;0;;;No;Fluida;Seco y Limpio;;Si;No;No;No;No;Buen Tiempo;;;Sin Restricción;;;M1 / V1;Accidente por alcance en arcén derecho. Policía los mueve al carril izquierdo.;;;;;