Fecha;Hora;Día;Nº Incidencia;sitrem;Carretera;MC30;Calzada;Localización;Enlace;Tipo de accidente;Tipo de colisión;Nº Vehículos implicados;Nº Turismos;Nº Motocicletas;Nº vehículos pesados;H.L.;hl;hg;vm;Daños al mobiliario urbano;Circulación;Estado del Firme;Presencia Recursos Externos;Corte Carril;Vertido;Grúa usuario;Grúa Propia EMESA;Grúa Movilidad;Factores Atmosféricos;Visibilidad señalización;Señalización de Peligro;Visibilidad restringida por;Aceras;Árboles;Vehículos denominación;Descripción del accidente;Daños causados al viario;Materiales utilizados;Observaciones;;
15/06/2016;15:10;;20160615-0020;C-P-ACC-01;M30;00XC70;EXTERIOR;Tronco;Superficie;Colisión de vehículos;Por alcance;3;3;;;;0;;;No;Densa;Seco y Limpio;P. Municipal;Si;No;Si;No;No;Buen Tiempo;;;Sin Restricción;;;V2 / M3;Accidente en carril derecho, llegan las 2 grúas a la vez, lo carga la del seguro;;;;;
15/06/2016;16:19;;20160615-0022;C-P-ACC-01;M30;31NC20;INTERIOR;Tronco;Superficie;Colisión de vehículos;Lateral;2;2;;;;0;;;No;Fluida;Seco y Limpio;P. Municipal;Si;No;No;No;No;Buen Tiempo;;;Sin Restricción;;;V2;Señalizo accidente en arcén derecho. Vehículos se retiran por sus medios;;;;;
15/06/2016;20:33;;20160615-0028;C-P-ACC-01;M30;04NL80;INTERIOR;VS;Superficie;Colisión de vehículos;Por alcance;2;2;;;;0;;;No;Fluida;Seco y Limpio;P. Municipal;Si;No;No;No;No;Buen Tiempo;;;Sin Restricción;;;M3;Accidente en arcén derecho.;;;;;
15/06/2016;20:40;;20160615-0029; T-E-ACC-01;M30;17NC36;INTERIOR;Tronco;Túnel;Colisión de vehículos;Por alcance;2;2;;;;1;;;No;Fluida;Seco y Limpio;P. Municipal y SAMUR;Si;No;No;Si;No;Buen Tiempo;;;Sin Restricción;;;AIAM Portugal / AIAM Calderón;Colisión por alcance de 2 vehículos. Vehículo 2 sale por sus medios y vehículo 1 saca híbrido Portugal con Policía. Usuaria de vehículo 1 es trasladada al Gregorio Marañon;;;;;
16/06/2016;08:45;;20160616-0010; C-E-ACC-01;M30;31NC70;INTERIOR;Tronco;Superficie;Colisión de vehículos;Lateral;3;2;1;;1;1;;;No;Congestionada;Seco y Limpio;P. Municipal y SAMUR;Si;No;Si;No;No;Buen Tiempo;;;Sin Restricción;;;V2;Colisión lateral en carril izquierdo con heridos. Herido dado de alta por SAMUR;;;;;
16/06/2016;08:53;;20160616-0011;C-P-ACC-01;M30;07XC90;EXTERIOR;Tronco;Superficie;Colisión de vehículos;Por alcance;2;2;;;;0;;;No;Congestionada;Seco y Limpio;P. Municipal;No;No;No;No;No;Buen Tiempo;;;Sin Restricción;;;M-1;Accidente por alcance en carril central. Policía los mueve a arcen derecho. A mi llegada solo queda 1 vehiculo le cual reanuda la marcha.;;;;;
16/06/2016;14:50;;20160616-0025; C-E-ACC-01;M30;11XL40;EXTERIOR;Tronco;Superficie;Colisión de vehículos;Por alcance;2;2;;;1;1;;;No;Congestionada;Seco y Limpio;P. Municipal y SAMUR;Si;No;Si;No;No;Buen Tiempo;;;Sin Restricción;;;V-1/M-2;Colisión de 2 vehiculos en carril izq. Policía los pasa a arcen derecho;;;;;
16/06/2016;18:14;;20160616-0032;;M30;14XL33;EXTERIOR;Tronco;Túnel;Otros;;1;;1;;;0;1;;No;Congestionada;Seco y Limpio;P. Municipal y SAMUR;Si;No;;;;Buen Tiempo;;;Sin Restricción;;;AIAM Calderón;accidente de motorista, por cámara nos comunican que se cae solo. Cortamos un carril. SAMUR traslada con pronostico reservado.;;;18:14 ->19:15;;
16/06/2016;18:35;;20160616-0033; C-E-ACC-01;M30;08NL40;INTERIOR;VS;Superficie;Colisión de vehículos;Por alcance;3;3;;;1;1;;;No;Fluida;Seco y Limpio;P. Municipal y SAMUR;No;No;Si;No;No;Buen Tiempo;;;Sin Restricción;;;M-3;Accidente por alcance entre 3 vehículos que se encuentran ocupando el arcén derecho. 1 herido leve trasladado a la mutua de Asepeyo.;;;;;
16/06/2016;20:05;;20160616-0037; C-E-ACC-01;M30;02NC50;INTERIOR;Tronco;Superficie;Colisión de vehículos;Por alcance;3;3;;;;1;;;No;Densa;Seco y Limpio;P. Municipal y SAMUR;No;No;Si;No;No;Buen Tiempo;;;Sin Restricción;;;M-3;Accidente por alcance entre 3 vehículos que se encuentran ocupando el arcén derecho. 1 herido con pronostico reservado trasladado a la Clinica Nª Señora de América. La grua externa de Lopez Ollero no carga. 1 vehículo implicado retirado por su grúa.;;;;;
17/06/2016;12:03;;20160617-0016;C-P-ACC-01;M30;07XL30;EXTERIOR;VS;Superficie;Colisión de vehículos;Por alcance;2;2;;;;0;;;No;Fluida;Seco y Limpio;P. Municipal;Si;No;No;No;No;Buen Tiempo;;;Sin Restricción;;;V1;Colisión lateral entre vehículo sin heridos ni daños. Corto medio carril derecho, hasta retirada de ambos por sus medios una vez hacen parte;;;;;
17/06/2016;13:15;;20160617-0021; C-E-ACC-01;M30;12RH00;INTERIOR;Ramal;Superficie;Colisión de vehículos;Por alcance;3;3;;;2;2;;;No;Congestionada;Seco y Limpio;P. Municipal y SAMUR;Si;No;No;No;No;Buen Tiempo;;;Sin Restricción;;;V1 / V2;Colisión por alcance con heridos sin daños carril izquierdo. Corto carril izquierdo de 13:32 a 14:10 que pasamos vehículo al carril derecho hasta que SAMUR atiende a 2 personas 1 del vehículo 2 y 1 del 3 dando de alta en punto. Vehículo 3 sale por sus medios, vehículo 2 y 3 con grúa Ollero;;;;;
17/06/2016;13:25;;20160617-0022; C-E-ACC-01;M30;03NL70;INTERIOR;VS;Superficie;Colisión de vehículos;Por alcance;2;1;1;;1;1;;;No;Congestionada;Seco y Limpio;P. Municipal y SAMUR;Si;No;Si;No;No;Buen Tiempo;;;Sin Restricción;;;V2;Accidente con heridos. Herido dado de alta por SAMUR. Señalizo y me retiro a otra incidencia. ;;;;;
17/06/2016;14:26;;20160617-0025;T-P-ACC-01;M30;17XC06;EXTERIOR;Tronco;Túnel;Colisión de vehículos;Por alcance;2;2;;;;0;;;No;Densa;Seco y Limpio;;Si;No;No;No;No;Buen Tiempo;;;Sin Restricción;;;AIAM Portugal;Accidente por alcance, sin heridos. Se marchan los 2 coches por sus propios medios. Cortamos carril derecho;;;;;
17/06/2016;14:48;;20160617-0028;C-P-ACC-01;M30;22NC70;INTERIOR;Tronco;Superficie;Colisión de vehículos;Por alcance;3;3;;;;0;;;No;Congestionada;Seco y Limpio;P. Municipal;Si;No;No;No;No;Buen Tiempo;;;Sin Restricción;;;M2;Colisión por alcance de 3 vehículos en carril derecho. Vehículos reanudan marcha;;;;;
17/06/2016;14:50;;20160617-0029;C-P-ACC-01;M30;03XC80;EXTERIOR;Tronco;Superficie;Colisión de vehículos;Por alcance;2;2;;;;0;;;No;Fluida;Seco y Limpio;P. Municipal;Si;No;No;No;No;Buen Tiempo;;;Sin Restricción;;;V1;Señalizar accidente por alcance y uno se da a la fuga. Sin daños ni heridos. Los vehículos se retiran por sus medios;;;;;
17/06/2016;15:43;;20160617-0032;C-P-ACC-01;M30;00XC80;EXTERIOR;Tronco;Superficie;Colisión de vehículos;Por alcance;2;2;;;;1;;;No;Congestionada;Seco y Limpio;P. Municipal y SAMUR;Si;No;No;No;No;Buen Tiempo;;;Sin Restricción;;;V1;Señalizar accidente por alcance en carril derecho. Policía lo retira fuera de zona. Sin daños ni heridos;;;;;
17/06/2016;15:45;;20160617-0033;C-P-ACC-01;M30;08NL30;INTERIOR;VS;Superficie;Colisión de vehículos;Por alcance;2;2;;;;0;;;No;Densa;Seco y Limpio;;Si;No;No;No;No;Buen Tiempo;;;Sin Restricción;;;M3;Accidente en arcén derecho.;;;;;
17/06/2016;16:00;;20160617-0036;;M30;10NL70;INTERIOR;Tronco;Superficie;Colisión de vehículos;Por alcance;2;2;;;;0;;;No;Densa;Seco y Limpio;;Si;No;No;No;No;Buen Tiempo;;;Sin Restricción;;;M2;Accidente en carril derecho;;;;;
17/06/2016;16:23;;20160617-0037;C-P-ACC-01;M30;12RH00;INTERIOR;Ramal;Superficie;Colisión de vehículos;Por alcance;2;2;;;;0;;;No;Densa;Seco y Limpio;P. Municipal;Si;No;;;;Buen Tiempo;;;Sin Restricción;;;M3;Accidente en carril derecho;;;16:23->16:40;;
17/06/2016;17:15;;20160617-0039;T-P-ACC-01;M30;14XL99;EXTERIOR;Tronco;Túnel;Colisión de vehículos;Por alcance;2;2;;;;0;;;No;Fluida;Seco y Limpio;;Si;No;No;No;No;Buen Tiempo;;;Sin Restricción;;;AIAM Calderón;Pequeña colición por alcance con 2 vehículos implicados, abandonan el punto por sus medios;;;;;
17/06/2016;21:00;;20160617-0046; C-E-ACC-01;M30;01XL70;EXTERIOR;VS;Superficie;Vuelco;;1;1;;;1;1;;;No;Densa;Seco y Limpio;P. Municipal y SAMUR;Si;No;Si;No;No;Buen Tiempo;;;Sin Restricción;;;V2/M3/V1/M2;Vuelco en carril izquierdo. Se corta carril izquierdo y central. Herido trasladado;;;;;
17/06/2016;23:50;;20160617-0049;C-P-ACC-01;M30;23XC60;EXTERIOR;Tronco;Superficie;Colisión de vehículos;Por alcance;2;2;;;;0;;;No;Fluida;Seco y Limpio;P. Municipal;Si;No;Si;No;No;Buen Tiempo;;;Sin Restricción;;;V1 / V2;Alcance entre vehículos  ;;;;;
20/06/2016;07:40;;20160620-0003;C-P-ACC-01;M30;31NC70;INTERIOR;Tronco;Superficie;Colisión de vehículos;Por alcance;2;1;1;;;0;;;No;Congestionada;Seco y Limpio;P. Municipal;No;No;No;No;No;Buen Tiempo;;;Sin Restricción;;;V1;Accidente entre 1 turismo y 1 motorista, el vigilante V-1 los traslada al arcén del PK 32+200. Sin heridos ni daños al patrimonio. Ambos vehículos se retiran por sus medios.;;;;;
20/06/2016;08:15;;20160620-0005;C-P-ACC-01;M30;00RA10;INTERIOR;Ramal;Superficie;Colisión de vehículos;Por alcance;2;2;;;;0;;;No;Congestionada;Seco y Limpio;P. Municipal;Si;No;No;No;No;Buen Tiempo;;;Sin Restricción;;;V1;Accidente entre 2 vehículos por alcance. Sin heridos ni daños al patrimonio. Ambos vehículos se retiran por sus medios.;;;Cortado medio carril derecho desde las 08:20 h hasta las 08:35 h;;
20/06/2016;09:34;;20160620-0010; C-E-ACC-01;M30;30NC80;INTERIOR;Tronco;Superficie;Colisión de vehículos;Por alcance;2;2;;;1;1;;;No;Congestionada;Seco y Limpio;P. Municipal y SAMUR;Si;No;No;No;No;Buen Tiempo;;;Sin Restricción;;;M1;Accidente entre 2 vehículos por alcance. Cuando llega el vigilante M1 solo queda en el punto 1 vehículo implicado. 1 herido leve dado de alta en el lugar.;;;Cortado el carril derecho desde las 09:34 h hasta las 09:46 h;;
20/06/2016;17:20;;20160620-0027; C-E-ACC-01;M30;03XL60;EXTERIOR;VS;Superficie;Colisión de vehículos;Por alcance;3;3;;;;2;;;No;Congestionada;Seco y Limpio;P. Municipal y SAMUR;Si;No;Si;No;No;Buen Tiempo;;;Sin Restricción;;;V1;Accidente entre 3 vehículos por alcance en el carril izquierdo. 2 heridos leves trasladados al hospital Gregorio Marañon.;;;Cortados carriles desde las 17:20 h hasta las 18:08 h;;
20/06/2016;17:52;;20160620-0028; C-E-ACC-01;M607;08OT60;ENTRADA;Tronco;Superficie;Vuelco;Por alcance;2;2;;;2;2;;;Si;Densa;Seco y Limpio;P. Municipal, Bomberos y SUMMA 112;Si;Si;Si;No;No;Buen Tiempo;;;Sin Restricción;;;V1 / V2;Accidente entre 2 vehículos por alcance y vuelco lateral de uno de ellos. 4 heridos leves trasladados al Hospital La Paz. Se solicita la grúa externa de Lopez Ollero pero llegan antes la de los respectivos seguros de los vehículos implicados. Con daños al patrimonio.;2 barreras;4 kg sepiolita gruesa, 3 bolsas y 5 L. de desengrasante;Cortado carril derecho central desde las 17:58 h hasta las 19:35 h;;
20/06/2016;19:20;;20160620-0033;C-P-ACC-01;M30;12RA00;INTERIOR;Ramal;Superficie;Colisión de vehículos;Por alcance;2;2;;;;0;;;No;Fluida;Seco y Limpio;P. Municipal;No;No;Si;No;No;Buen Tiempo;;;Sin Restricción;;;M3;Accidente entre 2 vehículos por alcance ocupando el arcén derecho. Sin heridos ni daños al patrimonio.;;;;;
21/06/2016;05:50;;20160621-0007;C-P-ACC-01;A2;05AL70;SALIDA;Tronco;Superficie;Salida de vía;Frontal;1;1;;;;0;;;Si;Fluida;Seco y Limpio;G. Civil;Si;No;Si;No;No;Buen Tiempo;;;Sin Restricción;;;V2 / V1;Accidente de 1 vehículo por salida de vía con daños al patrimonio, sin ocupantes. Se corta el carril derecho hasta la retirada del vehículo en su grúa.;7 barreras y 6 CPNs;;Cortado el carril derecho desde las 05:56 h hasta las 06:35 h;;
21/06/2016;07:35;;20160621-0008;C-P-ACC-01;M30;10XL00;EXTERIOR;Tronco;Superficie;Colisión de vehículos;Por alcance;2;2;;;;0;;;No;Congestionada;Seco y Limpio;P. Municipal;No;No;No;No;No;Buen Tiempo;;;Sin Restricción;;;V1;Accidente entre 2 vehículos por alcance, sin daños al patrimonio ni heridos. Son trasladados al arcén derecho del PK 9+500. Ambos no necesitan grúa.;;;;;
21/06/2016;17:10;;20160621-0037;C-P-ACC-01;M30;29NC00;INTERIOR;Tronco;Superficie;Salida de vía;Frontal;1;1;;;;0;;;Si;Fluida;Seco y Limpio;P. Municipal;Si;No;Si;No;No;Buen Tiempo;;;Sin Restricción;;;V2;Accidente de 1 vehículo por salida de vía con daños al patrimonio, sin heridos. Este vehículo se mete en el paso de peatones por despiste de la conductora (reflejado el dato en el informe de Policía Municipal);2 bolardos de hierro, 2 semáforos, luz madrid;;Cortado el carril izquierdo desde las 17:15 h hasta las 20:00 h;;
21/06/2016;18:37;;20160621-0042;C-P-ACC-01;M30;10XL00;EXTERIOR;VS;Superficie;Colisión de vehículos;Por alcance;2;2;;;;0;;;No;Fluida;Seco y Limpio;P. Municipal;Si;Si;No;No;No;Buen Tiempo;;;Sin Restricción;;;V1 / M3;Accidente entre 2 vehículos por alcance, se encuentran ocupando el carril derecho. Sin heridos ni daños al patrimonio.;;Sepiolita gruesa;Cortado el carril derecho desde las 18:37 h hasta las 19:20 h;;
21/06/2016;19:40;;20160621-0049; C-E-ACC-01;A2;04AT50;ENTRADA;Tronco;Superficie;Colisión de vehículos;Por alcance;2;2;;;1;1;;;No;Densa;Seco y Limpio;P. Municipal y SUMMA;Si;No;No;No;No;Buen Tiempo;;;Sin Restricción;;;M2;Accidente entre 2 vehículos por alcance ocupando 2 carriles derechos. 1 herido leve (menor) trasladado al hospital por latigazo cervical.;;;Cortados 2 carriles derechos desde las 20:00 h hasta las 20:10 h;;
21/06/2016;21:30;;20160621-0052;C-P-ACC-01;A2;04AL10;SALIDA;Tronco;Superficie;Colisión de vehículos;Por alcance;2;2;;;;0;;;No;Fluida;Seco y Limpio;P. Municipal;Si;No;Si;No;No;Buen Tiempo;;;Sin Restricción;;;V2;Accidente entre 2 vehículos por alcance ocupando el carril derecho. Sin heridos ni daños al patrimonio.;;;Cortado el carril derecho desde las 21:45 h hasta las 22:20 h;;
21/06/2016;22:20;;20160621-0054; C-E-ACC-01;M30;01XC00;EXTERIOR;Tronco;Superficie;Colisión de vehículos;Por alcance;2;1;1;;;1;;;No;Fluida;Seco y Limpio;P. Municipal y SAMUR;Si;No;Si;No;No;Buen Tiempo;;;Sin Restricción;;;V1;Accidente entre 1 turismo y 1 motorista, este resulta herido sin pronosticar trasladado al hospital.;;;Cortado el carril derecho y central desde las 22:30 h hasta las 22:58 h;;
22/06/2016;07:39;;20160622-0004; T-E-ACC-01;M30;15XC85;EXTERIOR;Tronco;Túnel;Colisión de vehículos;Frontal;2;2;;;1;1;;;No;Fluida;Seco y Limpio;P. Municipal y P. Nacional;Si;No;No;Si;No;Buen Tiempo;;;Sin Restricción;;;AIAM Calderón;Colisión vehículos por perro en la vía.Policía Nacional lo captura y se lo llev a la protectora.Se activa al Samur por dolor cervical de vh 2 y al final sale con nosotros.Se activa híbrido y sacamos los dos vehículos a la calle Bosco.;;;Corte carril izquierdo 07:41 - 08:41;;
22/06/2016;07:54;;20160622-0005; C-E-ACC-01;M30;08XL20;EXTERIOR;VS;Superficie;Otros;;1;;1;;1;1;;;No;Congestionada;Seco y Limpio;P. Municipal y SAMUR;Si;No;Si;No;No;Buen Tiempo;;;Sin Restricción;;;V1;Aviso de accidente de motorista carril derecho (caída).Trasladado del herido a la Infanta Leonor (leve);;;Corte carril derecho 08:05 - 08:20.;;
22/06/2016;07:55;;20160622-0006;C-P-ACC-01;M30;31NC70;INTERIOR;Tronco;Superficie;Colisión de vehículos;Lateral;2;2;;;;0;;;No;Congestionada;Seco y Limpio;P. Municipal;Si;No;No;No;No;Buen Tiempo;;;Sin Restricción;;;V2;Colisión entre vehículos sin heridos.;;;Corte carril derecho 07:58 - 08:05;;
22/06/2016;10:16;;20160622-0012;C-P-ACC-01;M30;08XL40;EXTERIOR;VS;Superficie;Colisión de vehículos;Por alcance;2;2;;;;0;;;No;;Seco y Limpio;;;No;No;No;No;Buen Tiempo;;;Sin Restricción;;;Furgón de rondas;Colisión por alcance entre 2 vehículos.Sin daños materiales ni personales.Ambos salen por sus medios.;;;;;
22/06/2016;16:19;;20160622-0023;T-P-ACC-01;M30;14XL15;EXTERIOR;Tronco;Túnel;Salida de vía;;1;1;;;;0;;;Si;Fluida;Seco y Limpio;P. Municipal;Si;No;No;Si;No;Buen Tiempo;;;Sin Restricción;;;AIAM Calderón;Vehículo se sale de la vía golpea con el bordillo.No hay daños personales si materiales. Sacamos el vehículo en la grúa plataforma.;1 m bordillo - 15 m asfalto rayado.;;Corte carri derecho 16:24 - 16:53.;;
22/06/2016;18:38;;20160622-0034;C-P-ACC-01;M607;08OT60;ENTRADA;Tronco;Superficie;Colisión de vehículos;Por alcance;2;2;;;;0;;;No;Densa;Seco y Limpio;P. Municipal;Si;;;;;Buen Tiempo;;;Sin Restricción;;;V2;Accidente (de chapa) señalizo con policía.;;;Corte carri derecho 18:38 - 19:05.;;
22/06/2016;23:30;;20160622-0046;C-P-ACC-01;M30;03XL70;EXTERIOR;VS;Superficie;Atropello;;1;1;;;;0;;;No;Fluida;Seco y Limpio;P. Municipal;Si;No;;;;Buen Tiempo;;;Sin Restricción;;;V2;Vehículo con policía en carril izquierdo,corto carril izq.Según me informa policía me dice que el Sr. Atropellado aun peatón que iba con otras 2 personas (graffiteros según policía ya que había sprays en calzada)Los peatones abandonan el punto corriendo.;;;;;
23/06/2016;08:10;;20160623-0010;C-P-ACC-01;M30;07NC40;INTERIOR;Tronco;Superficie;Colisión de vehículos;Lateral;2;2;;;;0;;;No;Congestionada;Seco y Limpio;P. Municipal;No;No;No;No;No;Buen Tiempo;;;Sin Restricción;;;V1;señalizar accidente de 2 vehículos en arcén derecho.No necesitan grúa.;;;;;
23/06/2016;09:37;;20160623-0015;C-P-ACC-01;M30;08XL40;EXTERIOR;VS;Superficie;Colisión de vehículos;Por alcance;2;2;;;;0;;;No;Congestionada;Seco y Limpio;P. Municipal;;No;No;No;No;Buen Tiempo;;;Sin Restricción;;;V1;Aviso de accidente de 2 vehículos en carril izquierdo.No necesitan grúa.;;;;;
23/06/2016;11:55;;20160623-0018; C-E-ACC-01;M30;05XL60;EXTERIOR;VS;Superficie;Colisión de vehículos;Por alcance;2;1;1;;;1;;;No;Densa;Seco y Limpio;P. Municipal y SAMUR;Si;Si;No;No;Si;Buen Tiempo;;;Sin Restricción;;;V1;Aviso de accidente de motorista en carril central.Lo pasamos a carril derecho.Limpiar mancha de aceite en calzada.Traslado del herido al Hospital Sanchinarro (motorista).;;Sepiolita gruesa;Corte 12:05 - 12:45;;
23/06/2016;15:44;;20160623-0026;C-P-ACC-01;M30;10NL90;INTERIOR;Tronco;Superficie;Colisión de vehículos;Por alcance;3;3;;;;0;;;No;Congestionada;Seco y Limpio;P. Municipal;No;No;Si;No;No;Buen Tiempo;;;Sin Restricción;;;V1;Colisión de 3 vehículos en carrill central policía los traslada al arcén derecho.;;;;;
23/06/2016;18:20;;20160623-0033;C-P-ACC-01;M30;30NC80;INTERIOR;Tronco;Superficie;Colisión de vehículos;Por alcance;2;2;;;;0;;;No;Densa;;P. Municipal;;No;;;;Buen Tiempo;;;;;;V2;Con policía sacamos los coches de la M30;;;;;
23/06/2016;19:02;;20160623-0036;C-P-ACC-01;M30;00NC80;INTERIOR;Tronco;Superficie;Colisión de vehículos;Por alcance;2;2;;;;0;;;No;Congestionada;Seco y Limpio;P. Municipal;Si;No;;;;Buen Tiempo;;;Sin Restricción;;;V1;Colisión de 2 vehículos en carril derecho.;;;Corte 1/2 carri derecho 19:12 - 20:10;;
23/06/2016;20:40;;20160623-0041;C-P-ACC-01;M30;07NL00;INTERIOR;VS;Superficie;Colisión de vehículos;Por alcance;2;2;;;;0;;;No;Congestionada;Seco y Limpio;P. Municipal;Si;;;;;Buen Tiempo;;;Sin Restricción;;;V1;Colisión de dos vehículos en carril derecho;;;20:40 ->21:47;;
24/06/2016;07:28;;20160624-0012;C-P-ACC-01;M30;07XC10;EXTERIOR;Tronco;Superficie;Colisión de vehículos;Por alcance;2;2;;;;0;;;No;Congestionada;Seco y Limpio;P. Municipal;No;No;;;;Buen Tiempo;;;Sin Restricción;;;V1;Señalizar accidente por alcance,esperamos a policía en arcén derecho.No se ponen de acuerdo.;;;;;
24/06/2016;08:50;;20160624-0016; C-E-ACC-01;M30;24RH40;EXTERIOR;Ramal;Superficie;Colisión de vehículos;Lateral;2;1;1;;1;1;;;No;Densa;Seco y Limpio;P. Municipal;Si;No;Si;No;No;Buen Tiempo;;;Sin Restricción;;;V2;Señalizo accidente con un herido trasladado.Corto carril izquierdo.Cuando llegó el veh se ha retirado.;;;Corte 08:58 - 09:20.;;
24/06/2016;14:28;;20160624-0030;C-P-ACC-01;M30;02NL40;INTERIOR;VS;Superficie;Colisión de vehículos;Por alcance;2;2;;;;0;;;No;Densa;Seco y Limpio;;No;No;;;;Buen Tiempo;;;Sin Restricción;;;M3;Accidente en arcén derecho.;;;;;
24/06/2016;15:20;;20160624-0036;C-P-ACC-01;M30;04XL20;EXTERIOR;VS;Superficie;Colisión de vehículos;Por alcance;2;2;;;1;1;;;No;Congestionada;Seco y Limpio;P. Municipal y SAMUR;No;No;;;;Buen Tiempo;;;Sin Restricción;;;V1;Colisión de 2 vehículos en carril izquierdo.Policía los saca al arcén derecho.El herido es trasladado al Gregorio Marañon.;;;;;
24/06/2016;16:50;;20160624-0043;C-P-ACC-01;A2;05AT40;ENTRADA;Tronco;Superficie;Colisión de vehículos;Por alcance;2;2;;;;0;;;No;Fluida;Seco y Limpio;P.Municipal y G. Civil;Si;No;Si;No;No;Buen Tiempo;;;Sin Restricción;;;M3;Accidente en carril derecho.;;;Corte 16:58 - 17:30;;
24/06/2016;16:20;;20160624-0045; C-E-ACC-01;M30;12RL70;EXTERIOR;Ramal;Superficie;Colisión de vehículos;Por alcance;2;1;1;;1;1;;;No;Densa;Seco y Limpio;P. Municipal y SAMUR;No;No;;;;Buen Tiempo;;;Sin Restricción;;;M3;Accidente en arcén derecho. 1 herido leve dado de alta en el lugar.;;;;;
24/06/2016;16:32;;20160624-0046; C-E-ACC-01;M30;10XL00;EXTERIOR;Tronco;Superficie;Colisión de vehículos;Por alcance;4;4;;;4;5;;;No;Congestionada;Seco y Limpio;P. Municipal y SAMUR;Si;No;Si;No;No;Buen Tiempo;;;Sin Restricción;;;V1;Colisión por alcance entre 4 vehículos.;;;Corte carril derecho 16:45 - 19:16;;
25/06/2016;19:59;;20160624-0059; C-E-ACC-01;M30;07XL00;EXTERIOR;VS;Superficie;Colisión de vehículos;;3;3;;;;0;;;No;Congestionada;Seco y Limpio;P. Municipal;Si;No;;;;Buen Tiempo;;;Sin Restricción;;;V1;Colisión de 3 vehículos en carril derecho.;;;;;
24/06/2016;23:31;;20160624-0067; C-E-ACC-01;A2;04AL80;SALIDA;Tronco;Superficie;Colisión de vehículos;Por alcance;2;1;1;;2;2;;1;Si;Fluida;Seco y Limpio;P. Municipal y SAMUR;Si;No;No;No;Si;Buen Tiempo;;;Sin Restricción;;;V-1/V-2;Colisión moto y coche, con heridos, fallecido moto, corte carriles izquierdos y V-2 corta acceso a A-2 salida del 04RM y 04Ra desviandos por 04Rn , hasta retirada del fallecido, moto grúa Movilidad y vehiculo por us medios. Los 2 heridos del coche, leves dad de alta en el punto.;2 barreras, 2 cpns.;;;;
25/06/2016;05:00;;20160625-0002;T-P-ACC-01;M30;15NL02;INTERIOR;Tronco;Túnel;Salida de vía;;1;1;;;;0;;;No;Fluida;Seco y Limpio;P. Municipal;Si;;;;;Buen Tiempo;;;Sin Restricción;;;AIAM Valencia;Vehículo con reventada y golpes, el conductor muestra sintomas de embriaguez. Control en el punto y traslado por policía municpal.;;;;;
25/06/2016;06:06;;20160625-0003;T-P-ACC-01;M30;17XC88;EXTERIOR;Tronco;Túnel;Salida de vía;;1;1;;;;0;;;Si;Fluida;Seco y Limpio;P. Municipal;Si;No;No;Si;No;Buen Tiempo;;;Sin Restricción;;;AIAM Portugal;Salida de vía golpeando en bordillo izquierdo. El vehículo se para en carril derecho (PK bordillazo 18XC00). Cortamos carril derecho, se encuentra Policía Nacional, cargamos el coche en grúa y lo sacamos al exterior. ;1 metro bordillo (18XC00/ 1,5 metros de aceite (17XC88) y medio saco de sepiolita fina;;;;
25/06/2016;07:34;;20160625-0005;T-P-ACC-01;M30;18XC15;EXTERIOR;Tronco;Túnel;Salida de vía;Lateral;1;1;;;;0;;;No;Fluida;Seco y Limpio;P. Municipal y P. Nacional;Si;No;No;No;Si;Buen Tiempo;;;Sin Restricción;;;AIAM Calderón;Vehículo colisiona con hastial derecho. Retira grúa de movilidad;;;;;
25/06/2016;23:59;;20160625-0021;C-P-ACC-01;M30;09NL30;EXTERIOR;Tronco;Superficie;Salida de vía;;1;1;;;;0;;;No;Fluida;Seco y Limpio;P. Municipal;Si;No;Si;No;Si;Buen Tiempo;;;Sin Restricción;;;V1;Vehículo se sale de vía rozando contra el muro (no hay daños);;;;;
26/06/2016;05:50;;20160626-0004;C-P-ACC-01;M30;00RR10;EXTERIOR;Ramal;Superficie;Salida de vía;;1;1;;;;0;;;No;Fluida;Seco y Limpio;P. Municipal;Si;No;No;No;No;Buen Tiempo;;;Sin Restricción;;;V2;Salida de vía sin daños ni heridos. Alcoholemia positiva. Corte carril derecho;;;;;
26/06/2016;06:30;;20160626-0006; C-E-ACC-01;M30;08RC00;INTERIOR;Ramal;Superficie;Vuelco;;1;1;;;;0;1;;Si;Fluida;Seco y Limpio;P. Municipal y SAMUR;Si;No;No;No;Si;Buen Tiempo;;;Sin Restricción;;;V1 / V2;Señalizar accidente (vuelco) cortando total ramal (08RC), salida B L Estrella, con daños a patrimonio y herido grave trasladado al Hospital Gregorio Marañón. El vehículo lo retira grúa de movilidad;;Hitos H75 Completo 4 / bañera N120-1/6 muros de hormigón/señal lamas 1 completo/9 metros malla/2 árbpñes/5 arbustos/ 9 metros tubería riego;;;
27/06/2016;10:20;;20160627-0018;C-P-ACC-01;M30;12RE20;EXTERIOR;Ramal;Superficie;Colisión de vehículos;Por alcance;2;2;;;;0;;;No;Fluida;Seco y Limpio;;Si;No;No;No;No;Buen Tiempo;;;Sin Restricción;;;M1;Accidente por alcance entre 2 vehículos sin heridos;;;;;