Fecha;Hora;Día;Nº Incidencia;sitrem;Carretera;MC30;Calzada;Localización;Enlace;Tipo de accidente;Tipo de colisión;Nº Vehículos implicados;Nº Turismos;Nº Motocicletas;Nº vehículos pesados;H.L.;hl;hg;vm;Daños al mobiliario urbano;Circulación;Estado del Firme;Presencia Recursos Externos;Corte Carril;Vertido;Grúa usuario;Grúa Propia EMESA;Grúa Movilidad;Factores Atmosféricos;Visibilidad señalización;Señalización de Peligro;Visibilidad restringida por;Aceras;Árboles;Vehículos denominación;Descripción del accidente;Daños causados al viario;Materiales utilizados;Observaciones;;
27/06/2016;11:25;;20160627-0020; C-E-ACC-01;M30;12RH50;INTERIOR;Ramal;Superficie;Vuelco;;3;2;;1;1;1;;;Si;Congestionada;Seco y Limpio;P. Municipal y SAMUR;Si;No;Si;No;No;Buen Tiempo;;;Sin Restricción;;;V1 / V2;Señalizar accidente (vuelco) con daños a patrimonio y un herido leve dado de alta en el lugar. Uno de los vehículos es grúa con un vehículo sin matricular;1 barrera lado izquierdo;;;;
27/06/2016;15:00;;20160627-0025;C-P-ACC-01;M30;12RL60;EXTERIOR;Ramal;Superficie;Colisión de vehículos;Por alcance;2;2;;;;0;;;No;Densa;Seco y Limpio;P. Municipal;Si;No;Si;No;No;Buen Tiempo;;;Sin Restricción;;;V1 / V2;Señalizar accidente por alcance en carril izquierdo y lo pasan al arcén derecho;;;;;
27/06/2016;17:06;;20160627-0034;C-P-ACC-01;M30;12NL20;INTERIOR;Tronco;Superficie;Colisión de vehículos;Por alcance;2;2;;;1;2;;;No;Fluida;Seco y Limpio;P. Municipal y SAMUR;Si;No;;;;Buen Tiempo;;;Sin Restricción;;;M3/V1;Accidente en carril derecho.17:20 retiramos veh al 12RA;;;Corte carril derecho 17:06 - 17:20.;;
27/06/2016;17:40;;20160627-0035; C-E-ACC-01;M30;09XL80;EXTERIOR;Tronco;Superficie;Colisión de vehículos;Por alcance;3;3;;;3;2;;;No;Densa;Seco y Limpio;P. Municipal y SAMUR;Si;No;Si;No;No;Buen Tiempo;;;Sin Restricción;;;M2/V2;Señalizar vehículos accidentados en carril derecho.Los 3 heridos leves dados de alta en el lugar.;;;Corte carril derecho 18:00 - 18:55.;;
27/06/2016;18:13;;20160627-0038;C-P-ACC-01;M30;22NC20;INTERIOR;Tronco;Superficie;Salida de vía;;1;1;;;;0;;;Si;Densa;Seco y Limpio;P. Municipal;Si;Si;No;No;No;Buen Tiempo;;;Sin Restricción;;;V2;Veh se sale de vía en lado derechoy despues al lado izq Produciendo daños en lado dcho.Sin heridos.Llegó no hay veh lo saca fuera de zona grúa externa.El veh derrama aceite.;4 Barreras - 2 CPN´S - 1 Cubre CPN;Desengrasante;Corte 18:33 - 19:31;;
27/06/2016;20:52;;20160627-0042;;A5;03FT29;ENTRADA;Tronco;Túnel;Salida de vía;;1;1;;;;0;;;Si;Fluida;Seco y Limpio;P. Municipal;Si;No;No;Si;No;Buen Tiempo;;;Sin Restricción;;;AIAM Portugal/AIAM Calderón;Salida de vía 03FT29 en isleta de separación del ramal 18RN cargamos en la C-10 y lo depositamos en el exteriorsin ninguna anomalía.;1 Hito - 4 m de bordillo golpeado lado derecho;;;;
28/06/2016;15:32;;20160628-0022;C-P-ACC-01;M30;15RA11;INTERIOR;Ramal;Túnel;Salida de vía;;1;1;;;;0;;;Si;Fluida;Seco y Limpio;;Si;No;No;No;No;Buen Tiempo;;;Sin Restricción;;;AIAM Valencia;Salida de vía de vehículo coliona con hitos bañera y amotiguador absorbente amarillo.El veh se da a la fuga, se le cae la matricula en el lugar.;4 hitos - 1 bañera - amotiguador absorbente amarillo;;Corte 15:37 - 15:46;;
28/06/2016;15:55;;20160628-0025; C-E-ACC-01;M30;08NL10;INTERIOR;VS;Superficie;Colisión de vehículos;Por alcance;3;1;1;1;3;2;;;No;Congestionada;Seco y Limpio;P. Municipal y SAMUR;Si;Si;No;No;No;Buen Tiempo;;;Sin Restricción;;;V1;Alcance entre vehículos en carril central.3 ocupantes atendidos por Samur (leves).;;Desengrasante -Sepiolita gruesa;Corte 16:05 - 17:40;;
28/06/2016;16:20;;20160628-0029; C-E-ACC-01;M30;29NC50;INTERIOR;Tronco;Superficie;Colisión de vehículos;Por alcance;3;3;;;3;3;;;No;Densa;Seco y Limpio;P. Municipal y SAMUR;Si;No;Si;No;No;Buen Tiempo;;;Sin Restricción;;;V2;Accidente con heridos (3) leves dados de alta ene l punto.Se necesitan 3 grúas.;;;Corte 16:20 - 17:24;;
28/06/2016;21:56;;20160628-0046;C-P-ACC-01;M30;01NL90;INTERIOR;VS;Superficie;Colisión de vehículos;Lateral;2;2;;;;0;;;No;Fluida;Seco y Limpio;P. Municipal;No;No;No;No;No;Buen Tiempo;;;Sin Restricción;;;V-2;Aviso de accidente, haciendo el corte los vehiculos y Policía se retiran finalizazo, no puedo tomar datos, ni foto.;;;;;
28/06/2016;22:55;;20160628-0047; C-E-ACC-01;M30;07XL00;EXTERIOR;VS;Superficie;Salida de vía;;1;;1;;;0;1;;No;Fluida;Seco y Limpio;P. Municipal y SAMUR;Si;No;;;;Buen Tiempo;;;Sin Restricción;;;V-1/V-2;Motorista pierde el control y se cae saliendosele el casco. Corto 3 carriles izquierdos.;;;;;
29/06/2016;00:10;;20160629-0001;;M23;99KL00;SALIDA;Tronco;Superficie;Colisión obstaculo;;2;;1;1;;1;;;No;Fluida;Seco y Limpio;P. Municipal y SAMUR;Si;Si;Si;No;No;Buen Tiempo;;;Sin Restricción;;;V-1/C-6/E-1/E-2/F-44;Camión pierde la carga por calzada (maderas, cartones) provoca la caida de un motorista, trasladado al herido al Gregorio Marañón, se corta carriles de salida. Pido barredora para limpiar calzada.;;;;;
29/06/2016;07:27;;20160629-0004;C-P-ACC-01;M30;19XC70;EXTERIOR;Tronco;Superficie;Salida de vía;Lateral;1;1;;;;0;;;Si;Densa;Seco y Limpio;P. Municipal;Si;No;Si;No;No;Buen Tiempo;;;Sin Restricción;;;V-2;Salida de via en margen derecho contra la barrera.;10 barreras, 9 cpns, 5 metros malla, 1 poste de malla, señal de pk. 19+700, armario ETD.;;Bomberos tambien interviene en la incidencia.;;
29/06/2016;07:55;;20160629-0006;C-P-ACC-01;M30;03XC10;EXTERIOR;Tronco;Superficie;Colisión de vehículos;Por alcance;2;2;;;;0;;;No;Congestionada;Seco y Limpio;P. Municipal;No;No;No;No;No;Buen Tiempo;;;Sin Restricción;;;V-1;Señalizar accidente por alcance en carril derecho, sin daños, ni heridos, el vehiculo nº1 se retira por us medios y el vehiculo nº 2 en grúas M-30;;;;;
29/06/2016;08:16;;20160629-0008; C-E-ACC-01;M30;10NL60;INTERIOR;VS;Superficie;Colisión de vehículos;Por alcance;3;3;;;;1;;;No;Densa;Seco y Limpio;P. Municipal y SAMUR;Si;No;;;;Buen Tiempo;;;Sin Restricción;;;M-3;Accidente por alcance en tre 3 vehiculos en carril derech, un herido trasladado.;;;;;
29/06/2016;09:04;;20160629-0010; T-E-ACC-01;A5;04FT92;ENTRADA;Tronco;Túnel;Colisión de vehículos;Lateral;2;1;1;;1;1;;;No;Densa;Seco y Limpio;P. Municipal y SAMUR;Si;No;No;Si;No;Buen Tiempo;;;Sin Restricción;;;AIAM Portugal;Accidente. Colisión lateral entre vehiculo-moto, grúa C-10 carga moto y retira al exterior. El vehiculo se retira por sus medios. Se solicita a Samur para atender a conductor de moto, le da el alta en el momento.;;;;;
29/06/2016;14:16;;20160629-0020;T-P-ACC-01;M30;14RR23;EXTERIOR;Ramal;Túnel;Colisión de vehículos;Por alcance;2;2;;;;0;;;No;Densa;Seco y Limpio;P. Municipal;Si;No;Si;No;No;Buen Tiempo;;;Sin Restricción;;;AIAM Calderón;Colisión por alcance 2 vehiculos sin victimas, ni daños. Vehiculo 1 abandona punto por sus medios, vehiuclo 2 se lleva grúa particular.;;;;;
29/06/2016;15:27;;20160629-0023; T-E-ACC-01;M30;18RM18;EXTERIOR;Ramal;Túnel;Salida de vía;;1;;1;;;1;;;No;Densa;Seco y Limpio;P. Municipal y SAMUR;Si;No;No;No;Si;Buen Tiempo;;;Sin Restricción;;;AIAM Portugal;Accidente de salida de moto.Samur traslada a conductor al hospital NªSra.Americacon pronóstico reservado.La grúa de superficie retira la moto al exterior.Policía Municipal se hace cargo de la moto en el exterior.;;;Corte carril derecho 15:36 - 16:19;;
29/06/2016;15:45;;20160629-0025; T-E-ACC-01;M30;17NC00;INTERIOR;Tronco;Túnel;Colisión de vehículos;Por alcance;3;3;;;1;1;;;No;Congestionada;Seco y Limpio;P. Municipal y SAMUR;Si;No;Si;Si;No;Buen Tiempo;;;Sin Restricción;;;AIAM Calderón;Colisión entre 3 veh Veh1/2 sale por sus medios veh 3 lo sacamo con plataforma a exterior y allí se hace cargo la grúa de movilidad ya que el usuario es llevado al Clinico.;;;Corte 15:45 - 16:47;;
29/06/2016;20:25;;20160629-0040; C-E-ACC-01;M30;08NL10;INTERIOR;VS;Superficie;Colisión de vehículos;Por alcance;3;1;2;;1;1;;;No;Fluida;Seco y Limpio;P. Municipal y SAMUR;Si;No;Si;No;No;Buen Tiempo;;;Sin Restricción;;;M3/V1/V2;Accidente en carril derecho.Herido leve trasladado.;;;;;
30/06/2016;07:23;;20160630-0004;T-P-ACC-01;M30;16NC84;INTERIOR;Tronco;Túnel;Colisión de vehículos;Por alcance;2;2;;;;0;;;No;Densa;Seco y Limpio;;Si;No;No;No;No;Buen Tiempo;;;Sin Restricción;;;V2/AIAM Calderón;Alcance entre vehículos intercambiandatos y salen por sus medios.;;;Corte carril 07:31 - 07:33;;
30/06/2016;08:19;;20160630-0006;C-P-ACC-01;M11;01MT20;ENTRADA;Tronco;Superficie;Colisión de vehículos;Por alcance;2;2;;;;0;;;No;Congestionada;Seco y Limpio;;No;No;No;No;No;Buen Tiempo;;;Sin Restricción;;;M4;Accidente por alcance leve 2 vehículos,sin heridos.Rellenan parte de accidentes y reanudan la marcha por sus medios.;;;;;
30/06/2016;18:20;;20160630-0031;C-P-ACC-01;M30;10XL60;EXTERIOR;Tronco;Superficie;Colisión de vehículos;Por alcance;2;2;;;;0;;;No;Congestionada;Seco y Limpio;P. Municipal;Si;No;Si;No;No;Buen Tiempo;;;Sin Restricción;;;V1;Alcance entre vehículos enel carril derecho.Se activa a grúa externa M-30 pero carga la grúa del usuario ya que llegan a la vez.;;;Corte carril derecho 18:20 - 18:50;;
30/06/2016;19:23;;20160630-0036;C-P-ACC-01;M500;99WL20;SALIDA;Tronco;Superficie;Colisión de vehículos;Por alcance;2;2;;;;0;;;No;Densa;Seco y Limpio;;Si;No;No;No;No;Buen Tiempo;;;Sin Restricción;;;V-2;Corto carril izquierdo por accidente. Se activa grúa externa. (Policía no acude al punto);;;;;
30/06/2016;20:25;;20160630-0041; C-E-ACC-01;M30;23XC20;EXTERIOR;Tronco;Superficie;Colisión de vehículos;Por alcance;2;2;;;1;1;;;No;Fluida;Seco y Limpio;P. Municipal y SAMUR;No;No;;;;Buen Tiempo;;;Sin Restricción;;;V-1;Choca contra mediana y alcanza a vehiculo, herido leve dado de alta.;;;;;
30/06/2016;23:04;;20160630-0047;C-P-ACC-01;M30;11XL30;EXTERIOR;Tronco;Superficie;Colisión de vehículos;Por alcance;3;3;;;;0;;;No;Fluida;Seco y Limpio;P. Municipal;No;No;Si;No;No;Buen Tiempo;;;Sin Restricción;;;V-2;Aviso de accidente de 3 vehiculos, no hay heridos. Señalizo en arcen derecho, en espera de grúas.;;;;;
01/07/2016;06:58;;20160701-0004;T-P-ACC-01;A5;03FT92;ENTRADA;Tronco;Túnel;Colisión de vehículos;Por alcance;2;2;;;;0;;;No;Congestionada;Seco y Limpio;;Si;No;No;No;No;Buen Tiempo;;;Sin Restricción;;;AIAM Portugal;Accidente entre 2 vehículos. Salen por sus propios medios;;;;;
01/07/2016;07:16;;20160701-0005;C-P-ACC-01;M30;07XL70;EXTERIOR;VS;Superficie;Colisión de vehículos;Por alcance;2;2;;;;0;;;No;Densa;Seco y Limpio;P. Municipal;Si;No;Si;No;No;Buen Tiempo;;;Sin Restricción;;;V1 / M4;Señalizar accidente por alcance en carril derecho sin daños a patrimonio y sin heridos. Sacado por grúas de usuario;;;;;
01/07/2016;08:48;;20160701-0009;C-P-ACC-01;M30;12RY00;EXTERIOR;Ramal;Superficie;Salida de vía;;1;1;;;;0;;;Si;Fluida;Seco y Limpio;P. Municipal;Si;No;No;No;Si;Buen Tiempo;;;Sin Restricción;;;V1 / M4;Señalizar accidente por salida de vía con daños a patrimonio sin heridos. Conductor es positivo en control de alcoholemia. Lo retira grúa de movilidad;1 bañera y 5 hitos;;;;
01/07/2016;11:45;;20160701-0014; C-E-ACC-01;M30;09NL60;INTERIOR;Tronco;Superficie;Colisión de vehículos;Por alcance;2;1;1;;1;1;;;No;Densa;Seco y Limpio;P. Municipal y SAMUR;Si;No;Si;No;No;Buen Tiempo;;;Sin Restricción;;;V2;Accidente en carril derecho. Herido leve trasladado;;;;;
01/07/2016;12:40;;20160701-0017;C-P-ACC-01;M30;08NL90;INTERIOR;VS;Superficie;Colisión de vehículos;Por alcance;2;2;;;;0;;;No;Densa;Seco y Limpio;;Si;No;No;No;No;Buen Tiempo;;;Sin Restricción;;;V1  ;Señalizar accidente por alcance en carril derecho. Lo retiro al arcén derecho sin daños ni heridos. Los vehículos se retiran por sus medios;;;;;
01/07/2016;16:12;;20160701-0030;C-P-ACC-01;M30;24XC00;EXTERIOR;Tronco;Superficie;Colisión de vehículos;Lateral;2;2;;;;0;;;No;Fluida;Seco y Limpio;;Si;No;No;No;No;Buen Tiempo;;;Sin Restricción;;;V2;Accidente en carril derecho. Corte de carril derecho. Los vehículos se retiran por sus medios. ;;;;;
01/07/2016;16:12;;20160701-0031;T-P-ACC-01;M30;13NL91;INTERIOR;Tronco;Túnel;Colisión de vehículos;Por alcance;2;2;;;;0;;;No;Fluida;Seco y Limpio;P. Municipal;Si;No;No;No;No;Buen Tiempo;;;Sin Restricción;;;Méndez Álvaro;Alcance varios vehículos. Cuando llegamos nos dice Policía que nos marchemos. Los vehículos salen por sus medios. ;;;;;
01/07/2016;19:40;;20160701-0042; C-E-ACC-01;M30;02NL10;INTERIOR;VS;Superficie;Colisión de vehículos;Por alcance;2;2;;;1;1;;;No;Densa;Seco y Limpio;P. Municipal y SAMUR;Si;No;Si;No;No;Buen Tiempo;;;Sin Restricción;;;V1;Alcance entre vehículos carril central. Se retiran a isleta donde ocupante es atendido por SAMUR. Dado de alta en el punto. ;;;;;
01/07/2016;19:45;;20160701-0043;;M30;24RN00;INTERIOR;Ramal;Superficie;Colisión de vehículos;Lateral;2;1;1;;1;1;;;No;Fluida;Seco y Limpio;P. Municipal y SAMUR;Si;No;No;No;No;Buen Tiempo;;;Sin Restricción;;;V2;Aviso de vehículo averiado. No hay nada en PK 24 XC. Encuentro accidente en ramal. Vehículo colisiona con ciclista herido leve dado de alta en el punto. Corto lado derecho del ramal;;;;;
01/07/2016;23:43;;20160701-0052;C-P-ACC-01;M30;06XL00;EXTERIOR;VS;Superficie;Colisión de vehículos;Por alcance;2;2;;;;1;;;No;Fluida;Seco y Limpio;P. Municipal y SAMUR;Si;No;Si;No;No;Buen Tiempo;;;Sin Restricción;;;V1;Colisión de vehículos por alcance con herido trasladado. Corto carril derecho;;;;;
02/07/2016;04:02;;20160702-0003;;M30;04RH10;EXTERIOR;Ramal;Superficie;Colisión de vehículos;Por alcance;2;2;;;2;2;;;No;Fluida;Seco y Limpio;P. Municipal y SAMUR;Si;No;Si;No;No;Buen Tiempo;;;Sin Restricción;;;V-1/V-2;Aviso accidente de 2 vehículos, corto ramal, limpio restos del accidente, heridos del vehículo 1 atendidos en el punto, leves.;;;;;
02/07/2016;04:35;;20160702-0004;C-P-ACC-01;M30;12RM00;INTERIOR;Ramal;Superficie;Salida de vía;;1;1;;;;0;;;Si;Fluida;Seco y Limpio;P. Municipal;Si;No;No;No;No;Buen Tiempo;;;Sin Restricción;;;V-1/V-2;Vehículo golpea contra bañera e hitos y los lleva arrastrando, conductor se para y deja el vehículo, corto carril derecho.;1 bañera y 2 hitos.;;;;
02/07/2016;06:23;;20160702-0005;C-E-ACC-01;M30;01NC50;INTERIOR;Tronco;Superficie;Colisión de vehículos;Por alcance;2;2;;;1;3;;;No;Fluida;Seco y Limpio;P. Municipal y SAMUR;Si;No;;;;Buen Tiempo;;;Sin Restricción;;;V-1;Colisión por alcance de 2 vehiculos en carril derecho;;;;;
02/07/2016;19:50;;20160702-0018;C-P-ACC-01;M30;30NC90;INTERIOR;Tronco;Superficie;Colisión de vehículos;Por alcance;2;2;;;;0;;;No;Fluida;Seco y Limpio;P. Municipal;Si;No;Si;No;No;Buen Tiempo;;;Sin Restricción;;;V-2;Señalizar accidente por alcance carril izquierdo, sin heridos.;;;;;
03/07/2016;05:55;;20160703-0005;T-P-ACC-01;M30;17XC88;EXTERIOR;Tronco;Túnel;Salida de vía;Lateral;1;1;;;;0;;;Si;Fluida;Seco y Limpio;P. Municipal;Si;No;No;Si;No;Buen Tiempo;;;Sin Restricción;;;AIAM CALDERÓN;Accidente con daños, a nuestra llegada esta vehiculo golpea en bordillo derecho y se para en carril central. Sacamos con grúa.;bordillo 1 m.;;;;
03/07/2016;17:35;;20160703-0015;T-P-ACC-01;M30;03TL16;INTERIOR;Ramal;Túnel;Colisión de vehículos;Por alcance;2;2;;;;0;;;No;Fluida;Seco y Limpio;P. Municipal;Si;No;No;No;No;Buen Tiempo;;;Sin Restricción;;;CAIAM;Me encuentro vehículo averiado en carril derecho. El usuario me dice que ha sido golpeado por otro vehículo y solicita Policía. Nos retiramos al apartadero. El vehículo sale por sus medios. ;;;;;
04/07/2016;08:45;;20160704-0009;C-P-ACC-01;M30;08XL90;EXTERIOR;VS;Superficie;Colisión de vehículos;Por alcance;2;1;;1;;0;;;No;Congestionada;Seco y Limpio;;Si;No;No;No;No;Buen Tiempo;;;Sin Restricción;;;M4;Accidente por alcance leve entre un camión y un coche. Se cogen datos y reanudan la marcha por sus medios;;;;;
05/07/2016;08:30;;20160705-0004;C-P-ACC-01;M30;29NC10;INTERIOR;Tronco;Superficie;Colisión de vehículos;Por alcance;2;2;;;;0;;;No;Densa;Seco y Limpio;P. Municipal;Si;No;No;No;No;Buen Tiempo;;;Sin Restricción;;;V2;Accidente de chapa en carril izquierdo. Los pasamos al carril derecho en la rotonda;;;;;
06/07/2016;07:50;;20160706-0005; C-E-ACC-01;M30;03XC50;EXTERIOR;Tronco;Superficie;Otros;;1;;1;;1;1;;;No;Congestionada;Seco y Limpio;P. Municipal y SAMUR;Si;No;No;No;No;Buen Tiempo;;;Sin Restricción;;;V1;Caída de motorista en carril central. Policía lo traslada a arcén derecho;;;;;
06/07/2016;08:45;;20160706-0008;T-P-ACC-01;M30;15NC81;INTERIOR;Tronco;Túnel;Colisión de vehículos;Lateral;2;2;;;;0;;;No;Congestionada;Seco y Limpio;P. Municipal;Si;No;No;No;No;Buen Tiempo;;;Sin Restricción;;;AIAM CALDERÓN;Los vehículo salen por sus medios, los saca Policía Municipal a nuestra llegada.;;;;;
06/07/2016;08:56;;20160706-0009; C-E-ACC-01;M30;10NL20;INTERIOR;Tronco;Superficie;Colisión de vehículos;Por alcance;3;3;;;1;1;;;No;Densa;Seco y Limpio;P. Municipal y SAMUR;Si;No;No;No;No;Buen Tiempo;;;Sin Restricción;;;V1 / M4;Accidente por alcance en carril izquierdo de 3 vehículos. Cuando llego hay 2 vehículos y están en isleta derecha que los ha pasado Policía. Herido vehículo 1 lo trasladan a la Princesa con pronóstico leve;;;;;
06/07/2016;15:22;;20160706-0020;C-P-ACC-01;M30;10XL10;EXTERIOR;Tronco;Superficie;Colisión de vehículos;Por alcance;2;2;;;;0;;;No;Densa;Seco y Limpio;P. Municipal;Si;No;No;No;No;Buen Tiempo;;;Sin Restricción;;;V1;Colisión por alcance de 2 vehículos carril derecho, sin heridos ni daños. Corto carril hasta retirada de vehículo 1 por sus medios y vehículo 2 en grúa Ollero a zona urbana;;;;;
06/07/2016;19:15;;20160706-0037;C-P-ACC-01;M30;32NC20;INTERIOR;Tronco;Superficie;Colisión de vehículos;Por alcance;4;4;;;;0;;;No;Fluida;Seco y Limpio;P. Municipal;Si;No;Si;No;No;Buen Tiempo;;;Sin Restricción;;;M2;Señalizar vehículos accidentados en arcén derecho;;;;;
07/07/2016;00:42;;20160707-0002;T-P-ACC-01;M30;15RR28;INTERIOR;Ramal;Túnel;Salida de vía;;1;1;;;;0;;;Si;Fluida;Seco y Limpio;P. Municipal;Si;Si;No;No;Si;Buen Tiempo;;;Sin Restricción;;;AIAM PORTUGAL;A nuestra llegada el turismo ocupa los dos carriles derechos, y no hay ocupantes en el mismo. El coche golpea el hastial derecho romiendo el carter;Luminaria de emergencia en 15RR29, hastial derecho. Bordillazo en 15RR28;Sepiolita fina;;;
07/07/2016;07:31;;20160707-0006; T-E-ACC-01;A5;03FT94;ENTRADA;Tronco;Túnel;Colisión de vehículos;Por alcance;2;1;1;;;1;;;No;Congestionada;Mojado;P. Municipal y SAMUR;Si;No;No;Si;No;Viento;;;Sin Restricción;;;AIAM CALDERÓN;Accidente de un coche y una moto con testigos. La moto golpea a coche por detrás, Samur atiende a motorista y traslada al Hospital, con pronostico reservado. La moto la sacamos fuera del túnel con la C-10, lo s demas vehiculos se marchan pot sus medios;;;;;
07/07/2016;07:37;;20160707-0007;C-P-ACC-01;M30;30NC00;INTERIOR;Tronco;Superficie;Colisión de vehículos;Por alcance;2;2;;;;0;;;No;Congestionada;Mojado;;No;No;No;No;No;Lluvia;;;Sin Restricción;;;V-2;Accidente (chapa) los coches se marchan del lugar.;;;;;
07/07/2016;08:19;;20160707-0009; C-E-ACC-01;M30;01XC30;EXTERIOR;Tronco;Superficie;Otros;;1;;1;;1;1;;;No;Congestionada;Seco y Limpio;P. Municipal y SAMUR;No;No;Si;No;No;Buen Tiempo;;;Sin Restricción;;;V-1;Caida de motorista en calzada;;;;;
07/07/2016;14:36;;20160707-0025; C-E-ACC-01;M30;12RY00;EXTERIOR;Ramal;Superficie;Colisión de vehículos;Por alcance;2;2;;;1;1;;;No;Fluida;Seco y Limpio;P. Municipal y SAMUR;Si;No;No;No;No;Buen Tiempo;;;Sin Restricción;;;V-1;Colisión alcance 2 vehiculos carril derecho, con heridos, sin daños, corto carril derecho hasta que Samur atiende a usuario vehiculo 2. dado de alta en el punto.;;;;;
07/07/2016;17:54;;20160707-0031; C-E-ACC-01;M30;29XC50;EXTERIOR;Tronco;Superficie;Colisión de vehículos;Lateral;2;1;1;;1;1;;;No;Densa;Seco y Limpio;P. Municipal y SAMUR;Si;No;No;No;No;Buen Tiempo;;;Sin Restricción;;;V-2;Aviso. Accidente con heridos. Al llegar estan fuera de zona, me quedo dando apoyo de señalización a Polcía. Herido dado de alta por samur.;;;;;
07/07/2016;18:50;;20160707-0032;C-P-ACC-01;M30;08NL30;INTERIOR;VS;Superficie;Colisión de vehículos;Por alcance;3;3;;;2;2;;;No;Densa;Seco y Limpio;P. Municipal y SAMUR;Si;No;Si;No;No;Buen Tiempo;;;Sin Restricción;;;V-1;Colisión alcance 3 vehiculos carril derecho, con heridos, sin daños corto 1/2 carril derecho, hasta que Samur atiende a 2 pax, dados de alta en el punto. 2 vehiculos en grúas propias, 1 ollero;;;;;
08/07/2016;07:58;;20160708-0011;C-P-ACC-01;M30;09XL00;EXTERIOR;Tronco;Superficie;Colisión de vehículos;Por alcance;2;2;;;;0;;;No;Densa;Seco y Limpio;;No;No;No;No;No;Buen Tiempo;;;Sin Restricción;;;M-4;Accidente por alcance, 2 vehiculos sin heridos. Se cogen los datos y se marchan por sus medios.;;;;;
08/07/2016;08:11;;20160708-0012;C-P-ACC-01;M30;12RE20;EXTERIOR;Ramal;Superficie;Colisión de vehículos;Por alcance;2;2;;;;0;;;No;Densa;Seco y Limpio;;Si;No;;;;Buen Tiempo;;;Sin Restricción;;;M-1;Accidente por alcance en carril derec. A mi llegada solo queda un vehiculo.;;;;;
08/07/2016;08:22;;20160708-0013;C-P-ACC-01;M30;10NL40;INTERIOR;Tronco;Superficie;Colisión de vehículos;Por alcance;2;2;;;;0;;;No;Fluida;Seco y Limpio;;Si;No;Si;No;No;Buen Tiempo;;;Sin Restricción;;;V1;Colisión por alcance sin heridos ni daños en apartadero izquierdo. Vehículo 1 por sus medios y vehículo 2 en grúa de usuario;;;;;
08/07/2016;13:34;;20160708-0021;C-P-ACC-01;M30;28NC50;INTERIOR;Tronco;Superficie;Colisión de vehículos;Por alcance;2;2;;;;0;;;No;Densa;Seco y Limpio;P. Municipal;;No;;;;Buen Tiempo;;;Sin Restricción;;;V2;Policía que está en el semáforo saca los coches de la M30;;;;;
08/07/2016;14:45;;20160708-0024; C-E-ACC-01;M30;06XC80;EXTERIOR;Tronco;Superficie;Colisión de vehículos;Por alcance;6;6;;;1;1;;;No;Congestionada;Seco y Limpio;P. Municipal y SAMUR;Si;No;No;No;No;Buen Tiempo;;;Sin Restricción;;;V1;Colisión de 6 vehículos en carril derecho. Herido dado de alta en el punto. ;;;;;
08/07/2016;14:41;;20160708-0027; C-E-ACC-01;M30;10XL00;EXTERIOR;Tronco;Superficie;Colisión de vehículos;Por alcance;2;2;;;;1;;;No;Congestionada;Seco y Limpio;P. Municipal;Si;No;No;No;No;Buen Tiempo;;;Sin Restricción;;;V1 / V2;Colisión de 2 vehículos en carril derecho;;;;;
08/07/2016;15:44;;20160708-0029;C-P-ACC-01;M30;31NC70;INTERIOR;Tronco;Superficie;Colisión de vehículos;Lateral;2;2;;;;0;;;No;Congestionada;Seco y Limpio;;Si;No;No;No;No;Buen Tiempo;;;Sin Restricción;;;V2;Colisión sin heridos en carril derecho;;;;;
08/07/2016;15:55;;20160708-0030;C-P-ACC-01;M30;07NL80;INTERIOR;VS;Superficie;Salida de vía;;1;;1;;;1;;;No;Densa;Seco y Limpio;P. Municipal y SAMUR;Si;No;No;No;No;Buen Tiempo;;;Sin Restricción;;;V2;Caída de motorista en ramal 07RH trasladado sin pronóstico. Corte de carril derecho;;;;;
08/07/2016;16:13;;20160708-0032;C-P-ACC-01;M30;08NL30;INTERIOR;VS;Superficie;Colisión de vehículos;Por alcance;2;2;;;;0;;;No;Congestionada;Seco y Limpio;P. Municipal;Si;No;No;No;No;Buen Tiempo;;;Sin Restricción;;;V2;Colisión en carril derecho;;;;;
09/07/2016;09:06;;20160709-0004; C-E-ACC-01;M30;30XC40;EXTERIOR;Tronco;Superficie;Salida de vía;Contra mediana;1;1;;;1;0;;;Si;Fluida;Seco y Limpio;P. Municipal y SAMUR;Si;No;Si;No;No;Buen Tiempo;;;Sin Restricción;;;V1 / V2;Accidente en carriles izquierdos. Positivo en alcoholemia. Herido leve trasladado;;;;;
09/07/2016;21:15;;20160709-0015;C-P-ACC-01;M30;08XL40;EXTERIOR;VS;Superficie;Colisión de vehículos;Lateral;2;2;;;;0;;;No;Fluida;Seco y Limpio;;Si;No;No;No;No;Buen Tiempo;;;Sin Restricción;;;V1;Señalizo accidente en arcén derecho. Vehículos se retiran por sus medios;;;;;
11/07/2016;08:02;;20160711-0008;;M30;15RH30;EXTERIOR;Ramal;Túnel;Salida de vía;Frontal;1;1;;;1;1;;;Si;Fluida;Seco y Limpio;P. Municipal y SAMUR;Si;No;No;No;Si;Buen Tiempo;;;Sin Restricción;;;AIAM CALDERÓN;Vehículo que sale de vía. El conductor es atendido y dado de alta in situ por SAMUR. Da positivo en alcoholemia y es trasladado a dependencias policiales por Policía. En el accidente se generan daños al patrimonio. El vehículo es retirado por grúa municipal;1 bañera y 1 bolardo;;;;
11/07/2016;14:00;;20160711-0021;C-P-ACC-01;M30;21RH00;EXTERIOR;Ramal;Superficie;Salida de vía;;1;1;;;;1;;;Si;Fluida;Seco y Limpio;P. Municipal;Si;No;No;No;No;Buen Tiempo;;;Sin Restricción;;;M1 / V2;Sale de vía llevándose las señales. A mi llegada el vehículo no está (retirado por grúa externa M30);2 señales y 3 postes;;;;