Fecha;Hora;Día;Nº Incidencia;sitrem;Carretera;MC30;Calzada;Localización;Enlace;Tipo de accidente;Tipo de colisión;Nº Vehículos implicados;Nº Turismos;Nº Motocicletas;Nº vehículos pesados;H.L.;hl;hg;vm;Daños al mobiliario urbano;Circulación;Estado del Firme;Presencia Recursos Externos;Corte Carril;Vertido;Grúa usuario;Grúa Propia EMESA;Grúa Movilidad;Factores Atmosféricos;Visibilidad señalización;Señalización de Peligro;Visibilidad restringida por;Aceras;Árboles;Vehículos denominación;Descripción del accidente;Daños causados al viario;Materiales utilizados;Observaciones;;
11/07/2016;15:00;;20160711-0025;C-P-ACC-01;M30;11NL00;INTERIOR;Tronco;Superficie;Colisión de vehículos;Por alcance;2;2;;;1;1;;;No;Fluida;Seco y Limpio;P. Municipal y SAMUR;No;No;Si;No;No;Buen Tiempo;;;Sin Restricción;;;V2 / M3;Accidente en arcén derecho. SAMUR atiende y traslada leve al Hospital 12 de Octubre a usuario de vehículo 1. El vehículo 1 con grúa propia y el 2 por sus medios.;;;;;
11/07/2016;16:15;;20160711-0029; C-E-ACC-01;M30;03NC40;INTERIOR;Tronco;Superficie;Colisión de vehículos;Lateral;2;1;1;;;1;;;No;Congestionada;Seco y Limpio;P. Municipal y SAMUR;Si;No;Si;No;No;Buen Tiempo;;;Sin Restricción;;;V1;Colisión de vehículos con heridos. Corto carril derecho y derecho central. Herido trasladado al Hospital Gregorio Marañon sin pronóstico;;;;;
11/07/2016;18:12;;20160711-0039; C-E-ACC-01;A4;05UL00;SALIDA;Tronco;Superficie;Colisión de vehículos;Por alcance;3;3;;;1;1;;;No;Fluida;Seco y Limpio;P. Municipal y SAMUR;Si;No;No;No;No;Buen Tiempo;;;Sin Restricción;;;M2 / M3;Accidente en carril derecho. Un herido leve dado de alta. ;;;;;
11/07/2016;19:34;;20160711-0044; C-E-ACC-01;M30;11NL40;INTERIOR;VS;Superficie;Colisión de vehículos;Por alcance;2;1;1;;1;1;;;No;Densa;Seco y Limpio;P. Municipal y SAMUR;Si;No;Si;No;No;Buen Tiempo;;;Sin Restricción;;;M2 / M3;Accidente moto y coche, carril derecho, con heridos y sin daños. Corto carril derecho que SAMUR atiende y traslada al usuario de moto al Hospital 12 de Octubre en estado leve. Vehículo 1 con grúa de usuario y vehículo 2 por sus medios. ;;;;;
11/07/2016;21:00;;20160711-0050;C-P-ACC-01;M30;04RN20;EXTERIOR;Ramal;Superficie;Colisión de vehículos;Por alcance;2;2;;;;0;;;Si;Congestionada;Seco y Limpio;P. Municipal;Si;No;Si;No;No;Buen Tiempo;;;Sin Restricción;;;M2;Aviso de centro de control de accidente;8 barreras, 6 CPN doble barrera y 3 CPN;;;;
11/07/2016;21:30;;20160711-0052; T-E-ACC-01;M30;15RH30;EXTERIOR;Ramal;Túnel;Colisión de vehículos;Por alcance;3;2;1;;1;1;;;No;Densa;Seco y Limpio;P. Municipal y SAMUR;Si;No;Si;No;No;Buen Tiempo;;;Sin Restricción;;;AIAM CALDERÓN;Caída de motorista con 2 vehículos implicados. Atiende SAMUR y retirada de moto por parte de su seguro. ;;;;;
12/07/2016;08:24;;20160712-0005;C-P-ACC-01;M30;07XC80;EXTERIOR;Tronco;Superficie;Colisión de vehículos;Por alcance;2;2;;;;0;;;No;Densa;Seco y Limpio;P. Municipal;No;No;No;No;No;Buen Tiempo;;;Sin Restricción;;;V1/M1;Accidente por alcance en arcén derecho.;;;;;
12/07/2016;08:40;;20160712-0006; C-E-ACC-01;M607;12OT50;ENTRADA;Tronco;Superficie;Vuelco;;2;2;;;2;2;;;No;Congestionada;Seco y Limpio;G. Civil y SAMUR;Si;No;;;;Buen Tiempo;;;Sin Restricción;;;V2;Vehículo 1 alcanza al veh 2 sacandolo de la vía.veh 2  vuelca en el carril derecho.2 heridos leves. Actúa bomberos que saca al veh 2;;;Corte 08:50 - 09:20;;
12/07/2016;08:56;;20160712-0007;C-P-ACC-01;M30;10XL50;EXTERIOR;Tronco;Superficie;Colisión de vehículos;Lateral;2;2;;;;0;;;No;Congestionada;Seco y Limpio;;No;;;;;Buen Tiempo;;;Sin Restricción;;;M4;Vehículos en carriles centrales por accidente lateral leve sin heridos.Los saco a la isleta  del ramal a Vallecas para quitarles de la circulación Piden policía porque no se ponen de acuerdo.;;;;;
12/07/2016;11:15;;20160712-0012;C-P-ACC-01;M30;28XC50;EXTERIOR;Tronco;Superficie;Colisión de vehículos;Por alcance;2;2;;;;0;;;No;Fluida;Seco y Limpio;;Si;No;Si;No;No;Buen Tiempo;;;Sin Restricción;;;V2;Alcance entre vehículos en carril derecho. Un turismo se retira por sus medios.El furgón es retirado por sus asistencia.;;;Corte carril derecho 11:15 - 11:25;;
12/07/2016;12:21;;20160712-0018;;M30;03XC90;EXTERIOR;Tronco;Superficie;Colisión de vehículos;Por alcance;3;2;;1;;0;;;No;Fluida;Seco y Limpio;;No;No;;;;Buen Tiempo;;;Sin Restricción;;;M1/V1/V2;Accidente entre camión y 2 turismos.;;;;;
12/07/2016;18:55;;20160712-0033;C-P-ACC-01;A4;04UL80;SALIDA;Tronco;Superficie;Colisión de vehículos;Por alcance;2;2;;;;0;;;No;Densa;Seco y Limpio;;No;No;No;No;No;Buen Tiempo;;;Sin Restricción;;;V1;Colisión de vehículos sin heridos.;;;;;
12/07/2016;18:56;;20160712-0034; T-E-ACC-01;M30;15RR23;INTERIOR;Ramal;Túnel;Salida de vía;;1;;1;;2;2;;;No;Congestionada;Seco y Limpio;P. Municipal y SAMUR;;Si;Si;No;No;Buen Tiempo;;;Sin Restricción;;;AIAM Calderón;Accidente de mot.Policía y Samur en el punto.Limpiamos la calzada.La moto la saca su grúa.Los heridos dados de alta en el lugar;;Desengrasante;;;
12/07/2016;19:15;;20160712-0035;T-P-ACC-01;M30;17NC54;INTERIOR;Tronco;Túnel;Colisión de vehículos;Por alcance;;;;;;0;;;No;Fluida;Seco y Limpio;;No;No;No;No;No;Buen Tiempo;;;Sin Restricción;;;AIAM Portugal;Accidente de vehículos.Antes de nuestra llegada al punto se anula  la incidencia.;;;;;
12/07/2016;20:23;;20160712-0038;T-P-ACC-01;M30;18RA66;EXTERIOR;Ramal;Túnel;Otros;;1;;1;;;0;;;No;Fluida;Seco y Limpio;;No;No;No;No;No;Buen Tiempo;;;Sin Restricción;;;AIAM Calderón;Nos activan a caída de motorista al 18RA66 Pero de camino nos anulan porque el motorista sale por sus propios medios.;;;;;
13/07/2016;08:07;;20160713-0006; C-E-ACC-01;M30;05XL40;EXTERIOR;VS;Superficie;Colisión de vehículos;Lateral;2;1;1;;1;1;;;No;Congestionada;Seco y Limpio;P. Municipal y SAMUR;Si;No;Si;No;No;Buen Tiempo;;;Sin Restricción;;;V1;Accidente en carril derecho.Herido trasladado leve.;;;Corte carril 08:15 - 09:20;;
13/07/2016;14:34;;20160713-0016;;M30;09VT10;INTERIOR;VS;Superficie;Colisión de vehículos;Por alcance;3;3;;;;0;;;No;Densa;Seco y Limpio;P. Municipal;No;No;No;No;No;Buen Tiempo;;;Sin Restricción;;;V1;Accidente por alcance de 3 veh sin heridos en arcén derecho.Hacen parte de accidente y reanudan la marcha por sus medios.;;;;;
13/07/2016;15:33;;20160713-0021;C-P-ACC-01;M30;10NL60;INTERIOR;Tronco;Superficie;Colisión de vehículos;Por alcance;2;2;;;;0;;;No;Densa;Seco y Limpio;;No;No;No;No;No;Buen Tiempo;;;Sin Restricción;;;V1;Accidente por alcance leve dos coches sin heridos en carril arcén derecho.Cogen datos y reanudan la marcha por sus medios.;No;No;No;;
13/07/2016;17:05;;20160713-0024; C-E-ACC-01;M30;09XL40;EXTERIOR;Tronco;Superficie;Colisión de vehículos;Por alcance;4;4;;;1;1;;;No;Fluida;Seco y Limpio;P. Municipal y SAMUR;Si;No;Si;No;No;Buen Tiempo;;;Sin Restricción;;;V1 / M3;Accidente por alcance entre 4 vehículos ocupando el carril izquierdo. 1 herido leve dado de alta por el Samur en el punto.;;;Cortado el carril izquierdo desde las 17:05 h;;
13/07/2016;18:20;;20160713-0030;;M30;04RR00;EXTERIOR;Ramal;Superficie;Colisión de vehículos;Por alcance;2;2;;;;0;;;No;Congestionada;Seco y Limpio;;No;No;Si;No;No;Buen Tiempo;;;Sin Restricción;;;V1;Accidente de 2 veh al llegar solo queda uno el otro se ha marchado por sus medios.El que queda es retirado por su grúa.;;;;;
13/07/2016;19:42;;20160713-0035;C-P-ACC-01;M30;31NC70;INTERIOR;Tronco;Superficie;Colisión de vehículos;Por alcance;3;3;;;;0;;;No;Congestionada;Seco y Limpio;P. Municipal;Si;No;Si;No;No;Buen Tiempo;;;Sin Restricción;;;V2;Colisión lateral entre vehículos. Sin heridos ni daños.Veh 2 y3  se retiran por sus medios y veh 1 por su grúa.;;;Corte carril derecho 20:13 - 20:54;;
13/07/2016;20:12;;20160713-0037;C-P-ACC-01;M30;30NC80;INTERIOR;Tronco;Superficie;Colisión de vehículos;Por alcance;2;2;;;;0;;;No;Densa;Seco y Limpio;P. Municipal;Si;No;;;;Buen Tiempo;;;Sin Restricción;;;M3/V1;Accidente en carril derecho.;;;Corte carril derecho 20:20 - 20:55;;
14/07/2016;08:25;;20160714-0004;C-P-ACC-01;M30;31RJ10;EXTERIOR;Ramal;Superficie;Colisión de vehículos;Por alcance;3;3;;;;0;;;No;Congestionada;Seco y Limpio;P. Municipal;Si;No;Si;No;No;Buen Tiempo;;;Sin Restricción;;;V2;Alcance entre 3 vehículos en carril izquierdo. Dos vehículos se retiran por sus medios.El veh 1 es retirado al arcén a la espera de su grúa.;;;Corte 08:25 - 08:50;;
14/07/2016;11:59;;20160714-0012;C-P-ACC-01;M30;03XC50;EXTERIOR;Tronco;Superficie;Colisión de vehículos;Por alcance;2;1;1;;;1;;;No;Fluida;Seco y Limpio;P. Municipal y SAMUR;No;No;Si;;;Buen Tiempo;;;Sin Restricción;;;G-25/M1;Accidente por alcance con motorista implicado.En carril izquierdo el motorista es trasladado.;;;;;
14/07/2016;15:08;;20160714-0016; C-E-ACC-01;M30;03NC70;INTERIOR;Tronco;Superficie;Otros;;1;;1;;1;1;;;No;Densa;Seco y Limpio;P. Municipal y SAMUR;No;No;Si;No;No;Buen Tiempo;;;Sin Restricción;;;V2;Caída de motorista con herido sin daños. Samuratiende a usuario de moto,dando de alta en el punto.La moto es retirada por su grúa.;;;1/4 corte carril derecho 15:20 - 15:35;;
14/07/2016;15:52;;20160714-0019;C-P-ACC-01;M30;08NL40;INTERIOR;VS;Superficie;Colisión de vehículos;Por alcance;2;2;;;1;1;;;No;Fluida;Seco y Limpio;P. Municipal y SAMUR;Si;No;No;No;No;Buen Tiempo;;;Sin Restricción;;;V2;Colisión alcance con heridos sin daños en carril derecho.A mi llegada solo queda un vehículo en el punto.Samur atiende al usuario de esté,dando de alta en el punto y abandonando por sus medios.;;;Corte carril derecho 16:03- 16:13;;
14/07/2016;18:23;;20160714-0027;C-P-ACC-01;M30;32NC20;INTERIOR;Tronco;Superficie;Colisión de vehículos;Por alcance;2;2;;;;0;;;No;Fluida;Seco y Limpio;;No;No;No;No;No;Buen Tiempo;;;Sin Restricción;;;V2;Colisión alcance sin heridos ni daños en isleta señalizo hasta que toman los datos.Abandonando por sus medios ambos.;;;;;
15/07/2016;07:52;;20160715-0005;C-P-ACC-01;M30;07XL20;EXTERIOR;VS;Superficie;Colisión de vehículos;;1;1;;;;0;;;No;Congestionada;Seco y Limpio;P. Municipal;No;No;No;No;No;Buen Tiempo;;;Sin Restricción;;;V1;Accidente en carril izquierdo.A mi llegada policía tiene el veh en el arcén derecho.;;;;;
15/07/2016;08:49;;20160715-0008;C-P-ACC-01;M30;08XL00;EXTERIOR;VS;Superficie;Colisión de vehículos;Por alcance;2;2;;;;0;;;No;Fluida;Seco y Limpio;P. Municipal;No;No;No;No;No;Buen Tiempo;;;Sin Restricción;;;M1/V1;Accidente por alcance entre vehículos.Prosiguen la marcha.;;;;;
15/07/2016;10:01;;20160715-0012; C-E-ACC-01;M30;07RA30;INTERIOR;Ramal;Superficie;Salida de vía;;1;;1;;;1;;;No;Fluida;Seco y Limpio;P. Municipal y SAMUR;No;No;;;;Buen Tiempo;;;Sin Restricción;;;M1/V1;Accidente de motorista potr salida de vía.El herido es trasladado al Gregorio Marañon.;;;;;
15/07/2016;10:50;;20160715-0013;C-P-ACC-01;M30;31NC30;INTERIOR;Tronco;Superficie;Colisión de vehículos;Por alcance;2;2;;;;0;;;No;Densa;Seco y Limpio;P. Municipal;Si;No;No;No;No;Buen Tiempo;;;Sin Restricción;;;V2;Alcance entre vehículos en carril derecho. Toman datos y se retiran por sus medios.;;;;;
15/07/2016;13:28;;20160715-0016; C-E-ACC-01;M30;09NL10;INTERIOR;Tronco;Superficie;Colisión de vehículos;Por alcance;4;4;;;2;2;;;No;Densa;Seco y Limpio;P. Municipal y SAMUR;Si;Si;Si;No;Si;Buen Tiempo;;;Sin Restricción;;;V1/V2;Accidente en carril izquierdo.Ocupante del Seat Cordoba es trasladado por Samur.;;Sepiolita gruesa;Corte carril izquierdo 13:34 - 14:35;;
15/07/2016;14:40;;20160715-0020;C-P-ACC-01;M30;06NL70;INTERIOR;VS;Superficie;Colisión de vehículos;;2;2;;;;0;;;No;Densa;Seco y Limpio;;No;No;No;No;No;Buen Tiempo;;;Sin Restricción;;;V2;Colisión de vehículos en carril derecho.Cuando llegó al punto se retiran.No cojo datos.;;;;;
15/07/2016;16:15;;20160715-0026;C-P-ACC-01;M30;10NL90;INTERIOR;Tronco;Superficie;Colisión de vehículos;Por alcance;7;7;;;;0;;;No;Congestionada;Seco y Limpio;P. Municipal;No;No;Si;No;No;Buen Tiempo;;;Sin Restricción;;;V1;Colisión de vehículos sin heridos.Cuando llegó solo queda 2 vehículos.Policía los ha pasado al arcén derecho.;;;;;
15/07/2016;17:05;;20160715-0033;C-P-ACC-01;M30;10NL60;INTERIOR;VS;Superficie;Colisión de vehículos;Por alcance;2;2;;;;0;;;No;Densa;Seco y Limpio;P. Municipal;No;No;No;No;No;Buen Tiempo;;;Sin Restricción;;;V1;Señalizo colisión de vehículos sin heridos.;;;;;
16/07/2016;14:47;;20160716-0011;;M30;12XC36;EXTERIOR;Tronco;Túnel;Otros;;1;1;;;;0;;;No;Fluida;Seco y Limpio;P. Nacional;Si;No;No;Si;No;Buen Tiempo;;;Sin Restricción;;;AIAM calderón;vehículo parado en carril central,lo pasamos al carril derecho y lo sacamoa con el híbrido.Al descargar el vehículo en el exterior dañamos en la parte delantera el mismo.Rompemos embellecedor delantero ,facilitamos datos al usuario (datos emesa);;;Corte carril derecho 14:52 - 15:03;;
14/07/2016;15:15;;20160714-0017;C-P-ACC-01;M30;08CC00;INTERIOR;Ramal;Superficie;Colisión de vehículos;Lateral;2;1;1;;;0;;;No;Densa;Seco y Limpio;P. Municipal;Si;No;;;;Buen Tiempo;;;Sin Restricción;;;M3;Accidente en carril derecho.;;;Corte carril derecho 15:33 - 15:45;;
18/07/2016;08:12;;20160718-0006;C-P-ACC-01;M30;03XL60;EXTERIOR;VS;Superficie;Colisión de vehículos;Lateral;2;2;;;;0;;;No;Densa;Seco y Limpio;P. Municipal;No;No;No;No;No;Buen Tiempo;;;Sin Restricción;;;M4;Accidente entre 2 vehículos por alcance lateral leve que reanudan la marcha por sus medios después que los conductores se tomen los datos. ;;;Ocupación de arcén derecho;;
18/07/2016;11:53;;20160718-0016; C-E-ACC-01;M30;11XL40;EXTERIOR;Tronco;Superficie;Colisión de vehículos;;2;2;;;1;0;;;No;Fluida;Seco y Limpio;P. Municipal y SAMUR;Si;No;No;No;No;Buen Tiempo;;;Sin Restricción;;;V1;Accidente entre 2 vehículos por alcance. Cuando llega el vigilante solo se encuentra en el punto uno de los vehículos implicados, el conductor de este fue agredido por el otro conductor, Samur lo atiende y le da de alta en el punto. Se retira por sus medios.;;;Cortado el carril derecho desde las 11:54 h hasta las 12:47 h;;
18/07/2016;19:52;;20160718-0031;C-P-ACC-01;M607;30RE10;SALIDA;Ramal;Superficie;Colisión de vehículos;Por alcance;2;2;;;;0;;;No;Fluida;Seco y Limpio;P. Municipal;Si;No;Si;No;No;Buen Tiempo;;;Sin Restricción;;;V2 / C16;Accidente entre 2 vehículos por alcance en el carril izquierdo. Se activa a la barredora C-16 para la limpieza de restos y cristales.;;;Cortado el carril izquierdo desde las 20:06 h hasta las 20:57 h;;
19/07/2016;08:48;;20160719-0008; T-E-ACC-01;A5;03FT85;ENTRADA;Tronco;Túnel;Colisión de vehículos;Por alcance;3;3;;;;1;;;No;Congestionada;Seco y Limpio;P. Municipal y SAMUR;Si;No;No;No;No;Buen Tiempo;;;Sin Restricción;;;AIAM Portugal / V2;Accidente entre 3 vehículos por alcance ocupando el carril derecho. El vigilante V-2 se encuentra con la incidencia y señaliza hasta la llegada de los AIAM Portugal. La conductora de uno de los vehículos implicados se encuentra embarazada y es trasladada al hospital por molestias, su vehículo es retirado del punto por el híbrido de los AIAM y los otros dos implicados por sus medios.;;;Cortado el carril derecho desde las 08:54 h hasta las 10:15 h;;
19/07/2016;09:10;;20160719-0010; C-E-ACC-01;M30;12RV90;EXTERIOR;Ramal;Superficie;Vuelco;;1;1;;;;1;1;;No;Fluida;Seco y Limpio;P.M., SAMUR y Bomberos;Si;No;Si;No;No;Buen Tiempo;;;Sin Restricción;;;M1 / V1;Accidente de 1 vehículo por vuelco sin contrario. 1 herido trasladado al Hospital Gregorio Marañon. ;;;El ramal 12RY permanece cortado desde las 09:15 h hasta las 09:45 h;;
19/07/2016;10:06;;20160719-0012;T-P-ACC-01;A5;04FT16;ENTRADA;Tronco;Túnel;Colisión de vehículos;Por alcance;2;2;;;;0;;;No;Congestionada;Seco y Limpio;;Si;No;No;No;No;Buen Tiempo;;;Sin Restricción;;;AIAM Portugal;Accidente entre 2 vehículos por alcance ocupando el carril derecho. Son atendidos por los AIAM  de Base Portugal que se encuentran en la incidencia anterior Nº 8. Ambos vehículos se retiran por sus medios del punto.;;;Cortado el carril derecho desde las 10:06 h hasta las 10:10 h;;
19/07/2016;15:30;;20160719-0023;C-P-ACC-01;M30;00NC50;INTERIOR;Tronco;Superficie;Colisión de vehículos;Por alcance;2;2;;;;0;;;No;Congestionada;Seco y Limpio;P. Municipal;Si;No;No;No;No;Buen Tiempo;;;Sin Restricción;;;V1;Accidente entre 2 vehículos por alcance ocupando el carril derecho.;;;Cortado el carril derecho desde las 15:33 h hasta las 16:09 h;;
19/07/2016;15:50;;20160719-0025;C-P-ACC-01;M30;28XC50;EXTERIOR;Tronco;Superficie;Colisión de vehículos;Por alcance;2;1;1;;1;1;;;No;Densa;Seco y Limpio;P. Municipal y SAMUR;Si;No;No;No;No;Buen Tiempo;;;Sin Restricción;;;M2;Accidente entre 1 turismo y 1 motocicleta por alcance ocupando el carril izquierdo, con Policía Municipal los vehículos implicados son sacados fuera de zona. El motorista resulta herido leve.;;;Cortado el carril izquierdo desde las 16:05 h hasta las 16:10 h;;
19/07/2016;17:55;;20160719-0030;C-P-ACC-01;A2;04AT70;ENTRADA;Tronco;Superficie;Colisión de vehículos;Por alcance;5;5;;;;0;;;No;Congestionada;Seco y Limpio;P. Municipal;Si;No;Si;No;No;Buen Tiempo;;;Sin Restricción;;;V1;Accidente entre 5 vehículos por alcance ocupando el carril derecho.;;;Cortado el carril derecho desde las 17:55 h hasta las 18:43 h;;
20/07/2016;09:14;;20160720-0008;C-P-ACC-01;M30;31NC70;INTERIOR;Tronco;Superficie;Colisión de vehículos;Lateral;2;1;1;;;0;;;No;Fluida;Mojado;P. Municipal;No;No;No;No;No;Lluvia;;;Sin Restricción;;;V1;Accidente entre un turismo y un motorista en el 31NC70, antes de la llegada del vigilante V-1 ambos vehículos se trasladan al arcén del 32NC20. Sin heridos ni daños al patrimonio. Ambos vehículos se retiran por sus medios. ;;;;;
20/07/2016;19:43;;20160720-0030;C-P-ACC-01;M30;08XC00;EXTERIOR;Tronco;Superficie;Colisión de vehículos;Por alcance;3;3;;;1;1;;;No;Densa;Seco y Limpio;P. Municipal y SAMUR;Si;No;No;No;No;Buen Tiempo;;;Sin Restricción;;;V1 / V2;Accidente entre 3 vehículos por alcance ocupando el carril izquierdo y central. 1 herido leve dado de alta en el punto.;;;Cortado el carril izquierdo y central desde las 19:53 h hasta las 20:46 h;;
21/07/2016;09:53;;20160721-0009;T-P-ACC-01;M30;15RR74;INTERIOR;Ramal;Túnel;Colisión de vehículos;Por alcance;2;2;;;;0;;;No;Densa;Seco y Limpio;;Si;No;No;No;No;Buen Tiempo;;;Sin Restricción;;;AIAM Calderon;Accidente entre 2 vehículos por alcance ocupando el carril derecho. Sin heridos ni daños al patrimonio. Ambos vehículos se retiran del punto por sus medios.;;;Cortado el carril derecho desde las 09:54 h hasta las 09:59 h;;
21/07/2016;13:13;;20160721-0016; C-E-ACC-01;M30;00XC10;EXTERIOR;Tronco;Superficie;Salida de vía;Lateral;2;2;;;1;1;;;No;Congestionada;Seco y Limpio;P. Municipal y SAMUR;Si;No;No;No;No;Buen Tiempo;;;Sin Restricción;;;V2;Accidente entre 2 vehículos por alcance ocupando el carril izquierdo. 1 herido leve.;;;Cortado el carril izquierdo desde las 13:22 h hasta las 13:49 h;;
21/07/2016;15:14;;20160721-0021;C-P-ACC-01;M30;08RN00;EXTERIOR;Ramal;Superficie;Colisión de vehículos;Lateral;2;1;;1;;0;;;No;Densa;Seco y Limpio;P. Municipal;Si;No;No;No;No;Buen Tiempo;;;Sin Restricción;;;V1;Accidente entre 2 vehículos por alcance lateral ocupando parte de carril. Sin heridos ni daños al patrimonio.;;;Cortado parte de carril desde las 15:18 h hasta las 15:45 h;;
21/07/2016;15:32;;20160721-0022; C-E-ACC-01;M30;03XL50;EXTERIOR;VS;Superficie;Salida de vía;;1;;1;;;1;;;No;Fluida;Seco y Limpio;P. Municipal y SAMUR;No;No;Si;No;No;Buen Tiempo;;;Sin Restricción;;;M2;Accidente de 1 motorista por caída, cuando llega el vigilante dicho motorista se encuentra en el arcen derecho siendo atendido por el Samur y trasladado posteriormente a su mutua con pronostico reservado. La motocicleta es retirada por su grúa.;;;;;
21/07/2016;17:47;;20160721-0028; C-E-ACC-01;A4;12RR70;ENTRADA;Ramal;Superficie;Colisión de vehículos;Por alcance;2;2;;;;1;;;No;Fluida;Seco y Limpio;P. Municipal y SAMUR;Si;No;Si;No;No;Buen Tiempo;;;Sin Restricción;;;V1;Accidente entre 2 vehículos por alcance ocupando parte de carril. 1 herido sin pronosticar trasladado por el Samur al Hospital 12 de Octubre.;;;Cortado medio carril desde las 17:47 h hasta las 18:33 h;;
21/07/2016;18:29;;20160721-0031;T-P-ACC-01;A5;04FL80;SALIDA;Tronco;Túnel;Salida de vía;;1;1;;;;0;;;Si;Fluida;Seco y Limpio;P. Municipal;Si;No;No;Si;No;Buen Tiempo;;;Sin Restricción;;;AIAM Calderon / C-10;Vehículo averiado en el carril izquierdo que se golpea contra el bordillo causando daños en el. Sin heridos. Es retirado al exterior por la plataforma C-10 de Base Calderón.;Arañazos en el bordillo izquierdo desde el 04FL80 al 04FL82;;Cortado el carril izquierdo desde las 18:35 h hasta las 19:12 h;;
22/07/2016;13:07;;20160722-0017; C-E-ACC-01;M30;10NL60;INTERIOR;Tronco;Superficie;Colisión de vehículos;Por alcance;2;2;;;1;2;;;No;Congestionada;Seco y Limpio;P. Municipal y SAMUR;Si;No;No;No;No;Buen Tiempo;;;Sin Restricción;;;V-1/V-2;Colisión alcance de 2 vehiculos.;;;;;
22/07/2016;13:38;;20160722-0020; C-E-ACC-01;M30;06NL70;INTERIOR;VS;Superficie;Otros;;1;;1;;1;1;;;No;Densa;Seco y Limpio;P. Municipal y SAMUR;No;No;No;No;No;Buen Tiempo;;;Sin Restricción;;;MOTO-8;accidente de moto en carril central;;;;;
22/07/2016;15:17;;20160722-0024;C-P-ACC-01;M30;30XC80;EXTERIOR;Tronco;Superficie;Colisión de vehículos;Por alcance;2;2;;;;0;;;No;Fluida;Seco y Limpio;P. Municipal;Si;No;Si;No;No;Buen Tiempo;;;Sin Restricción;;;V-2;Corto carril derecho por accidente.;;;;;
22/07/2016;16:03;;20160722-0028;C-P-ACC-01;M30;25XC60;EXTERIOR;Tronco;Superficie;Colisión de vehículos;Por alcance;2;2;;;;0;;;No;Congestionada;Seco y Limpio;P. Municipal;No;No;No;No;No;Buen Tiempo;;;Sin Restricción;;;V-2;Señalizo accidente en lao izquierdo dentro del corte de la obra.;;;;;
24/07/2016;01:41;;20160724-0001;;M30;09CC20;INTERIOR;Ramal;Superficie;Salida de vía;;1;1;;;;0;;;Si;Fluida;Seco y Limpio;P.M., SAMUR y Bomberos;No;No;Si;No;No;Buen Tiempo;;;Sin Restricción;;;V-1;salida de vía;1 hito, 2 barreras y 2 cpn;;;;
24/07/2016;18:27;;20160724-0007;C-P-ACC-01;M30;20NC90;INTERIOR;Tronco;Superficie;Colisión de vehículos;Lateral;2;2;;;;0;;;No;Fluida;Seco y Limpio;P. Municipal;No;No;Si;No;No;Buen Tiempo;;;Sin Restricción;;;V-1;Accidente entre 2 vehículos por alcance lateral. Sin heridos ni daños al patrimonio. Cuando llega el vigilante solo queda parado en el arcén 1 vehículo implicado a la espera de su grúa, el otro se retiró por sus medios.;;;;;
25/07/2016;20:44;;20160725-0016;T-P-ACC-01;A5;03FL53;SALIDA;Tronco;Túnel;Salida de vía;Lateral;1;1;;;;0;;;Si;Fluida;Seco y Limpio;P. Municipal;Si;No;No;Si;No;Buen Tiempo;;;Sin Restricción;;;AIAM Portugal / C-10;Accidente de 1 vehículo por salida de vía colisionando este contra el bordillo del hastial derecho. Es retirado por la plataforma C-10 de Base Calderón.;2 metros de arañazos en el bordillo del hastial derecho;;Cortado el carril derecho desde las 20:49 h hasta las 21:05 h;;
26/07/2016;13:13;;20160726-0009; C-E-ACC-01;M30;07NC70;INTERIOR;Tronco;Superficie;Colisión de vehículos;Por alcance;3;2;;1;2;2;;;No;Densa;Seco y Limpio;P.M., SAMUR y Bomberos;Si;No;No;Si;No;Buen Tiempo;;;Sin Restricción;;;V-1 / V-2;Accidente entre 2 turismos y 1 camión por alcance ocupando el carril derecho. 3 heridos leves dados de alta en el punto.;;;Cortado el carril derecho desde las 13:13 h hasta las 14:15 h;;
27/07/2016;12:30;;20160727-0013;C-P-ACC-01;M30;32NC00;INTERIOR;Tronco;Superficie;Colisión de vehículos;Por alcance;2;2;;;;1;;;No;Fluida;Seco y Limpio;P. Municipal;Si;No;Si;No;No;Buen Tiempo;;;Sin Restricción;;;V-2;Accidente entre 2 vehículos por alcance. Cuando llega el vigilante solo se encuentra en el punto uno de los vehículos implicados que es retirado junto con Policía Municipal al arcén del PK 32+200 a la espera de su grúa. Sin heridos ni daños al patrimonio.;;;Cortado medio carril derecho e izquierdo desde las 12:40 h hasta las 13:00 h;;
27/07/2016;13:45;;20160727-0019;C-P-ACC-01;M30;07NC30;INTERIOR;Tronco;Superficie;Otros;;1;;1;;1;1;;;No;Fluida;Seco y Limpio;P. Municipal y SAMUR;Si;No;Si;No;No;Buen Tiempo;;;Sin Restricción;;;V-2;Accidente de 1 motorista por caída que resulta herido leve y dado de alta en el punto. Sin daños al patrimonio.;;;Cortado el carril derecho desde las 14:00 h hasta las 14:35 h;;