Fecha;Hora;Día;Nº Incidencia;sitrem;Carretera;MC30;Calzada;Localización;Enlace;Tipo de accidente;Tipo de colisión;Nº Vehículos implicados;Nº Turismos;Nº Motocicletas;Nº vehículos pesados;H.L.;hl;hg;vm;Daños al mobiliario urbano;Circulación;Estado del Firme;Presencia Recursos Externos;Corte Carril;Vertido;Grúa usuario;Grúa Propia EMESA;Grúa Movilidad;Factores Atmosféricos;Visibilidad señalización;Señalización de Peligro;Visibilidad restringida por;Aceras;Árboles;Vehículos denominación;Descripción del accidente;Daños causados al viario;Materiales utilizados;Observaciones;;
22/09/2016;10:35;;20160922-0016; C-E-ACC-01;M30;00XC30;EXTERIOR;Tronco;Superficie;Colisión de vehículos;Lateral;2;1;1;;1;1;;;No;Congestionada;Seco y Limpio;P. Municipal y SAMUR;Si;No;No;No;No;Buen Tiempo;Buena;;Sin Restricción;;;V2;Accidente con motorista implicado .Uno de lo ocupantes de la moto es trasladado al Hospital por Samur.Los dos veh se retiran por sus medios.;;;Corte 10:50 - 11:15;;
22/09/2016;18:40;;20160922-0040;C-P-ACC-01;M30;30NC80;INTERIOR;Tronco;Superficie;Colisión de vehículos;Por alcance;2;2;;;;0;;;No;Congestionada;Seco y Limpio;P. Municipal;Si;Si;Si;No;No;Buen Tiempo;Buena;;Sin Restricción;;;V2;Aviso accidente carril izquierdo.Limpiar restos de cristales y vértido de combustible.Lo pasamos al 32NC20.;;Sepiolita Gruesa;Corte 18:55 - 19:15;;
22/09/2016;18:35;;20160922-0041;C-P-ACC-01;M30;02NL10;INTERIOR;VS;Superficie;Colisión de vehículos;Por alcance;2;2;;;;0;;;No;Densa;Seco y Limpio;P. Municipal;No;No;Si;No;No;Buen Tiempo;Buena;;Sin Restricción;;;V1;Accidente entre 2 vehículos por colisión en el carril central, son trasladados al arcén derecho. Sin heridos ni daños al patrimonio.;;;;;
22/09/2016;19:38;;20160922-0044; T-E-ACC-01;M30;18RM27;EXTERIOR;Ramal;Túnel;Colisión de vehículos;Por alcance;3;3;;;2;2;;;No;Congestionada;Seco y Limpio;P. Municipal y SAMUR;Si;No;No;No;Si;Buen Tiempo;Buena;;Sin Restricción;;;AIAM Portugal;Accidente entre 2 vehículos por colisión en la entrada al túnel XC (18XC80 aprox.). 1 de los vehículos se da a la fuga y se detiene en el 18RM27 golpeando a otro vehículo. 2 heridos leves y sin daños al patrimonio. El conductor del vehículo que se dio a la fuga da positivo en el control de alcoholemía y es la Policía Municipal lo detiene, su vehículo es retirado por la grúa de movilidad y los otros 2 vehículos implicados por sus medios.;;;Cortado el carril derecho desde las 19:47 h hasta las 21:18 h;;
22/09/2016;20:34;;20160922-0046;C-P-ACC-01;M30;11NL20;INTERIOR;Tronco;Superficie;Colisión de vehículos;Por alcance;2;2;;;;0;;;No;Fluida;Seco y Limpio;;No;No;No;No;No;Buen Tiempo;Buena;;Sin Restricción;;;M-3 / V-1;Accidente entre 2 vehículos por alcance ocupando isleta. Sin heridos ni daños al patrimonio.;;;;;
22/09/2016;21:28;;20160922-0050; C-E-ACC-01;M30;30NC70;INTERIOR;Tronco;Superficie;Colisión de vehículos;Por alcance;3;2;1;;;1;;;No;Congestionada;Seco y Limpio;P. Municipal y SAMUR;Si;No;Si;No;No;Buen Tiempo;Buena;;Sin Restricción;;;V-2;Accidente entre 2 turismos y 1 motocicleta por alcance ocupando el carril derecho. 1 motorista herido sin pronosticar trasladado al Hospital La Paz.;;;Cortado el carril derecho desde las 21:28 h hasta las 22:35 h;;
22/09/2016;21:30;;20160922-0051; C-E-ACC-01;M30;30NC80;INTERIOR;Tronco;Superficie;Colisión de vehículos;Por alcance;3;3;;;2;2;;;No;Fluida;Seco y Limpio;P. Municipal y SAMUR;Si;No;No;No;No;Buen Tiempo;Buena;;Sin Restricción;;;V-1;Accidente entre 3 vehículos por alcance ocupando el carril derecho. 2 heridos leves dados de alta en el punto.;;;Cortado el carril derecho desde las 21:45 h hasta las 22:32 h;;
23/09/2016;04:06;;20160923-0003;  T-E-ACC-01;M30;90ET02;ENTRADA;Tronco;Túnel;Salida de vía;;1;1;;;1;1;;;Si;Fluida;Seco y Limpio;P. Municipal y SAMUR;Si;Si;;;;Buen Tiempo;Buena;;Sin Restricción;;;AIAM Valencia;Accidente por salida de vía.Impacta contra ña mediana subiendose por encima del guarda de rail dejando un reguero de aceite de unos 50 mts desde el carril derecho hasta quedar parado en carril izq.La unica ocupante del veh es trasladada al Hospital Doce de Octubre A nuestra llegada ya se encuentra policía y Samur.;1 Hito - 50 mts. Limpieza de calzada;;Corte de carril izquierdo 04:14 - 05:21;;
23/09/2016;10:20;;20160923-0012;T-P-ACC-01;M30;16NC08;INTERIOR;Tronco;Túnel;Salida de vía;Lateral;1;1;;;;0;;;Si;Densa;Seco y Limpio;P. Municipal;Si;;No;No;No;Buen Tiempo;Buena;;Sin Restricción;;;AIAM calderón;vehículo parado en carril izquierdo,despúes de colisionar con jersey. Sacamos al exterior.;Bordillo roto 50 cm;;Corte de carril izquierdo 10:25 - 10:45;;
23/09/2016;15:00;;20160923-0023;T-P-ACC-01;M30;16XC11;EXTERIOR;Tronco;Túnel;Colisión de vehículos;Por alcance;2;2;;;;0;;;No;Densa;Seco y Limpio;;Si;No;No;No;No;Buen Tiempo;Buena;;Sin Restricción;;;AIAM calderón;Alcance entre vehículos intercambian datos y salen por sus propios medios.;;;Corte 15:01 - 15:06;;
23/09/2016;15:25;;20160923-0025;C-P-ACC-01;M30;11NL30;INTERIOR;Tronco;Superficie;Colisión de vehículos;Por alcance;2;1;1;;;0;;;;Fluida;Seco y Limpio;;No;;No;No;No;Buen Tiempo;Buena;;Sin Restricción;;;V2;Señalizar accidente en isleta. No hay heridos ni necesitan grúa.;;;;;
23/09/2016;17:15;;20160923-0032;C-P-ACC-01;M30;08NL70;INTERIOR;VS;Superficie;Colisión de vehículos;Por alcance;3;3;;;2;2;;;No;;;P. Municipal y SAMUR;Si;No;No;Si;No;Buen Tiempo;;;;;;M3/V1;Acidente con heridos en carril izquierdo y central. 2 heridos leves dados de alta en el lugar.;;;Corte 2 carriles izquierdos 17:15 - 18:20.;;
24/09/2016;11:46;;20160924-0012; C-E-ACC-01;M30;21NC80;INTERIOR;Tronco;Superficie;Salida de vía;Lateral;1;;1;;1;1;;;No;Fluida;Seco y Limpio;P. Municipal y SAMUR;No;;No;No;Si;Buen Tiempo;Buena;;Sin Restricción;;;V2;Aviso:Caída de motorista con heridos.El herido es trasladado por Samur.;;;;;
24/09/2016;12:00;;20160924-0013; C-E-ACC-01;M30;08NL00;INTERIOR;VS;Superficie;Colisión de vehículos;Por alcance;2;2;;;;0;;;Si;Fluida;Seco y Limpio;P. Municipal;Si;;No;Si;No;Buen Tiempo;Buena;;Sin Restricción;;;V1;Colisión alcance,sin heridos,con daños al patrimonio carril derecho,corto carril hasta la retirada de veh 1 en grúa Ollero y veh 2 por sus medios.;3 Barreras (lado derecho);;Corte carril derecho 12:08 - 12:55.;;
24/09/2016;16:23;;20160924-0015;C-P-ACC-01;A2;04AT40;ENTRADA;Tronco;Superficie;Salida de vía;;1;1;;;;0;;;No;Fluida;Seco y Limpio;P. Municipal;Si;;Si;No;No;Buen Tiempo;Buena;;Sin Restricción;;;V1;Salida de vía contra el murolado izquierdo,sin heridos ni daños.Corto carril izquierdo hasta la retirada en grúa propia.;;;Corte de carril izquierdo 16:33 - 16:50.;;
25/09/2016;06:47;;20160925-0004;T-P-ACC-01;M30;09XC76;EXTERIOR;Tronco;Túnel;Otros;;1;;1;;;0;;;No;Fluida;Seco y Limpio;;No;No;No;No;No;Buen Tiempo;Buena;;Sin Restricción;;;AIAM calderón;Caída de motorista,sale por sus propios medios antes de nuestra salida de base.;;;;;
25/09/2016;19:43;;20160925-0022; C-E-ACC-01;M30;31RK30;EXTERIOR;Ramal;Superficie;Salida de vía;;1;;1;;;0;;;No;Fluida;Seco y Limpio;P. Municipal;No;No;Si;No;No;Buen Tiempo;Buena;;Sin Restricción;;;V1/V2;Moto se sale de la vía.;;;;;
26/09/2016;00:59;;20160926-0002;;M30;18RR01;INTERIOR;Ramal;Túnel;Salida de vía;;1;1;;;;0;;;Si;Fluida;Seco y Limpio;P. Municipal y P. Nacional;Si;Si;No;No;Si;Buen Tiempo;Buena;;Sin Restricción;;;AIAM Portugal;Accidente de un vehículo . A nuestra llegada se encuentra policía nacional y mos informa que el vehículo es sustraído y no hay ocupantes. El vehículo a golpeado en primer lugar el bordillo del hastial derecho, para terminar golpeando el bordillo del hastial izquierdo, dejando un reguero de aceite en calzada de unos 560 metros.;1 metro de bordillo del hastial derecho y un metro de bordillo del hastial izquierdo.;sepiolita fina y sepiolita gruesa.;;;
26/09/2016;06:49;;20160926-0006; C-E-ACC-01;M30;10XL30;EXTERIOR;Tronco;Superficie;Colisión de vehículos;Por alcance;4;4;;;6;6;;;No;Densa;Seco y Limpio;P. Municipal y SAMUR;Si;No;Si;No;Si;Buen Tiempo;Buena;;Sin Restricción;;;V-1;Colisión alcance carril izquierdo con heridos sin daños, corte carril izquierdo hasta llegada Samur que atiende a 6 personas , trasladando a 2 usuarios del vehículo 4(levesal Gregorio Marañón, 2 dados de alta en el punto y 2 del vehículo 3 al 12 de octubre, vehículos 1 y  2 grúa movilidad y 3 y 4 grúa propia.;;;;;
26/09/2016;07:42;;20160926-0007;C-P-ACC-01;A4;04UL50;SALIDA;Tronco;Superficie;Colisión de vehículos;Por alcance;3;3;;;;0;;;No;Congestionada;Seco y Limpio;P. Municipal;Si;;Si;Si;No;Buen Tiempo;Buena;;Sin Restricción;;;M1/V2;Accidente por alcance en carril izquierdo.Sin heridos ni daños al patrimonio.;;;Corte 07:50 - 09:00;;
26/09/2016;09:55;;20160926-0022;T-P-ACC-01;M30;17NC54;INTERIOR;Tronco;Túnel;Colisión de vehículos;Por alcance;2;2;;;;0;;;No;Congestionada;Seco y Limpio;;No;;No;No;No;Buen Tiempo;Buena;;Sin Restricción;;;AIAM Calderón;Dos vehículos parados,cuando llegamos han salido por sus medios, anulado.;;;;;
26/09/2016;14:05;;20160926-0027; C-E-ACC-01;M30;00XC20;EXTERIOR;Tronco;Superficie;Colisión de vehículos;Por alcance;2;1;;1;1;1;;;No;Densa;Seco y Limpio;P. Municipal y SAMUR;Si;Si;Si;No;No;Buen Tiempo;Buena;;Sin Restricción;;;V1/M2;Señalizar accidente por alcance en carril izquierdo.Con leve trasladado al Gregorio Marañon.Sin daños al patrimonio.El camión se retira por sus medios.;;Desengrasante;Corte carrilo izquierdo 14:15 - 14:50;;
26/09/2016;14:25;;20160926-0028;;M30;14NL45;INTERIOR;Tronco;Túnel;Colisión de vehículos;Por alcance;3;3;;;;0;;;No;Densa;Seco y Limpio;;No;;No;No;No;Buen Tiempo;Buena;;Sin Restricción;;;AIAM Valencia;Alcance entre 3 vehículos,reanudan la marcha por sus medios. Anulado.;;;;;
26/09/2016;15:03;;20160926-0029;C-P-ACC-01;M30;11NL50;INTERIOR;Tronco;Superficie;Colisión de vehículos;Por alcance;2;2;;;;0;;;No;Fluida;Seco y Limpio;P. Municipal;Si;;Si;No;No;Buen Tiempo;Buena;;Sin Restricción;;;V1;Señalizar accidente por alcance sin daños ni heridos en carril derecho.Los vehículos se retiran en su grúa seguro.;;;Corte carril derecho 15:22 - 16:21;;
27/09/2016;06:43;;20160927-0001;C-P-ACC-01;A4;05UT00;ENTRADA;Tronco;Superficie;Colisión de vehículos;Por alcance;3;3;;;;0;;;No;Densa;Seco y Limpio;P. Municipal;Si;;No;No;No;Buen Tiempo;Buena;;Sin Restricción;;;V1;Colisión por alcance sin heridos, ni daños. Carril derecho corto medio carril derecho hasta la retirada de los vehículos 1 y 3 que salen por sus medios. Vehículo 2 Otero, a zona urbana.;;;Corte carril derecho 06:44 / 07:32;;
27/09/2016;09:12;;20160927-0009; C-E-ACC-01;M30;32NC20;INTERIOR;Tronco;Superficie;Colisión de vehículos;Por alcance;2;;2;;1;1;;;No;Congestionada;Seco y Limpio;P. Municipal y SAMUR;;;Si;No;No;Buen Tiempo;Buena;;Sin Restricción;;;V1;Colisión por alcance de dos motos, con heridos, sin daños, a mi llegada solo una moto en el punto, atendiendo SAMUR a usuario de esta, dando alta en el punto y moto con grúa propia. Según PM el otro usuario no es atendido por SAMUR y ha abandonado en grúa propia;;;;;
27/09/2016;14:51;;20160927-0025;C-P-ACC-01;M30;20XC50;EXTERIOR;Tronco;Superficie;Colisión de vehículos;Lateral;2;1;;1;;0;;;No;Fluida;Seco y Limpio;P. Municipal;Si;;No;No;No;Buen Tiempo;Buena;;Sin Restricción;;;;Señalizar accidente lateral sin daños, ni heridos, los vehículos se retiran por sus propios medios.;;;Corte carril derecho 15:04 / 15:10;;
27/09/2016;17:00;;20160927-0030;C-E-ACC-01;M30;07NC20;INTERIOR;Tronco;Superficie;Atropello;;1;1;;;;0;;1;No;Congestionada;Seco y Limpio;P. Municipal y SAMUR;Si;;Si;No;No;Buen Tiempo;Buena;;Sin Restricción;;;V1/M2;Señalizar atropello a peatón, salta mediana central, víctima mortal, cortando carriles izquierdos hasta la llegada del juez de guardia;;Desengrasante;17:24 / 19:20;;
27/09/2016;17:47;;20160927-0032;C-P-ACC-01;M30;29XC40;EXTERIOR;Tronco;Superficie;Colisión de vehículos;Por alcance;2;2;;;;0;;;No;Densa;Seco y Limpio;P. Municipal;Si;;;;;Buen Tiempo;Buena;;Sin Restricción;;;V2;Corto carril izquierdo por accidente;;;17:47 / 18:42;;
27/09/2016;19:49;;20160927-0039; T-E-ACC-01;M30;15XC34;EXTERIOR;Tronco;Túnel;Colisión de vehículos;Por alcance;3;3;;;1;1;;;No;Congestionada;Seco y Limpio;P. Municipal y SAMUR;Si;;;;;Buen Tiempo;Buena;;Sin Restricción;;;AIAM Calderón;Colisión de tres vehículos por alcance, sacamos uno de ellos al extrior, herido dado de alta en el punto. Cortamos carril central y luego pasamos los vehículos al derecho.;;;19:51 / 21:09;;
27/09/2016;20:10;;20160927-0041;T-P-ACC-01;M30;16XC11;EXTERIOR;Tronco;Túnel;Colisión de vehículos;Por alcance;;;;;;0;;;No;;;;No;No;No;No;No;Buen Tiempo;Buena;;Sin Restricción;;;AIAM Portugal;Accidente por alcance, nada más salir de base nos anulan la incidencia, los vehículos salen por sus medios.;;;;;
27/09/2016;20:58;;20160927-0043;C-P-ACC-01;M30;20XC40;EXTERIOR;Tronco;Superficie;Colisión de vehículos;Por alcance;2;2;;;1;1;;;No;Fluida;Seco y Limpio;P. Municipal y SAMUR;No;No;No;No;No;Buen Tiempo;Buena;;Sin Restricción;;;V2;Señalizo accidente con heridos en arcen derecho, herido leve dado de alta, vehículos se retiran por sus medios;;;;;
28/09/2016;09:30;;20160928-0008;C-P-ACC-01;M30;00XC60;EXTERIOR;Tronco;Superficie;Colisión de vehículos;Por alcance;2;2;;;;0;;;No;Densa;Seco y Limpio;;Si;No;No;No;No;Buen Tiempo;Buena;;Sin Restricción;;;V1;Colisión por alcance, sin heridos ni daños. Corte de carril derecho hasta la retirada por sus medios;;;Carril derecho 09:31 / 09:41;;
28/09/2016;09:58;;20160928-0009; C-E-ACC-01;M30;04XC20;EXTERIOR;Tronco;Superficie;Colisión de vehículos;Por alcance;3;3;;;1;1;;;No;Fluida;Seco y Limpio;P. Municipal y SAMUR;Si;;Si;No;No;Buen Tiempo;Buena;;Sin Restricción;;;V1;Colisión por alcance de tre vehículos, sin daños. Corto carril derecho hasta que SAMUR atiende y traslada al Infanta Leonor al usuario del vehículo 3. Vehículo 1 y  2, x sus medios. Vehículo 3 grúa usuario.;;;;;
28/09/2016;11:00;;20160928-0012; C-E-ACC-01;M30;02XL20;EXTERIOR;VS;Superficie;Salida de vía;;1;;1;;1;1;;;No;Densa;Seco y Limpio;P. Municipal y SAMUR;Si;;;;;Buen Tiempo;Buena;;Sin Restricción;;;V2;Caida de motorista en carril izquierdo, herido trasladado.;;;Izquierdo 11:00 / 11:58;;
28/09/2016;11:15;;20160928-0013;C-P-ACC-01;M30;02XL20;EXTERIOR;VS;Superficie;Colisión de vehículos;Por alcance;2;2;;;;0;;;No;Densa;Seco y Limpio;;Si;;;;;Buen Tiempo;Buena;;Sin Restricción;;;v1;Colisión sin heridos ni daños, carril izquierdo, señalizo hasta retirada por sus medios.;;;Izquierdo 11:16 / 11:26;;
28/09/2016;13:37;;20160928-0017;;M30;12RH60;INTERIOR;Ramal;Superficie;Otros;;1;;;1;;0;;;Si;Congestionada;Seco y Limpio;P. Municipal;Si;;No;No;No;Buen Tiempo;Buena;;Sin Restricción;;;V1;Camión portacoches queda encajado en el tablero, corto con PM total 12RH de 13:37 a 14:00, sacamos camión a Gta de Málaga para tomar datos. PM confirma altura de camión 5,10 y altura del tablero 4,30;Rozones y raspones en tablero, placa de refuerzo doblada;;13:37 / 14:00;;
28/09/2016;14:28;;20160928-0020;C-P-ACC-01;M30;05NL30;INTERIOR;VS;Superficie;Colisión de vehículos;Por alcance;2;1;1;;;0;;;No;Fluida;Seco y Limpio;P. Municipal;;;;;;Buen Tiempo;Buena;;Sin Restricción;;;M3/V1;Accidente sin heridos en arcén derecho;;;;;
28/09/2016;14:38;;20160928-0021;T-P-ACC-01;M30;15RH49;EXTERIOR;Ramal;Túnel;Colisión de vehículos;Por alcance;2;;;;;0;;;No;Densa;Seco y Limpio;;;;;;;Buen Tiempo;Buena;;Sin Restricción;;;AIAM Calderón;Alcance entre vehículos nos anulan de camino;;;;;
28/09/2016;14:47;;20160928-0023;C-P-ACC-01;A2;04AT70;ENTRADA;Tronco;Superficie;Colisión de vehículos;Por alcance;2;2;;;;0;;;No;Densa;;;;;;;;;;;Sin Restricción;;;;;;;;;
28/09/2016;16:19;;20160928-0025;C-P-ACC-01;M30;31RK20;EXTERIOR;Ramal;Superficie;Salida de vía;;1;1;;;;0;;;Si;Densa;Seco y Limpio;P. Municipal;Si;No;Si;No;No;Buen Tiempo;Buena;;Sin Restricción;;;V2;Vehículo se sale de la vía, produciendo daños al patrimonio en lado derecho, corte de carril derecho;4 barreras, 4CPN;;DERECHO 16:27 / 17:24;;
28/09/2016;16:28;;20160928-0027;C-P-ACC-01;M30;10NL90;INTERIOR;Tronco;Superficie;Colisión de vehículos;Por alcance;2;2;;;;0;;;No;Densa;Seco y Limpio;;No;No;No;No;No;Buen Tiempo;Buena;;Sin Restricción;;;M3;Accidente en arcen derecho;;;;;
28/09/2016;17:20;;20160928-0028;C-P-ACC-01;Avda. Andalucía;98IT10;ENTRADA;Tronco;Superficie;Colisión de vehículos;Por alcance;2;2;;;;0;;;No;Fluida;Seco y Limpio;;Si;No;No;;;Buen Tiempo;Buena;;Sin Restricción;;;M3/V1;accidente en carril derecho;;;;;
28/09/2016;18:35;;20160928-0032;C-P-ACC-01;M30;10XL20;EXTERIOR;Tronco;Superficie;Colisión de vehículos;Por alcance;2;1;;;;0;;;No;Densa;Seco y Limpio;;Si;No;Si;;;Buen Tiempo;Buena;;Sin Restricción;;;M3/V1;ACCIDENTE sin heridos en carril derecho;;;;;
28/09/2016;19:06;;20160928-0035; C-E-ACC-01;M30;12NL20;INTERIOR;Tronco;Superficie;Colisión de vehículos;Por alcance;3;3;;;1;1;;;No;Densa;Seco y Limpio;P. Municipal y SAMUR;Si;;Si;;;Buen Tiempo;Buena;;Sin Restricción;;;V2/ MANTENIMIENTO;Relevo a personal de mantenimiento en accidente en carril dercho, herido leve dado de alta;;;19:06 / 20:14 derecho;;
28/09/2016;20:55;;20160928-0039; C-E-ACC-01;M30;08NL40;INTERIOR;VS;Superficie;Colisión de vehículos;Por alcance;2;2;;;2;2;;;No;Densa;Seco y Limpio;P. Municipal y SAMUR;Si;No;Si;;;Buen Tiempo;Buena;;Sin Restricción;;;V2;Señalizar accidente en carril central, sin daños al patrimonio, con heridos leves, todos dados de alta en el pto;;;21:08 / 22:30 derecho;;
29/09/2016;12:03;;20160929-0013;;M30;03XC90;EXTERIOR;Tronco;Superficie;Colisión obstáculo;;3;3;;;;0;;;No;Fluida;Seco y Limpio;P. Municipal;No;;;;;Buen Tiempo;Buena;;Sin Restricción;;;V1/V2;Según conductores el vehículo 1 pierde la rueda de repuesto y esta colisiona contra los vehículos 2 y 3;;;;;
29/09/2016;14:17;;20160929-0017;C-P-ACC-01;M30;00NC20;INTERIOR;Tronco;Superficie;Colisión de vehículos;Por alcance;3;3;;;;0;;;No;Congestionada;Seco y Limpio;P. Municipal;Si;Si;Si;;;Buen Tiempo;Buena;;Sin Restricción;;;V1;Señalizar accidente por alcance en carril izquierdo sin daños ni heridos. Los retira grúa del seguro.;;;14:35 / 15:00 izquierdo;;
29/09/2016;16:10;;20160929-0022;C-P-ACC-01;M30;03XC20;EXTERIOR;Tronco;Superficie;Colisión de vehículos;Por alcance;2;2;;;;0;;;No;Fluida;Seco y Limpio;P. Municipal;No;;;;;Buen Tiempo;Buena;;Sin Restricción;;;V1;Señalizar accidente por alcance, en carril central, PM lo retira a Conde de Casal, los vehículos se retiran por sus medios;;;;;
29/09/2016;17:08;;20160929-0025;;M30;31XC50;EXTERIOR;Tronco;Superficie;Otros;;2;1;;1;;0;;;Si;Densa;Seco y Limpio;P. Municipal y Bomberos;Si;;;;;Buen Tiempo;Buena;;Sin Restricción;;;V2/M2/M3;Camión con exceso de gálibo golpea contra el tablero de Mauricio Legendre produciendo daños al patrimonio, a su vez la carga de ladrillos cae en la calzada, y a su vez a un vehículo. Corte de dos carriles izquierdos. PM activa a bomberos, comentan que no corre peligro el tablero;2 desconchones parte arriba del ablero;;17:08 / 18:47;;
29/09/2016;19:13;;20160929-0029; C-E-ACC-01;M30;09XL70;EXTERIOR;Tronco;Superficie;Colisión de vehículos;Por alcance;2;2;;;;2;;;No;Congestionada;Seco y Limpio;P. Municipal, SAMUR Y 112;Si;No;Si;;;Buen Tiempo;Buena;;Sin Restricción;;;V1;Señalizar accidente por alcance, en carril derecho, sin daños al patrimonio y con heridos. Vehículo 1 Hospital J. Díaz y vehículo 2 clinica del Rosario;;;19:32 / 20:35 derecho;;
29/09/2016;19:46;;20160929-0033;  T-E-ACC-01;M30;14RC08;INTERIOR;Ramal;Túnel;Colisión de vehículos;Por alcance;2;2;;;;1;;;No;Congestionada;Seco y Limpio;P. Municipal y SAMUR;Si;No;No;;;Buen Tiempo;Buena;;Sin Restricción;;;AIAM Valencia;Cortamos ramal. Vehículo híbrido implicado. Actuamos conforme al procedimiento indicado en su hoja de rescate. El interruptor lo conserva el jefe de equipo hasta el traslado del vehículo al depósito de puerta de hierro, lo dejamos en la guantera. Solicitamos SAMUR y C10, la conductora del vehículo 1 es trsladada al Gomes Olla. Usamos equipo de excarcelación para liberear rueda furgoneta y esta sale por sus medios.;;;19:51 / 20:54;;
29/09/2016;20:23;;20160929-0034;C-P-ACC-01;M30;09NL00;INTERIOR;Tronco;Superficie;Colisión de vehículos;Por alcance;3;3;;;;0;;;No;Fluida;Seco y Limpio;P. Municipal;No;No;No;;;Buen Tiempo;Buena;;Sin Restricción;;;M3;Accidente sin heridos en arcen derecho;;;;;
29/09/2016;21:25;;20160929-0037; C-E-ACC-01;M30;05NC50;INTERIOR;Tronco;Superficie;Colisión de vehículos;Por alcance;5;5;;;1;1;;;No;Densa;Seco y Limpio;P. Municipal y SAMUR;Si;No;Si;;;Buen Tiempo;Buena;;Sin Restricción;;;V1/V2;Señalizar accidente por alcance en carril derecho, con un herido leve trasladado a Hospital La Paz, Lopez Ollero en el punto, no carga furgoneta;;;21:36 / 22:43 derecho;;
29/09/2016;23:32;;20160929-0040;T-P-ACC-01;M30;14NL55;INTERIOR;Tronco;Túnel;Colisión de vehículos;Por alcance;2;;;;;0;;;;;;;;;;;;;;;;;;;;;;;;
30/09/2016;06:30;;20160930-0003;C-P-ACC-01;M30;10XL20;EXTERIOR;Tronco;Superficie;Colisión de vehículos;Por alcance;3;3;;;;0;;;No;Densa;Seco y Limpio;P. Municipal;Si;;;;;Buen Tiempo;Buena;;Sin Restricción;;;V1;Colisión alcance 3 vehículos en carril derecho, sin heridos y sin daños. Corto carril. Vehículo 1 x sus medios, vehículo 2 y 3 gruas OLLERO;;;06:41 / 07:18 Derecho;;
30/09/2016;08:55;;20160930-0010; C-E-ACC-01;M30;11XL50;EXTERIOR;Tronco;Superficie;Colisión de vehículos;Por alcance;2;1;1;;1;0;0;1;No;Congestionada;Seco y Limpio;P. Municipal y SAMUR;Si;;Si;No;Si;Buen Tiempo;Buena;;Sin Restricción;;;vV1/M4;Vehículo averiado en arcen derecho, llega moto por arcen y colisiona contra vehículo averiado. Motorista con pronostico crítico trasladado al hospital 12 de Octubre. Conductor de vehículo averiado con atendido por ataque de ansiedad.;;;09:12 /11:10;;
30/09/2016;14:05;;20160930-0022;T-P-ACC-01;M30;14NL19;INTERIOR;Tronco;Túnel;Colisión de vehículos;Por alcance;2;2;;;;0;;;;Densa;Seco y Limpio;;No;;;;;Buen Tiempo;Buena;;Sin Restricción;;;AIAM Valencia;;;;;;
30/09/2016;14:39;;20160930-0026;T-P-ACC-01;M30;13NL22;INTERIOR;Tronco;Túnel;Colisión de vehículos;Por alcance;2;2;;;;0;;;No;Congestionada;Seco y Limpio;P. Municipal;Si;;;;;Buen Tiempo;Buena;;Sin Restricción;;;AIAM Valencia;Colisión de dos coches por alcance, sin daños personales, solo materiales, se corta carril izquierdo, sñalizamos, cargamos con plataforma uno de ellos y el otro sale por sus medios, sacamos a la calle Alejandro Dumas;;;14:44 / 15:09 Izquierdo;;
30/09/2016;15:32;;20160930-0028;C-P-ACC-01;M607;09OT00;ENTRADA;Tronco;Superficie;Colisión de vehículos;Lateral;2;1;;;;0;;;No;Densa;Seco y Limpio;P. Municipal;Si;No;Si;No;No;Buen Tiempo;Buena;;Sin Restricción;;;v2;Corto carril izquierdo por accidente, solo hay un vehículo en el punto;;;15:39 / 16:08 izquierdo;;
30/09/2016;15:48;;20160930-0032;C-P-ACC-01;M30;05NL30;INTERIOR;VS;Superficie;Colisión de vehículos;Por alcance;3;2;1;;;0;;;No;Densa;Seco y Limpio;P. Municipal;No;No;Si;;;Buen Tiempo;Buena;;Sin Restricción;;;M3;Accidente en arcen derecho;;;;;
30/09/2016;16:03;;20160930-0034;C-P-ACC-01;M30;07NL50;INTERIOR;VS;Superficie;Colisión de vehículos;Por alcance;3;3;;;;0;;;No;Densa;Seco y Limpio;;Si;;No;No;No;Buen Tiempo;Buena;;Sin Restricción;;;V1;Señalizar accidente por alcance en carril izquierdo. Sin daños ni heridos, los vehículos se retiran por sus medios;;;16:03 / 16:10 derecho;;
30/09/2016;16:34;;20160930-0038;C-P-ACC-01;M30;10NL90;INTERIOR;Tronco;Superficie;Colisión de vehículos;Por alcance;4;3;;1;;0;;;No;Congestionada;Seco y Limpio;P. Municipal;Si;;Si;No;No;Buen Tiempo;Buena;;Sin Restricción;;;;Señalizar accidente por alcance en carril derecho. Sin daños ni heridos, los vehículos se retiran por sus medios;;;;;
30/09/2016;19:41;;20160930-0045;T-P-ACC-01;M30;14XL79;EXTERIOR;Tronco;Túnel;Colisión de vehículos;Por alcance;2;2;;;;0;;;No;Congestionada;Seco y Limpio;;Si;;No;No;No;Buen Tiempo;Buena;;Sin Restricción;;;AIAM Calderón;Vehículos colisionan por alcance, sin heridos, salen por sus medios;;;19:45 / 19:50;;