Fecha;Hora;Día;Nº Incidencia;sitrem;Carretera;MC30;Calzada;Localización;Enlace;Tipo de accidente;Tipo de colisión;Nº Vehículos implicados;Nº Turismos;Nº Motocicletas;Nº vehículos pesados;H.L.;hl;hg;vm;Daños al mobiliario urbano;Circulación;Estado del Firme;Presencia Recursos Externos;Corte Carril;Vertido;Grúa usuario;Grúa Propia EMESA;Grúa Movilidad;Factores Atmosféricos;Visibilidad señalización;Señalización de Peligro;Visibilidad restringida por;Aceras;Árboles;Vehículos denominación;Descripción del accidente;Daños causados al viario;Materiales utilizados;Observaciones;;
30/09/2016;20:30;;20160930-0049;C-P-ACC-01;A3;08VA50;ENTRADA;VS;Superficie;Colisión de vehículos;Por alcance;2;2;;;;0;;;No;Fluida;Seco y Limpio;P. Municipal;Si;No;No;No;No;Buen Tiempo;Buena;;Sin Restricción;;;V1;Señalizar accidente por alcance en carril derecho. Sin daños ni heridos, los vehículos se retiran por sus medios;;;;;
30/09/2016;21:28;;20160930-0052;T-P-ACC-01;M30;16XC47;EXTERIOR;Tronco;Túnel;Colisión de vehículos;Por alcance;2;2;;;;0;;;No;Densa;Seco y Limpio;P. Municipal;Si;;No;No;No;Buen Tiempo;Buena;;Sin Restricción;;;AIAM Calderón;Colisión por alcance de dos vehículos, vehículo cambiamos rueda y sale por sus medios, vehículo 2 sacamos con híbrido;;;21:31 / 21:51;;
30/09/2016;22:14;;20160930-0053;C-P-ACC-01;M30;31NC50;INTERIOR;Tronco;Superficie;Colisión de vehículos;Por alcance;2;1;1;;1;1;;;No;Densa;Seco y Limpio;P. Municipal;Si;;No;No;Si;Buen Tiempo;Buena;;Sin Restricción;;;V1;Accidente en carriles derechos, herido trasladado leve al hospital;;;;;
30/09/2016;22:29;;20160930-0055; C-E-ACC-01;M30;08NL40;INTERIOR;VS;Superficie;Colisión de vehículos;Por alcance;2;2;;;2;2;;;No;Fluida;Seco y Limpio;P. Municipal y SAMUR;Si;No;;;;Buen Tiempo;Buena;;Sin Restricción;;;V2;ACCIDENTE EN CARRILES CENTRALES SEÑALIZO Y CORTO CARRIL DERECHO, DOS HERIDOS LEVES DADOS DE ALTA EN EL PUNTO;;;22:38 / 23:32;;
01/10/2016;21:30;;20161001-0016;C-P-ACC-01;M30;31NC60;INTERIOR;Tronco;Superficie;Colisión de vehículos;Por alcance;2;2;;;;0;;;No;Fluida;Seco y Limpio;P. Municipal;Si;No;Si;No;No;Buen Tiempo;Buena;;Sin Restricción;;;V-2;Accidente entre 2 vehículos por alcance en el carril derecho. Sin heridos ni daños al patrimonio. Uno de los vehículos se retira del punto por sus medios y el otro en su grúa.;;;Cortado el carril derecho desde las 21:35 h hasta las 22:10 h;;
02/10/2016;03:10;;20161002-0004; C-E-ACC-01;M30;10XL00;EXTERIOR;Tronco;Superficie;Colisión de vehículos;Por alcance;2;1;1;;1;1;;;No;Fluida;Seco y Limpio;P. Municipal y SAMUR;Si;No;Si;No;Si;Buen Tiempo;Buena;;Sin Restricción;;;V-1 / V-2;Accidente entre 1 turismo y 1 motorista ocupando el carril izquierdo central. 1 herido leve trasladado al hospital.;;;Cortados los carriles izquierdo y central desde las 03:20 h hasta las 04:05 h;;
02/10/2016;05:35;;20161002-0006; C-E-ACC-01;M11;01ML00;SALIDA;Tronco;Superficie;Vuelco;Contra mediana;2;1;1;;;1;;;Si;Fluida;Seco y Limpio;P.M., SAMUR y Bomberos;Si;Si;No;No;Si;Buen Tiempo;Buena;;Sin Restricción;;;V-1 / V-2;Vehículo vuelca en el carril izquierdo y 1 motorista que circulaba se cae. Con daños al patrimonio. 2 heridos sin pronosticar trasladados al hospital.;6 m de barreras;Sepiolita gruesa;Cortados carriles desde las 05:40 h hasta las 07:00 h;;
02/10/2016;11:00;;20161002-0014;C-P-ACC-01;A3;08VA50;ENTRADA;VS;Superficie;Colisión de vehículos;Por alcance;3;3;;;;0;;;No;Fluida;Seco y Limpio;;No;No;Si;No;Si;Buen Tiempo;Buena;;Sin Restricción;;;V-1;Accidente entre 3 vehículos,, cuando llega el vigilante solo queda 1 vehículo implicado parado en el arcen derecho del TC a la espera de su grúa. Sin heridos ni daños al patrimonio.;;;;;
03/10/2016;07:30;;20161003-0007;C-P-ACC-01;M30;07XL80;EXTERIOR;VS;Superficie;Colisión de vehículos;Lateral;2;2;;;;0;;;No;Congestionada;Seco y Limpio;;No;No;No;No;No;Buen Tiempo;Buena;;Sin Restricción;;;M-4;Accidente entre 2 vehículos por alcance lateral, ocupan el arcén derecho. Los conductores se toman lo datos y ambos vehículos se retiran del punto por sus medios.;;;;;
03/10/2016;08:38;;20161003-0008; T-E-ACC-01;M30;14NL94;INTERIOR;Tronco;Túnel;Colisión de vehículos;Por alcance;2;2;;;1;1;;;No;Congestionada;Seco y Limpio;P. Municipal y SAMUR;Si;No;No;No;No;Buen Tiempo;Buena;;Sin Restricción;;;AIAM Valencia;Accidente entre 2 vehículos por alcance, 1 herido por mareo atendido por el Samur y dado de alta en el punto. Ambos vehículos se retiran del punto por sus medios.;;;Cortado el carril derecho desde las 08:48 h hasta las 09:00 h;;
03/10/2016;09:30;;20161003-0013;T-P-ACC-01;M30;18NC20;INTERIOR;Tronco;Túnel;Colisión de vehículos;Por alcance;;;;;;0;;;No;Congestionada;Seco y Limpio;;No;No;No;No;No;Buen Tiempo;Buena;;Sin Restricción;;;AIAM Calderón;Accidente entre vehículos que se retiran del punto por sus medios, se anula a los recursos activados de los AIAM antes de la llegada de estos.;;;;;
03/10/2016;09:35;;20161003-0014; C-E-ACC-01;M11;01MT20;ENTRADA;Tronco;Superficie;Colisión de vehículos;Por alcance;2;2;;;1;1;;;No;Densa;Seco y Limpio;P. Municipal y SAMUR;No;No;No;No;No;Buen Tiempo;Buena;;Sin Restricción;;;V-2;Accidente entre 2 vehículos por alcance, cuando llega el vigilante solo queda 1 vehículo implicado. 1 herido leve dado de alta en el punto.;;;;;
03/10/2016;10:05;;20161003-0015; C-E-ACC-01;M607;09OT50;ENTRADA;Tronco;Superficie;Colisión de vehículos;Por alcance;2;2;;;;0;;;No;Congestionada;Seco y Limpio;P. Municipal y SAMUR;Si;No;No;No;No;Buen Tiempo;Buena;;Sin Restricción;;;V-1;Accidente entre 2 vehículos por alcance en el carril derecho, aunque el Samur acude al punto no hay heridos, cuando llega el vigilante solo queda 1 vehículo que es retirado del punto en grúa. Se limpian restos del accidente.;;;;;
03/10/2016;13:50;;20161003-0020; C-E-ACC-01;M30;99SL00;INTERIOR;Ramal;Superficie;Salida de vía;;1;;1;;1;1;;;No;Fluida;Seco y Limpio;P. Municipal y SAMUR;Si;No;No;No;No;Buen Tiempo;Buena;;Sin Restricción;;;V2;Caída de motorista en tablero. Un herido leve dado de alta en el lugar. Corto tablero SL;;;;;
03/10/2016;14:40;;20161003-0023;C-P-ACC-01;M30;10NL40;INTERIOR;Tronco;Superficie;Colisión de vehículos;Por alcance;2;2;;;;0;;;No;Densa;Seco y Limpio;;Si;No;Si;No;No;Buen Tiempo;Buena;;Sin Restricción;;;M3;Accidente en isleta sin heridos;;;;;
03/10/2016;17:05;;20161003-0025; C-E-ACC-01;M30;09XL80;EXTERIOR;VS;Superficie;Colisión de vehículos;Por alcance;2;2;;;1;1;;;No;Fluida;Seco y Limpio;P. Municipal y SAMUR;Si;No;No;No;No;Buen Tiempo;Buena;;Sin Restricción;;;V1/M3;Accidente en carril derecho. Un herido. Lo carga grúa Ollero;;;;;
03/10/2016;18:14;;20161003-0028;C-P-ACC-01;M30;05XL10;EXTERIOR;VS;Superficie;Colisión de vehículos;Por alcance;2;2;;;;0;;;No;Densa;Seco y Limpio;P. Municipal;Si;No;No;No;No;Buen Tiempo;Buena;;Sin Restricción;;;V1/M3;Accidente en carriles centrales. Se cortan 2 carriles;;;;;
04/10/2016;09:10;;20161004-0011;T-P-ACC-01;A5;04FT56;ENTRADA;Tronco;Túnel;Colisión de vehículos;Por alcance;2;2;;;;0;;;No;Fluida;Seco y Limpio;P. Municipal;Si;Si;No;Si;No;Buen Tiempo;Buena;;Sin Restricción;;;AIAM Portugal;Accidente entre 2 vehículos por alcance ocupando el carril derecho. Sin heridos ni daños al patrimonio. Se limpia vertido de anticongelante y uno de los vehículos implicados es retirado por el Hibrido F-12 a San Pol de Mar, el otro se retira por sus medios.;;Sepiolita fina;Cortado el carril derecho desde las 09:13 h hasta las 09:40 h;;
04/10/2016;14:28;;20161004-0020;C-P-ACC-01;M30;08NL90;INTERIOR;VS;Superficie;Colisión de vehículos;Por alcance;3;3;;;;0;;;No;Congestionada;Seco y Limpio;P. Municipal;Si;No;No;No;No;Buen Tiempo;Buena;;Sin Restricción;;;V-1;Accidente entre 3 vehículos por alcance en el carril izquierdo. La grúa de Ollero carga a uno de los vehículos implicados.;;;Cortado el carril izquierdo desde las 14:37 h hasta las 15:25 h;;
04/10/2016;18:45;;20161004-0028;C-P-ACC-01;M30;10XL90;EXTERIOR;Tronco;Superficie;Colisión de vehículos;Por alcance;2;2;;;;0;;;No;Densa;Seco y Limpio;P. Municipal;Si;No;No;No;No;Buen Tiempo;Buena;;Sin Restricción;;;V-1;Accidente entre 2 vehículos por alcance en el carril izquierdo. Cuando llega el vigilante solo queda 1 vehículo implicado que es cargado en la grúa de Ollero.;;;Cortado el carril izquierdo desde las 18:50 h hasta las 19:05 h;;
05/10/2016;08:01;;20161005-0007; C-E-ACC-01;M30;09RL05;EXTERIOR;Ramal;Superficie;Colisión de vehículos;Lateral;2;2;;;1;1;;;No;Fluida;Seco y Limpio;P. Municipal y SAMUR;No;No;Si;No;No;Buen Tiempo;Buena;;Sin Restricción;;;M-4;Colisión lateral 2 vehículos, nº2 se salta en ceda paso y el nº1 colisiona con él. Herido leve vehículo 1, Samur le da el alta en el punto y el coche es retirado por grúa del usuario. El otro vehículo se marcha por sus medios.;;;;;
05/10/2016;08:05;;20161005-0008;C-P-ACC-01;M30;08XL50;EXTERIOR;VS;Superficie;Colisión de vehículos;Por alcance;2;2;;;;0;;;No;Congestionada;Seco y Limpio;P. Municipal;No;No;No;No;No;Buen Tiempo;Buena;;Sin Restricción;;;V-1;Señalizar un accidente por alcance carriles centrales, los paso al arcén derecho.;;;;;
05/10/2016;16:07;;20161005-0023;T-P-ACC-01;M30;11NC97;INTERIOR;Tronco;Túnel;Salida de vía;Lateral;1;1;;;;0;;;No;Fluida;Seco y Limpio;P. Municipal;Si;No;No;Si;No;Buen Tiempo;Buena;;Sin Restricción;;;AIAM Valencia;Vehículo que choca con el hastial izquierdo en el 11NC66 y para en carril derecho en el 11NC96, sacamos el coche a Alejandro Dumas con híbrido , se corta carril derecho.;;;;;
05/10/2016;16:21;;20161005-0024;C-P-ACC-01;M30;09XL40;EXTERIOR;Tronco;Superficie;Colisión de vehículos;Por alcance;2;2;;;;0;;;No;Fluida;Seco y Limpio;P. Municipal;No;No;Si;No;No;Buen Tiempo;Buena;;Sin Restricción;;;M3;Accidente sin heridos en arcén derecho.;;;;;
05/10/2016;16:40;;20161005-0026;C-P-ACC-01;M30;10XL00;EXTERIOR;Tronco;Superficie;Colisión de vehículos;Por alcance;2;2;;;;0;;;No;Densa;Seco y Limpio;P. Municipal;Si;No;No;No;No;Buen Tiempo;Buena;;Sin Restricción;;;M3;Accidente en carril derecho sin heridos.;;;Corte carril derecho 16:44 - 17:00;;
05/10/2016;20:33;;20161005-0041;C-P-ACC-01;M30;04NL00;INTERIOR;VS;Superficie;Colisión de vehículos;Por alcance;2;2;;;;0;;;No;Congestionada;Seco y Limpio;P. Municipal;Si;No;No;No;No;Buen Tiempo;Buena;;Sin Restricción;;;V1;Colisión de 2 vehículos en carril derecho.Toman datos y reanudan la marcha.;;;Corte de 1/2 carril derecho 20:40 - 21:08.;;
05/10/2016;23:52;;20161005-0047; C-E-ACC-01;M30;10NL80;INTERIOR;Tronco;Superficie;Salida de vía;;1;;1;;;0;1;;No;Densa;Seco y Limpio;P. Municipal y SAMUR;Si;;Si;No;No;Buen Tiempo;Buena;;Sin Restricción;;;V1;Caída de motorista en carril central.Herido trasladado por Samur.;;;Corte de 3 carriles derechos 23:52 - 00:48.;;
06/10/2016;07:38;;20161006-0004;C-P-ACC-01;M30;07XL80;EXTERIOR;VS;Superficie;Colisión de vehículos;Lateral;2;2;;;;0;;;No;Congestionada;Seco y Limpio;P. Municipal;No;No;;Si;;Buen Tiempo;Buena;;Sin Restricción;;;M6;Accidente por alcance 2 vehículos sin heridos en arcén derecho. Vehículo 2 reanuda la marcha por sus medios. Vehículo 1 retirado por grúa López Ollero;;;;;
06/10/2016;08:03;;20161006-0005;;M30;31NC60;INTERIOR;Tronco;Superficie;Salida de vía;;1;;1;;;0;;;No;Congestionada;Seco y Limpio;P. Municipal;Si;No;;;;Buen Tiempo;Buena;;Sin Restricción;;;V2;Señalización por caida de motorista en carril derecho. Cuando llega piolicía lo sacan a p.k 31+400  a arcén derecho. No hay heridos;;;Corte carril derecho 8:15 - 8:30;;
06/10/2016;08:16;;20161006-0007;C-P-ACC-01;M30;09XL30;EXTERIOR;Tronco;Superficie;Colisión de vehículos;Por alcance;2;2;;;;0;;;No;Densa;Seco y Limpio;;Si;No;;;;Buen Tiempo;Buena;;Sin Restricción;;;M1;Accidente por alcance en carril izquierdo, lo mueven a arcén derecho;;;Corte carril izquierdo 8:16-8:25;;
06/10/2016;12:05;;20161006-0019;C-P-ACC-01;A2;04AT60;ENTRADA;Tronco;Superficie;Colisión de vehículos;Por alcance;2;1;;1;;0;;;No;Fluida;Seco y Limpio;P. Municipal;No;No;;;;Buen Tiempo;Buena;;Sin Restricción;;;V1;Señalizar accidente en arcén derecho. No hay heridos. No necesitan grúa;;;;;
06/10/2016;16:28;;20161006-0024;T-P-ACC-01;M30;14RL01;EXTERIOR;Ramal;Túnel;Colisión de vehículos;Lateral;2;2;;;;0;;;No;Densa;Seco y Limpio;P. Municipal;Si;No;;;;Buen Tiempo;Buena;;Sin Restricción;;;AIAM Calderón;Colisión de dos vehículos por alcance, salen por sus medios, por orden de policía municipal;;;Corte de carril derecho 16:31-16:43;;
06/10/2016;17:43;;20161006-0028;T-P-ACC-01;A5;04FL40;SALIDA;Tronco;Túnel;Colisión de vehículos;Por alcance;2;2;;;;0;;;No;Densa;Seco y Limpio;;No;No;No;No;No;Buen Tiempo;Buena;;Sin Restricción;;;AIAM Portugal;Colisión entre 2 vehículos en carril izquierdo, de camino nos informa el CCT de la retirada de uno de los vehículos, a nuestra llegada se retira el otro vehículo y policía municipal.;;;;;
06/10/2016;18:59;;20161006-0032;C-P-ACC-01;M30;01NC50;INTERIOR;Tronco;Superficie;;;2;2;;;;0;;;No;Congestionada;Seco y Limpio;P. Municipal;Si;No;;;;Buen Tiempo;Buena;;Sin Restricción;;;V1;Accidente carril derecho, en el punto solo queda  un vehículo;;;Corte de carril derecho 19:18-19:36;;
06/10/2016;19:46;;20161006-0036;T-P-ACC-01;M30;16XC55;EXTERIOR;Tronco;Túnel;Colisión de vehículos;;3;3;;;;0;;;No;Fluida;Seco y Limpio;P. Municipal;Si;No;No;No;No;Buen Tiempo;Buena;;Sin Restricción;;;AIAM Calderón;Colisión entre vehículos. Salen por sus medios.;;;Corte carril 19:52 - 20:14;;
06/10/2016;20:49;;20161006-0038; C-E-ACC-01;M30;10NL50;INTERIOR;Tronco;Superficie;Colisión de vehículos;;2;2;;;;3;;;No;Congestionada;Seco y Limpio;P. Municipal y SAMUR;Si;No;;;;Buen Tiempo;Buena;;Sin Restricción;;;V1;Colisión de 2 vehículos en carril central. Al llegar al punto solo hay 1 vehículo;;;Corte de carril central 21:04-21:08/Corte de carril derecho 21:08-21:55;;
07/10/2016;06:01;;20161007-0005; C-E-ACC-01;M30;19NC30;INTERIOR;Tronco;Superficie;Colisión de vehículos;Por alcance;2;1;1;;;1;;;No;Fluida;Seco y Limpio;P. Municipal y SAMUR;Si;No;No;No;Si;Buen Tiempo;Buena;;Sin Restricción;;;V1/V2;Aviso accidente carril derecho.Trasladan al herido al Clínico (motorista).;;;Corte carril 06:08 - 07:03;;
07/10/2016;08:10;;20161007-0008;C-P-ACC-01;M30;04XL10;EXTERIOR;VS;Superficie;Colisión de vehículos;Por alcance;2;2;;;;0;;;No;Congestionada;Seco y Limpio;;No;No;;;;Buen Tiempo;Buena;;Sin Restricción;;;V1;Señalziar accidente margén izquierdo por alcance. No hay heridos.;;;;;
07/10/2016;09:35;;20161007-0014;C-P-ACC-01;M30;07XC30;EXTERIOR;Tronco;Superficie;Colisión de vehículos;Por alcance;2;1;1;;;0;;;No;Densa;Seco y Limpio;P. Municipal;;;;;;Buen Tiempo;Buena;;;;;V2;Señalizo accidente sin heridos;;;;;
07/10/2016;14:11;;20161007-0025;T-P-ACC-01;M30;15XC85;EXTERIOR;Tronco;Túnel;Colisión de vehículos;Por alcance;2;;;;;0;;;No;Fluida;Seco y Limpio;;No;No;No;No;No;Buen Tiempo;Buena;;Sin Restricción;;;AIAM Calderón;Accidente entre 2 vehículos por alcance que reanudan la marcha por sus medios antes de la llegada de los recursos de los AIAM.;;;;;
07/10/2016;17:45;;20161007-0032;C-P-ACC-01;M607;30RH00;SALIDA;Ramal;Superficie;Salida de vía;Frontal;1;1;;;;0;;;Si;Fluida;Seco y Limpio;P. Municipal;Si;No;Si;No;No;Buen Tiempo;Buena;;Sin Restricción;;;M-2 / F-54 / C-2;Señalizar a un vehículo que sufrió una salida de vía colisionando contra una señal y una farola, esta es retirada por peligro de caída. Sin heridos.;"1 señal vertical ""Ceda el paso"", 1 farola completa y 1 hito limitador de zona";;Cortado carril desde las 19:50 h hasta las 21:15 h;;
07/10/2016;18:18;;20161007-0034;T-P-ACC-01;M30;18RN24;EXTERIOR;Ramal;Túnel;Otros;;1;;1;;;0;;;No;Densa;Seco y Limpio;P. Municipal;Si;No;No;No;No;Buen Tiempo;Buena;;Sin Restricción;;;AIAM Portugal;Accidente de 1 motorista que se retira del punto por sus medios. Sin heridos ni daños al patrimonio.;;;Cortado el carril derecho desde las 18:22 h hasta las 18:49 h;;
07/10/2016;19:09;;20161007-0037;T-P-ACC-01;M30;14XL99;EXTERIOR;Tronco;Túnel;Colisión de vehículos;Por alcance;2;2;;;;0;;;No;Densa;Seco y Limpio;P. Municipal;Si;No;No;No;No;Buen Tiempo;Buena;;Sin Restricción;;;AIAM Calderón;Accidente entre 2 vehículos por alcance que se retiran del punto por sus medios junto con Policía Municipal.;;;Cortado el carril derecho desde las 19:14 h hasta las 19:17 h;;
07/10/2016;22:07;;20161007-0043;T-P-ACC-01;M30;14RA10;INTERIOR;Ramal;Túnel;Colisión de vehículos;Por alcance;2;2;;;;0;;;No;Densa;Seco y Limpio;P. Municipal;Si;No;Si;No;No;Buen Tiempo;Buena;;Sin Restricción;;;AIAM Valencia;Accidente entre 2 vehículos por alcance ocupando parte del carril del ramal 14RA en la rampa exterior de salida. Sin heridos ni daños al patrimonio. Ambos vehículos son retirados por sus grúas. Se limpia la calzada de restos.;;;Cortado carril desde las 22:12 h hasta las 22:35 h;;
08/10/2016;15:16;;20161008-0013; C-E-ACC-01;M30;23XC50;EXTERIOR;Tronco;Superficie;Salida de vía;;1;1;;;;1;;;No;Fluida;Seco y Limpio;P. Municipal y SAMUR;Si;No;Si;No;No;Buen Tiempo;Buena;;Sin Restricción;;;V-2;Accidente de 1 vehículo por salida de vía hacía el lado izquierdo. 1 herido leve dado de alta en el punto. El vehículo es retirado en su grúa del seguro, la grúa de Lopez Ollero presente en el punto.;;;Cortado el carril izquierdo central desde las 15:28 h hasta las 15:48 h;;
08/10/2016;16:17;;20161008-0015;T-P-ACC-01;M30;13XC92;EXTERIOR;Tronco;Túnel;Salida de vía;Lateral;1;1;;;;0;;;No;Densa;Seco y Limpio;;Si;No;No;Si;No;Buen Tiempo;Buena;;Sin Restricción;;;AIAM Calderón;Accidente de 1 vehículo por salida de vía que colisiona contra el hastial. Sin heridos ni daños al patrimonio. Es retirado del punto por el híbrido de los AIAM.;;;Cortado el carril derecho desde las 16:22 h hasta las 16:30 h;;
10/10/2016;05:11;;20161010-0004;T-P-ACC-01;M30;17XC78;EXTERIOR;Tronco;Túnel;Salida de vía;Lateral;1;1;;;;0;;;No;Fluida;Seco y Limpio;;Si;;;;;Buen Tiempo;Buena;;Sin Restricción;;;AIAM Calderón;;;;;;
10/10/2016;06:50;;20161010-0006;T-P-ACC-01;M30;17XC16;EXTERIOR;Tronco;Túnel;Salida de vía;Lateral;1;1;;;;0;;;No;Densa;Seco y Limpio;P. Municipal;Si;;No;Si;No;Buen Tiempo;Buena;;Sin Restricción;;;AIAM Calderón;Vehículo con ruedas izquierdas reventadas, sacamos al extertior;;;06:53 -> 07:10;;
10/10/2016;07:33;;20161010-0011;T-P-ACC-01;A5;04FT63;ENTRADA;Tronco;Túnel;Colisión de vehículos;;2;;;;;0;;;No;Congestionada;Seco y Limpio;;;;;;;Buen Tiempo;Buena;;;;;AIAM Calderón;Anulados de camino a colisión por alcance, entre dos vehículos que se retiran por sus medios;;;;;
10/10/2016;19:59;;20161010-0037;T-P-ACC-01;M30;14VE10;INTERIOR;VS;Túnel;Colisión de vehículos;Por alcance;2;2;;;;0;;;No;Densa;Seco y Limpio;;Si;;No;No;No;Buen Tiempo;Buena;;Sin Restricción;;;AIAM Valencia;Colisión de dos vehículos por alcance, salen por sus medios;;;20:06 -> 20:11;;
11/10/2016;09:05;;20161011-0004;C-P-ACC-01;M30;10NL40;INTERIOR;Tronco;Superficie;Colisión de vehículos;Por alcance;2;2;;;;0;;;No;Congestionada;Seco y Limpio;;No;No;No;No;No;Buen Tiempo;Buena;;Sin Restricción;;;M-4;Accidente por alcance 2 vehículos  en arcén carril derecho, saco a la isleta, se toman datos y reanudan la marcha por sus medios.;;;;;
11/10/2016;15:00;;20161011-0012;C-P-ACC-01;M30;28XC50;EXTERIOR;Tronco;Superficie;Colisión de vehículos;Por alcance;3;3;;;1;1;;;No;Congestionada;Seco y Limpio;P. Municipal y SAMUR;No;No;Si;No;No;Buen Tiempo;Buena;;Sin Restricción;;;V-2;Accidente por alcance entre 3 vehículos, 1 de los vehículos es retirado por la grúa externa de Lopez Ollero. 1 herido leve dado de alta en el punto. ;;;;;
11/10/2016;15:35;;20161011-0013; C-E-ACC-01;M30;01XC00;EXTERIOR;Tronco;Superficie;Colisión de vehículos;Por alcance;2;1;1;;1;0;1;;No;Densa;Seco y Limpio;P. Municipal y SAMUR;Si;No;No;No;Si;Buen Tiempo;Buena;;Sin Restricción;;;V-1;Accidente por alcance entre 1 turismo y 1 motorista en el carril derecho. 1 herido leve.;;;Cortado el carril derecho desde las 15:40 h hasta las 17:00 h;;
11/10/2016;16:50;;20161011-0016; C-E-ACC-01;M30;31NC40;INTERIOR;Tronco;Superficie;Colisión de vehículos;Por alcance;3;3;;;1;0;;;No;Congestionada;Seco y Limpio;P. Municipal y SAMUR;Si;Si;Si;No;No;Buen Tiempo;Buena;;Sin Restricción;;;V-2;Accidente por alcance entre 3 vehículos en el carril central. 1 herido leve dado de alta en el punto.;;Sepiolita gruesa;Cortado el carril derecho desde las 17:20 h hasta las 17:50 h;;
11/10/2016;18:04;;20161011-0020;C-P-ACC-01;A2;05AT80;ENTRADA;Tronco;Superficie;Colisión de vehículos;Por alcance;2;2;;;;0;;;No;Congestionada;Seco y Limpio;G. Civil;No;No;Si;No;No;Buen Tiempo;Buena;;Sin Restricción;;;V-1;Accidente por alcance entre 2 vehículos en el carril izquierdo, cuando llega el vigilante ambos vehículos se encuentran en el arcén derecho junto con la Guardia Civil.;;;;;
11/10/2016;18:00;;20161011-0022; C-E-ACC-01;M30;30NC70;INTERIOR;Tronco;Superficie;Colisión de vehículos;Por alcance;2;1;1;;1;1;;;No;Fluida;Seco y Limpio;P. Municipal y SAMUR;Si;No;No;No;No;Buen Tiempo;Buena;;Sin Restricción;;;V-2 / M-2;Accidente por alcance entre 1 turismo y 1 motorista en el carril izquierdo. 1 herido leve trasladado al hospital.;;;Cortado el carril izquierdo desde las 18:00 h hasta las 19:25 h;;
11/10/2016;19:20;;20161011-0025;T-P-ACC-01;M30;14NL00;INTERIOR;Tronco;Túnel;Colisión de vehículos;Por alcance;3;3;;;;0;;;No;Densa;Seco y Limpio;P. Municipal;Si;No;No;No;No;Buen Tiempo;Buena;;Sin Restricción;;;AIAM Valencia;Accidente por alcance entre 3 vehículos ocupando el carril derecho, sin heridos ni daños al patrimonio. Todos los vehículos se retiran por sus medios.;;;Cortado el carril derecho desde las 19:30 h hasta las 19:46 h;;
11/10/2016;20:45;;20161011-0028;C-P-ACC-01;M30;11XL30;EXTERIOR;VS;Superficie;Colisión de vehículos;Por alcance;2;2;;;;0;;;No;Congestionada;Seco y Limpio;P. Municipal;No;No;No;No;No;Buen Tiempo;Buena;;Sin Restricción;;;V-1;Accidente por alcance entre 2 vehículos en el carril izquierdo, con apoyo de Policía Municipal se retiran del punto quedandose fuera de límites de Calle30. Sin heridos ni daños al patrimonio.;;;;;
11/10/2016;21:00;;20161011-0029;C-P-ACC-01;M30;05NL40;INTERIOR;VS;Superficie;Colisión de vehículos;Por alcance;2;2;;;;0;;;No;Densa;Seco y Limpio;P. Municipal;No;No;No;No;No;Buen Tiempo;Buena;;Sin Restricción;;;V-2;Accidente por alcance entre 2 vehículos en el carril izquierdo. Cuando llega el vigilante ambos vehículos se encuentran en el arcén derecho junto con Policía Muncipal y una vez realizado los partes de accidentes se retiran por sus medios.;;;;;
12/10/2016;06:38;;20161012-0002;C-P-ACC-01;M30;02RM30;EXTERIOR;Ramal;Superficie;Salida de vía;Lateral;1;1;;;;0;;;Si;Fluida;Mojado;P. Municipal y SAMUR;Si;No;Si;No;No;Buen Tiempo;Buena;;Sin Restricción;;;V-1;Señalizar acidentee con guardia civil. Accidente salida de vía con daños a patrimonio y sin heridos.;4 barreras y 2 cpns;;;;
12/10/2016;07:30;;20161012-0003; C-E-ACC-01;M30;08NL30;INTERIOR;VS;Superficie;Salida de vía;Frontal;1;1;;;1;0;;;No;Fluida;Mojado;P. Municipal y SAMUR;Si;No;No;No;Si;Lluvia;Buena;;Sin Restricción;;;V-1;Señalizar accidente salida de vía, sin daños a patrimonio, con heridos, lo retira grúa de movilidad, el herido es dado de alta en el lugar.;;;;;
12/10/2016;11:42;;20161012-0007; C-E-ACC-01;M30;04RT20;INTERIOR;Ramal;Superficie;Salida de vía;;1;1;;;1;1;;;No;Fluida;Mojado;P. Municipal y SAMUR;Si;No;Si;No;No;Lluvia;Buena;;Sin Restricción;;;V-1;Señalizar accidente salida de vía, sin daños a patrimonio y con un herido leve.;;;;;
12/10/2016;15:04;;20161012-0012;;M30;16XC67;EXTERIOR;Tronco;Túnel;Otros;;1;;;1;;0;;;Si;Congestionada;Seco y Limpio;P. Municipal;Si;No;No;No;No;Lluvia;Buena;;Sin Restricción;;;AIAM Calderón;Vehículo colisiona en varios puntos del túnel( 16XC67,15XC30,15XC44 y 09XC64) , ocasionando daños en instalaciones;16XC67(1 cámara, 300 metros cable variado y soportes de cable) 16XC20( una cámara) 15XC44 (4 metros canaleta) y O9XC64(panel direccional, 1 pgc y 5 metros cable);;;;
12/10/2016;15:30;;20161012-0013;C-P-ACC-01;M30;32RJ30;EXTERIOR;Ramal;Superficie;Salida de vía;Contra mediana;2;2;;;;0;;;No;Fluida;Mojado;P. Municipal;No;No;Si;No;No;Lluvia;Buena;;Sin Restricción;;;V-2;Ambos vehículos pierden el control y salen de la calzada, vehículo 1 sale por sus medios.;;;;;