Fecha;Hora;Día;Nº Incidencia;sitrem;Carretera;MC30;Calzada;Localización;Enlace;Tipo de accidente;Tipo de colisión;Nº Vehículos implicados;Nº Turismos;Nº Motocicletas;Nº vehículos pesados;H.L.;hl;hg;vm;Daños al mobiliario urbano;Circulación;Estado del Firme;Presencia Recursos Externos;Corte Carril;Vertido;Grúa usuario;Grúa Propia EMESA;Grúa Movilidad;Factores Atmosféricos;Visibilidad señalización;Señalización de Peligro;Visibilidad restringida por;Aceras;Árboles;Vehículos denominación;Descripción del accidente;Daños causados al viario;Materiales utilizados;Observaciones;;
12/10/2016;15:27;;20161012-0014;;M30;31NC50;INTERIOR;Tronco;Superficie;Colisión de vehículos;Contra mediana;1;1;;;;0;;;No;Fluida;Mojado;P. Municipal;Si;No;Si;No;No;Lluvia;Buena;;Sin Restricción;;;V-1;Accidente en carril izquierdo, paso el vehículo al derecho.;;;;;
12/10/2016;15:30;;20161012-0015;T-P-ACC-01;M30;18RM23;EXTERIOR;Ramal;Túnel;Salida de vía;;1;1;;;;0;;;No;Fluida;Seco y Limpio;;Si;No;Si;No;No;Lluvia;Buena;;Sin Restricción;;;AIAM Valencia;Accidente de un vehículo, golpea contra el bordillo y revienta una rueda, lo retira grúa particular.;;;;;
12/10/2016;16:10;;20161012-0016;;M30;32RA00;INTERIOR;Ramal;Superficie;Salida de vía;Contra mediana;1;1;;;;0;;;Si;Fluida;Mojado;P. Municipal;No;No;No;No;No;Lluvia;Buena;;Sin Restricción;;;V-1;Daños sin controlar provocados por un accidente que atiende policía, a mi llegada no hay nadie y policía me facilita los datos del  vehículo.;3 barreras,1 cpn y 1 separador.;;;;
12/10/2016;16:25;;20161012-0017;C-E-ACC-01;M30;12RV00;EXTERIOR;Ramal;Superficie;Salida de vía;Contra mediana;1;1;;;1;1;;;Si;Fluida;Mojado;P. Municipal y SAMUR;Si;Si;Si;No;No;Lluvia;Buena;;Sin Restricción;;;V-1/V-2;Accidente en margen izquierdo, herido leve dado de alta en el punto;7 barreras, 5 cpn y 4 separadores.;;;;
12/10/2016;16:45;;20161012-0018;C-P-ACC-01;M30;32RA00;INTERIOR;Ramal;Superficie;Salida de vía;Contra mediana;1;1;;;;0;;;No;Fluida;Mojado;P. Municipal;Si;No;Si;No;No;Lluvia;Buena;;Sin Restricción;;;V-2;Pierde el control y queda cruzado en carril derecho.;;;;;
12/10/2016;17:25;;20161012-0019;C-E-ACC-01;M30;12RV00;EXTERIOR;Ramal;Superficie;Otros;;1;;1;;1;1;;;No;Fluida;Mojado;P. Municipal y SAMUR;Si;No;No;No;No;Lluvia;Buena;;Sin Restricción;;;V-1;Caída de motorista en carril izquierdo, herido leve dado de alta.;;;;;
12/10/2016;17:40;;20161012-0020;C-P-ACC-01;M30;08RT00;EXTERIOR;Ramal;Superficie;Salida de vía;Lateral;1;1;;;;0;;;Si;Fluida;Mojado;P. Municipal;No;No;Si;No;No;Lluvia;Buena;;Sin Restricción;;;V-2;Sale de vía quedando subido en barrera.;;;;;
12/10/2016;17:47;;20161012-0021;C-P-ACC-01;M30;32RJ20;EXTERIOR;Ramal;Superficie;Salida de vía;Contra mediana;1;1;;;;0;;;No;Fluida;Mojado;P. Municipal;No;;Si;No;No;Lluvia;Buena;;Sin Restricción;;;V-1;Accidente en margen izquierdo.;;;;;
12/10/2016;18:15;;20161012-0022;;M30;32RA10;INTERIOR;Ramal;Superficie;Salida de vía;Contra mediana;1;1;;;;0;;;No;Fluida;Mojado;P. Municipal;Si;No;Si;No;No;Lluvia;Buena;;Sin Restricción;;;V-1;Accidente en margen izquierdo.;;;Cortado el carril derecho desde las 18:25 h hasta las 19:15 h;;
13/10/2016;07:51;;20161013-0007; T-E-ACC-01;M30;11XC60;EXTERIOR;Tronco;Túnel;Colisión de vehículos;Por alcance;2;1;1;;1;1;;;No;Congestionada;Seco y Limpio;P. Municipal y SAMUR;Si;No;No;No;No;Buen Tiempo;Buena;;Sin Restricción;;;AIAM Calderón;Caída motorista por alcance lateral, intercambian datos.;;;;;
13/10/2016;08:07;;20161013-0008;C-E-ACC-01;M30;10RC00;INTERIOR;Ramal;Superficie;Atropello;Frontal;1;;;;1;1;;;No;Densa;Mojado;P. Municipal y SAMUR;Si;No;No;No;No;Lluvia;Buena;;Sin Restricción;;;V-1;Señalizar accidente, atropello, con herido leve(salvo complicaciones), es trasladado al Gregorio Marañón, el vehículo se retira por sus medios.;;;;;
13/10/2016;18:00;;20161013-0027;C-P-ACC-01;M607;11OT50;ENTRADA;Tronco;Superficie;Colisión de vehículos;Lateral;2;2;;;;0;;;No;Fluida;Mojado;;No;No;No;No;No;Lluvia;Buena;;Sin Restricción;;;M-2 ;Señalizar vehículos parados, en arcén derecho, mientras hacen parte.;;;;;
13/10/2016;19:49;;20161013-0029;T-P-ACC-01;M30;15XL18;EXTERIOR;Tronco;Túnel;Colisión de vehículos;Por alcance;2;2;;;;0;;;No;Fluida;Seco y Limpio;;Si;No;No;No;No;Lluvia;Buena;;Sin Restricción;;;AIAM Calderón;Colisión por alcance 2 vehículos, usuarios se encuentran bien, vehículos salen por sus medios.;;;;;
13/10/2016;20:35;;20161013-0030;C-P-ACC-01;M30;32RA20;INTERIOR;Ramal;Superficie;Salida de vía;Lateral;2;2;;;;0;;;Si;Congestionada;Mojado;P. Municipal;Si;No;Si;No;No;Lluvia;Buena;;Sin Restricción;;;V-2;Accidente de 1 vehículo por perdida de control golpeandose contra la mediana y alcanzando a otro vehículo que circulaba.;;;Cortado el carril derecho desde las 20:45 h hasta las 21:40 h;;
13/10/2016;20:54;;20161013-0032;T-P-ACC-01;M30;16NC55;INTERIOR;Tronco;Túnel;Colisión de vehículos;Por alcance;2;2;;;;0;;;No;Fluida;Mojado;P. Municipal;Si;No;No;No;No;Lluvia;Buena;;Sin Restricción;;;AIAM Calderón;2 vehículos colisiona por alcance y se detienen con Policía Municipal en la isleta para tomar datos. Se cambia un neumatico de uno de los vehículos implicados y ambos se retiran del punto por sus medios.;;;Cortado el carril derecho desde las 20:58 h hasta las 21:14 h;;
13/10/2016;21:00;;20161013-0033;C-P-ACC-01;M30;08NL00;INTERIOR;VS;Superficie;Colisión de vehículos;Por alcance;2;2;;;;0;;;No;Densa;Seco y Limpio;P. Municipal;No;No;No;No;No;Buen Tiempo;Buena;;Sin Restricción;;;V-1 / V-2;Accidente entre 2 vehículos por alcance en el carril derecho, cuando llega el vigilante ambos se encuentran el arcén derecho.;;;;;
14/10/2016;07:03;;20161014-0003; C-E-ACC-01;M30;28XC50;EXTERIOR;Tronco;Superficie;Salida de vía;;1;1;;;;1;;;Si;Fluida;Seco y Limpio;P. Municipal y SAMUR;Si;No;No;No;Si;Buen Tiempo;Buena;;Sin Restricción;;;V-2;Accidente de 1 vehículo por salida de vía hacía el lado derecho, 1 herido trasladado al hospital con pronostico reservado y con daños al patrimonio.;1 señal vertical de limite de velocidad 90, 1/2 metro de pared y cable dañado de luz o cámara;;Cortado el carril derecho desde las 07:32 h hasta las 08:20 h;;
14/10/2016;07:50;;20161014-0006; C-E-ACC-01;M30;22NC20;INTERIOR;Tronco;Superficie;Colisión de vehículos;Por alcance;3;3;;;1;1;;;No;Congestionada;Seco y Limpio;P. Municipal y SAMUR;No;No;Si;No;No;Buen Tiempo;Buena;;Sin Restricción;;;M-4;Accidente entre 3 vehículos por alcance. 1 herido trasladado al hospital (mutua) con pronostico leve y los otros 2 vehículos se retiran por sus medios.;;;;;
14/10/2016;08:12;;20161014-0007;C-P-ACC-01;M30;12RY00;EXTERIOR;Ramal;Superficie;Colisión de vehículos;Por alcance;2;2;;;;0;;;No;Congestionada;Mojado;;Si;No;No;No;No;Lluvia;Buena;;Sin Restricción;;;AIAM Méndez Álvaro;Accidente entre 2 vehículos por alcance que se retiran del punto por sus medios cuando los conductores se toman los datos.;;;Cortado el carril derecho desde las 08:12 h hasta las 08:17 h;;
14/10/2016;14:20;;20161014-0021;;M30;08NL40;INTERIOR;VS;Superficie;Colisión de vehículos;Por alcance;3;3;;;;0;;;No;Densa;Seco y Limpio;P. Municipal;;No;;;;Buen Tiempo;Buena;;Sin Restricción;;;M-3 / V-2;Accidente en carril central, señalizo en arcén derecho;;;;;
14/10/2016;14:40;;20161014-0022;C-P-ACC-01;M30;10NL60;INTERIOR;Tronco;Superficie;Colisión de vehículos;Por alcance;3;3;;;;0;;;No;Densa;Seco y Limpio;;Si;No;No;No;No;Buen Tiempo;Buena;;Sin Restricción;;;M-3;Accidente entre 3 vehículos por alcance en el carril derecho.;;;Cortado el carril derecho desde las 14:40 h hasta las 14:50 h;;
14/10/2016;15:10;;20161014-0024;C-P-ACC-01;M30;06XC80;EXTERIOR;Tronco;Superficie;Colisión de vehículos;Por alcance;2;2;;;;0;;;No;Densa;Seco y Limpio;P. Municipal;Si;No;No;No;No;Buen Tiempo;Buena;;Sin Restricción;;;M-3 / V-1;Accidente entre 2 vehículos por alcance ocupando el arcén derecho y parte de carril.;;;Cortado parte del carril derecho desde las 15:12 h hasta las 15:30 h;;
14/10/2016;15:50;;20161014-0028;C-P-ACC-01;M607;10VN00;SALIDA;VS;Superficie;Colisión de vehículos;Por alcance;2;2;;;;0;;;No;Fluida;Seco y Limpio;P. Nacional;Si;No;Si;No;No;Buen Tiempo;Buena;;Sin Restricción;;;V-2;Accidente entre 2 vehículos por alcance ocupando parte de carril, uno de ellos se retira por sus medios y el otro en su grúa.;;;Cortado medio carril desde las 15:50 h hasta las 16:15 h;;
14/10/2016;17:12;;20161014-0034; T-E-ACC-01;M30;15RR05;INTERIOR;Ramal;Túnel;Salida de vía;;2;;1;1;;2;;;No;Densa;Seco y Limpio;P. Municipal y SAMUR;Si;No;No;No;No;Buen Tiempo;Buena;;Sin Restricción;;;AIAM Calderón;1 turismo realiza una maniobra extraña y hace caer a 1 motocicleta con 2 ocupantes, estos resulta trasladados al hospital con pronostico reservado. La motocicleta es retirada por Policía Municipal empujandola fuera de límites y el turismo por sus medios.;;;Cortados 2 carriles izquierdos desde las 17:15 h hasta las 18:00 h;;
14/10/2016;17:40;;20161014-0039; C-E-ACC-01;M30;29NC00;INTERIOR;Tronco;Superficie;Colisión de vehículos;Por alcance;2;2;;;1;1;;;No;Congestionada;Seco y Limpio;P. Municipal y SAMUR;Si;No;Si;No;No;Buen Tiempo;Buena;;Sin Restricción;;;M-2;Accidente entre 2 vehículos por alcance ocupando el carril derecho, 1 herido leve trasladado al hospital.;;;Cortado el carril derecho desde las 17:40 h hasta las 19:00 h;;
14/10/2016;18:04;;20161014-0041;C-P-ACC-01;M30;08XC70;EXTERIOR;Tronco;Superficie;Colisión de vehículos;Por alcance;3;3;;;;0;;;No;Densa;Seco y Limpio;P. Municipal;Si;No;No;No;No;Buen Tiempo;Buena;;Sin Restricción;;;V-1;Accidente entre 3 vehículos por alcance ocupando el carril derecho.;;;Cortados el carril derecho desde las 17:40 h hasta las 19:00 h;;
15/10/2016;04:05;;20161015-0004;C-P-ACC-01;M30;04XL70;EXTERIOR;VS;Superficie;Salida de vía;;1;1;;;;0;;;No;Fluida;Seco y Limpio;P. Municipal;Si;No;;;;Buen Tiempo;Buena;;Sin Restricción;;;V-1;Vehiculo se sale de la via colisionando con la mediana.;;;;;
15/10/2016;15:32;;20161015-0016; C-E-ACC-01;M30;12RH50;INTERIOR;Ramal;Superficie;Colisión de vehículos;Lateral;3;3;;;2;3;;;Si;Congestionada;Seco y Limpio;P. Municipal y SAMUR;Si;No;Si;;;Buen Tiempo;Buena;;Sin Restricción;;;V-1/V-2;Colisión de 3 ehiculos con desplazamiento de 1 de ellos que colisiona contra barreras causando daños en las mismas.;3 barreras, 4 cpns, 3 separadores, 10 mt bordillo;;;;
15/10/2016;18:14;;20161015-0018; T-E-ACC-01;M30;15NL51;INTERIOR;Tronco;Túnel;Colisión de vehículos;Por alcance;3;3;;;;3;;;No;Densa;Seco y Limpio;P. Municipal y SAMUR;Si;No;No;No;No;Buen Tiempo;Buena;;Sin Restricción;;;AIAM Valencia;Colisión de tres coches por alacance en carril izquierdo. Policía cambia y desplaza los vehiculos alcorte de grada cero. Se activa Samur (no hay daños) para valora usuarios. Nos retiramos del punto.. Solo hay daños materiales en coches.;;;;;
16/10/2016;06:42;;20161016-0007; T-E-ACC-01;M30;13XC27;EXTERIOR;Tronco;Túnel;Colisión de vehículos;Por alcance;2;2;;;;0;;;Si;Fluida;Seco y Limpio;P. Municipal y SAMUR;No;No;No;Si;No;Buen Tiempo;Buena;;Sin Restricción;;;AIAM Calderón;Colisión de vehiculos por alcance, uno se da contra el hastial, araña bordillo 1,5 y le sacamos al exterior. Samur acude al exterior por encontrarse mal el conductor.;;;;;
16/10/2016;06:45;;20161016-0008;C-P-ACC-01;M30;32RA20;INTERIOR;Ramal;Superficie;Salida de vía;;1;1;;;;0;;;No;Fluida;Seco y Limpio;;Si;No;Si;No;No;Buen Tiempo;Buena;;Sin Restricción;;;V1/V2;Vehículo se sale de la vía colisionando con muro de hormigón.No hay daños.;;;Corte carril derecho 06:52 - 07:42.;;
16/10/2016;06:42;;20161016-0009;T-P-ACC-01;M30;14RM21;EXTERIOR;Ramal;Túnel;Salida de vía;;1;1;;;;0;;;No;Fluida;Seco y Limpio;P. Municipal;No;No;No;Si;No;Buen Tiempo;Buena;;Sin Restricción;;;AIAM Portugal;Accidente sin daños a mobiliario.Sacamos al exterior.;;;;;
16/10/2016;12:29;;20161016-0012;C-P-ACC-01;A2;04AT50;ENTRADA;Tronco;Superficie;Colisión de vehículos;Por alcance;3;;;;;0;;;No;Fluida;Seco y Limpio;P. Municipal;;;;;;Buen Tiempo;Buena;;Sin Restricción;;;V1;Colisión de tres vehículos, al llegar al punto policía me indica que me retire;;;;;
16/10/2016;21:05;;20161016-0016;C-P-ACC-01;M30;09XL80;EXTERIOR;Tronco;Superficie;Colisión de vehículos;Por alcance;2;2;;;;0;;;No;Fluida;Seco y Limpio;P. Municipal;No;No;No;No;No;Buen Tiempo;Buena;;Sin Restricción;;;V1;Colisión entre dos vehículos en el pk 9+800 policía lo pasa al pk 9+600 arcén derecho. No hay heridos. Sale por sus medios.;;;;;
16/10/2016;21:43;;20161016-0018;C-P-ACC-01;M607;09VN00;SALIDA;VS;Superficie;Salida de vía;;1;1;;;;0;;;No;Fluida;Seco y Limpio;P. Municipal;Si;No;Si;No;No;Buen Tiempo;Buena;;Sin Restricción;;;V2;Señalizar accidente, se da contra el muro.No hay heridos.;;;Corte carril derecho 21:43 - 22:18;;
17/10/2016;07:33;;20161017-0006;C-P-ACC-01;M30;31NC10;INTERIOR;Tronco;Superficie;Colisión de vehículos;Por alcance;2;2;;;;0;;;No;Congestionada;Seco y Limpio;;No;No;No;No;No;Buen Tiempo;Buena;;Sin Restricción;;;V2;Accidente (chapa) a mi llegada los coches se retiran. No puedo tomar datos.;;;;;
17/10/2016;07:43;;20161017-0007; C-E-ACC-01;M30;24NC60;INTERIOR;Tronco;Superficie;Otros;;1;;1;;1;1;;;No;Congestionada;Seco y Limpio;P. Municipal y SAMUR;Si;No;No;No;Si;Buen Tiempo;Buena;;Sin Restricción;;;V2;Caída de motorista al frenar los vehículos.La moto es retira por policía (base del escuadrón).;;;Corte carril derecho 07:56 - 08:07.;;
17/10/2016;08:00;;20161017-0010; C-E-ACC-01;M30;04NL40;INTERIOR;VS;Superficie;Colisión de vehículos;Lateral;2;1;1;;1;1;;;No;Congestionada;Seco y Limpio;P. Municipal;No;No;;;;Buen Tiempo;Buena;;Sin Restricción;;;M4;Accidente lateral coche y moto.Motorista herido con dolor en pierna derecha.;;;;;
17/10/2016;10:34;;20161017-0019; C-E-ACC-01;M30;00NC30;INTERIOR;Tronco;Superficie;Salida de vía;;1;1;;;;1;;;Si;Densa;Seco y Limpio;P. Municipal;No;No;No;No;No;Buen Tiempo;Buena;;Sin Restricción;;;M4;Salida de vía vehículo golpeando la barrera. Cuando llego ya se han marchado y en salida a Chamartín facilita los datos policía.El veh reanuda la marcha por sus medios.;2 Barreras ( 8 ML) - 2 CPN;;;;
17/10/2016;12:13;;20161017-0024; T-E-ACC-01;M30;15RR05;INTERIOR;Ramal;Túnel;Otros;;1;;1;;1;1;;;No;Fluida;Mojado;P. Municipal y SAMUR;Si;No;;;;Buen Tiempo;Buena;;Sin Restricción;;;AIAM Calderón;Accidente de un motorista.Caída sin colisión de ningún coche.En el 15RR05 acudimos con Bul C12.En el punto se presenta policía municipal y Samur.El herido es trasladado al Hospital La Paz.;;;Corte carril central 12:15 - 13:00;;
17/10/2016;13:07;;20161017-0026; C-E-ACC-01;M30;07RT40;EXTERIOR;Ramal;Superficie;Vuelco;;1;;;1;1;1;;;No;Densa;Mojado;P.M., SAMUR y Bomberos;Si;No;;;;Buen Tiempo;Buena;;Sin Restricción;;;V1/V2/M1/M3;Vuelco de camión en el ramal 07RT.El herido dado de alta en el lugar.;;;Cierre del ramal 07RT 13:13 - 14:57.;;
17/10/2016;14:57;;20161017-0027; T-E-ACC-01;M30;18XC87;EXTERIOR;Tronco;Túnel;Colisión de vehículos;Por alcance;2;2;;;;2;;;No;Congestionada;Seco y Limpio;P. Municipal y SAMUR;Si;No;No;No;No;Buen Tiempo;Buena;;Sin Restricción;;;AIAM Portugal;Accidente de vehículo.Señalizamos con Bul C-19.Uno de los ocupantes es atendido por Samur.Finalmente lo llevan al Hospital.Los vehículos salen por sus medios.;;;Corte carril derecho 15:09 - 15:50.;;
17/10/2016;15:40;;20161017-0032;C-P-ACC-01;M30;31RA30;INTERIOR;Ramal;Superficie;Colisión de vehículos;;2;1;1;;1;1;;;No;Densa;Seco y Limpio;P. Municipal;No;No;;;;Buen Tiempo;Buena;;Sin Restricción;;;M2;Señalizar vehículos accidentados en el arcén derecho.Herido leve trasladado a Hospital.;;;;;
17/10/2016;18:35;;20161017-0035; C-E-ACC-01;M30;30XC00;EXTERIOR;Tronco;Superficie;Colisión de vehículos;Por alcance;2;1;1;;1;1;;;No;Densa;Seco y Limpio;P. Municipal y SAMUR;Si;No;Si;No;No;Buen Tiempo;Buena;;Sin Restricción;;;V2;Aviso: Accidente en carril derecho con heridos.;;;Corte carril derecho 18:47 - 19:31.;;
17/10/2016;20:30;;20161017-0038;C-P-ACC-01;A2;04AT50;ENTRADA;Tronco;Superficie;Colisión de vehículos;Por alcance;2;2;;;;0;;;No;Densa;Seco y Limpio;P. Municipal;Si;;Si;;;Buen Tiempo;Buena;;Sin Restricción;;;V1;Aviso de accidente, a mi llegada un vehículo del que no pude coger datos, abandona en grua propia. Según me informa policía es colisión de dos vehículos, sin heridos , ni daños, salen por sus medios y grúa.;;;20:43 ->20:45;;
18/10/2016;08:16;;20161018-004; C-E-ACC-01;M30;01NC10;INTERIOR;Tronco;Superficie;Salida de vía;;1;;1;;;1;;;No;Congestionada;Mojado;P. Municipal y SAMUR;No;No;Si;;;Lluvia;Buena;;Sin Restricción;;;V1;Caída de motorista en calzada;;;;;
18/10/2016;15:19;;20161018-026;T-P-ACC-01;M30;14XL99;EXTERIOR;Tronco;Túnel;Colisión de vehículos;Por alcance;2;2;;;;0;;;No;Congestionada;Seco y Limpio;;No;No;;;;Buen Tiempo;Buena;;Sin Restricción;;;AIAM Calderón;Alcance entre vheículos, salen junto con policía antes de la llegada de AIAM;;;;;
18/10/2016;20:29;;20161018-035; C-E-ACC-01;M30;03RE00;EXTERIOR;Ramal;Superficie;Colisión de vehículos;Por alcance;2;2;;;1;1;;;No;Densa;Seco y Limpio;P. Municipal y SAMUR;Si;No;Si;;;;Buena;;Sin Restricción;;;V1;Colisión alcance con heridos, sin daños, margen derecho, carril único, corto en margen derecho hasta que samur atiende al usuario vehículo 1. vehículo 1 sale por sus medios, vehículo 2 carga grúa usuario;;;Corte margen derecho 20:37-21:07;;
19/10/2016;07:52;;20161019-0005;T-P-ACC-01;A5;04FT23;ENTRADA;Tronco;Túnel;Colisión de vehículos;Por alcance;2;2;;;;0;;;No;Congestionada;Seco y Limpio;;Si;No;;;;Lluvia;Buena;;Sin Restricción;;;AIAM Portugal;Alcance entre dos vehículos, cortamos carril derecho.Los vehículos salen por sus medios.;;;Corte carril derecho 07:56 - 08:08;;
19/10/2016;08:01;;20161019-0006; T-E-ACC-01;M30;14NL94;INTERIOR;Tronco;Túnel;Otros;;1;;1;;;1;;;No;Congestionada;Seco y Limpio;P. Municipal;No;No;;;;Lluvia;Buena;;Sin Restricción;;;AIAM Valencia;Accidente de motorista de policía.Solicitan Samur.A nuestra llegada policía municipal nos dice que nos retiremos que está solucionado.;;;;;
19/10/2016;09:27;;20161019-0013; T-E-ACC-01;M30;15XC94;EXTERIOR;Tronco;Túnel;Otros;;1;;1;;1;1;;;No;Fluida;Seco y Limpio;P. Municipal y SAMUR;Si;No;Si;No;No;Lluvia;Buena;;Sin Restricción;;;AIAM Portugal;Accidente de motorista, cortamos carril derecho,policía activa Samur. Samur se lleva al motorista al Hospital 12 de Octubre. Y la moto la carga su grúa particular del seguro.;;;Corte de carril 09:33 - 10:31;;
19/10/2016;09:40;;20161019-0015;C-P-ACC-01;M30;01XL50;EXTERIOR;VS;Superficie;Colisión de vehículos;Por alcance;2;2;;;;0;;;No;Congestionada;Mojado;P. Municipal;Si;No;No;No;No;Lluvia;Buena;;Sin Restricción;;;V2;Accidente (chapa) señalizo.Los conductores tomand datos y se retiran.;;;Corte carril derecho 09:40 - 09:55.;;
19/10/2016;10:25;;20161019-0020;C-P-ACC-01;M30;31RJ30;EXTERIOR;Ramal;Superficie;Salida de vía;Lateral;1;1;;;;0;;;Si;Densa;Mojado;P. Municipal;Si;No;Si;;Si;Lluvia;Buena;;Sin Restricción;;;V2;Accidente de salida de vía.El coche pierde el control dando contra el bordillo del lado izq y parando contra la barandilla del lado derecho dañandóla; 3 m tramo de barandilla - ;;Corte carril derecho 10:35 - 11:20;;
19/10/2016;11:53;;20161019-0025; C-E-ACC-01;M30;12RH70;INTERIOR;Ramal;Superficie;Colisión de vehículos;Por alcance;3;3;;;2;2;;;No;Congestionada;Mojado;P. Municipal y SAMUR;Si;No;Si;No;No;Lluvia;Buena;;Sin Restricción;;;V1;Colisión entre 3 vehículos en carril izq con heridos sin daños.Corto carril hasta que Samur atiende y da de alta a dos usuarios del veh 2 . Los vehículos 1 y 2 salen por sus medios.El veh 3 grúa seguro.;;;Corte carril 11:54 - 13:00;;
19/10/2016;14:58;;20161019-0030;C-P-ACC-01;M30;06NC60;INTERIOR;Tronco;Superficie;Colisión de vehículos;Lateral;3;2;;1;;0;;;Si;Congestionada;Seco y Limpio;P. Municipal;Si;No;Si;No;No;Buen Tiempo;Buena;;Sin Restricción;;;V1/M3;Colisión de 3 vehículos en carril izquierdo  golpeando uno de ellos la barrera causando daños.1 Vehículo lo carga la grúa Ollero y 2 vehículos reanudan la marcha.;1 Barrera - 2 CPN´s - 2 Separadores.;;Corte carril izquierdo 15:09 - 16:00.;;
19/10/2016;16:22;;20161019-0034; C-E-ACC-01;M30;04NL60;INTERIOR;VS;Superficie;Otros;;1;;1;;1;1;;;No;Congestionada;Seco y Limpio;P. Municipal y SAMUR;Si;No;;;;Buen Tiempo;Buena;;Sin Restricción;;;M3/V1;Accidente en carril izquierdo.El herido es trasladado al Hospital La princesa.;;;Corte carril derecho 16:22 - 17:03;;
19/10/2016;16:37;;20161019-0035; C-E-ACC-01;M30;02NL70;INTERIOR;VS;Superficie;Colisión de vehículos;Por alcance;2;2;;;1;1;;;No;Densa;Seco y Limpio;P. Municipal y SAMUR;No;No;Si;No;No;Buen Tiempo;Buena;;Sin Restricción;;;M3/V2; Accidente en arcén derecho. 1 herido leve dado de alta en el lugar.;;;;;
19/10/2016;17:09;;20161019-0036;C-P-ACC-01;M30;02NL70;INTERIOR;VS;Superficie;Colisión de vehículos;Por alcance;2;2;;;;0;;;No;Fluida;Seco y Limpio;P. Municipal;No;No;Si;No;No;Buen Tiempo;Buena;;Sin Restricción;;;M3/V2;Accidente en arcén derecho.;;;;;
19/10/2016;20:35;;20161019-0048;C-P-ACC-01;M30;10XL60;EXTERIOR;Tronco;Superficie;Colisión de vehículos;Por alcance;2;2;;;;0;;;No;Congestionada;Seco y Limpio;;No;No;No;No;No;Buen Tiempo;Buena;;Sin Restricción;;;V1;Colisión de 2 vehículos en carril izquierdo.Los vehículos son trasladados por los usuarios al ramal 09VA para tomar datos.;;;;;
19/10/2016;21:08;;20161019-0050;C-P-ACC-01;M30;09NL00;INTERIOR;Tronco;Superficie;Colisión de vehículos;;;;;;;0;;;No;Densa;Mojado;;;;;;;Lluvia;Buena;;Sin Restricción;;;V1;Aviso de centro de control accidente, al llegar al punto los vehículos no están, policía los ha sacado fuera de zona;;;;;
19/10/2016;21:12;;20161019-0051;C-P-ACC-01;M30;04RL30;EXTERIOR;Ramal;Superficie;Salida de vía;;1;1;;;;0;;;No;Densa;Seco y Limpio;P. Municipal;Si;No;No;No;No;Buen Tiempo;Buena;;Sin Restricción;;;V2;Aviso de accidente sin herido en ramal.;;;Corte carril derecho 21:20 - 21:30;;
19/10/2016;21:37;;20161019-0052;C-P-ACC-01;M30;03NL60;INTERIOR;VS;Superficie;Colisión de vehículos;Por alcance;1;1;;;;0;;;No;Fluida;Mojado;P. Municipal;No;No;No;No;No;Buen Tiempo;Buena;;Sin Restricción;;;V2;Aviso:Accidente margén derecho.Al llegar solo queda un vehículo.;;;;;
19/10/2016;22:45;;20161019-0055;C-P-ACC-01;M30;04RL10;EXTERIOR;Ramal;Superficie;Colisión de vehículos;Por alcance;2;2;;;;0;;;No;Fluida;Mojado;;Si;No;No;No;No;Buen Tiempo;Buena;;Sin Restricción;;;V1;Corto carril izquierdo por accidente,vehículo se retiran por sus medios.;;;Corte carril 22:45 - 23:24.;;
20/10/2016;00:24;;20161020-0001; C-E-ACC-01;M30;10NL80;INTERIOR;Tronco;Superficie;Colisión de vehículos;Por alcance;2;1;1;;1;1;;;No;Fluida;Mojado;P. Municipal y SAMUR;Si;No;;;;Lluvia;Buena;;Sin Restricción;;;V-1;Colisión por alcance motocicleta y vehiculo, con heridos, herido leve. Corot carril izquierdo. Herido trasladado con fractura.;;;;;
20/10/2016;06:40;;20161020-0006;T-P-ACC-01;M30;14NC54;INTERIOR;Tronco;Túnel;Salida de vía;;1;1;;;;0;;;No;Fluida;Seco y Limpio;;No;No;No;No;No;;Buena;;Sin Restricción;;;AIAM Valencia;Accidente de un motorista en el 14NC54, a nuestra llegada, arranca la moto y sale por sus medios.;;;;;
20/10/2016;09:46;;20161020-0015;C-P-ACC-01;M30;32RJ40;EXTERIOR;Ramal;Superficie;Salida de vía;Lateral;1;1;;;;0;;;Si;Congestionada;Mojado;P. Municipal;;;Si;No;No;Lluvia;Buena;;Sin Restricción;;;V-2;Salida de via vehiculo colisiona con muro hormigón dañando 12 ml aprox. Sin heridos. Vehiculo retirado por grúa usuari;;;;;
20/10/2016;09:48;;20161020-0016;C-P-ACC-01;M30;22XC00;EXTERIOR;Tronco;Superficie;Colisión de vehículos;Por alcance;2;2;;;;0;;;No;Fluida;Mojado;P. Municipal;No;No;Si;No;No;Lluvia;;;Sin Restricción;;;V-2;2 COCHES EN ARCEN CON Policía tomando datos despues de tener accidente. Señalizo.;;;;;
20/10/2016;11:20;;20161020-0030; C-E-ACC-01;M30;23NC00;INTERIOR;Tronco;Superficie;Salida de vía;Lateral;1;1;;;;1;;;No;Densa;Mojado;P.M., SAMUR y Bomberos;Si;Si;No;No;No;Buen Tiempo;Buena;;Sin Restricción;;;V-2;Salida de via en carril izquierdo, dandose contra el muro.;;5 litros desengrasante, 2 bolsas.;;;
20/10/2016;11:40;;20161020-0031; C-E-ACC-01;M30;08XC80;EXTERIOR;Tronco;Superficie;Colisión de vehículos;Por alcance;3;3;;;;0;;;No;Densa;Mojado;P. Municipal y SAMUR;No;No;No;No;No;Lluvia;Buena;;Sin Restricción;;;V-1;Colisión de 3 vehiculos en carril derecho. Samur presente en el punto, no atiende a ningun usuario. Vehiculo reanudan la marcha.;;;;;