Fecha;Hora;Día;Nº Incidencia;sitrem;Carretera;MC30;Calzada;Localización;Enlace;Tipo de accidente;Tipo de colisión;Nº Vehículos implicados;Nº Turismos;Nº Motocicletas;Nº vehículos pesados;H.L.;hl;hg;vm;Daños al mobiliario urbano;Circulación;Estado del Firme;Presencia Recursos Externos;Corte Carril;Vertido;Grúa usuario;Grúa Propia EMESA;Grúa Movilidad;Factores Atmosféricos;Visibilidad señalización;Señalización de Peligro;Visibilidad restringida por;Aceras;Árboles;Vehículos denominación;Descripción del accidente;Daños causados al viario;Materiales utilizados;Observaciones;;
20/10/2016;13:37;;20161020-0036; C-E-ACC-01;M30;10RH10;EXTERIOR;Ramal;Superficie;Colisión de vehículos;Por alcance;2;2;;;1;1;;;No;Fluida;Seco y Limpio;P. Municipal y SAMUR;Si;No;Si;No;No;Buen Tiempo;Buena;;Sin Restricción;;;V-1;Colisión de 2 veiculos en ramal 10RH. Samur atiende a da alta en punto, 1 vehiculo por su medios, vehiculo 2 grua propia.;;;;;
20/10/2016;14:53;;20161020-0039; C-E-ACC-01;M30;01XL30;EXTERIOR;VS;Superficie;Vuelco;;2;2;;;1;1;;;No;Congestionada;Seco y Limpio;P.M., SAMUR y Bomberos;Si;No;No;No;Si;Buen Tiempo;Buena;;Sin Restricción;;;V-1/V-2/M-3;Colisión de vehiuclo con resultado de vuelco del vehiculo 2, cortamos v/s en 01XL50 y carril izquierdo 00RR, hasta que activa Bomberos. Samur atiende a usuario vehiculo 2, dando alta en el punto, vehiculo 1 grua Movilildad, vehiculo 2 gruas Ollero.;;;;;
20/10/2016;17:59;;20161020-0043;C-P-ACC-01;M30;03NL60;INTERIOR;VS;Superficie;Colisión de vehículos;Por alcance;2;1;;1;;0;;;No;Congestionada;Mojado;;Si;No;No;No;No;Lluvia;Buena;;Sin Restricción;;;V-1;Pequeña colisión alcance carril derecho, sin heridos, ni daños, corto carril derecho, hasta que realizan parte amistoso. Abandonan por sus medios ambos.;;;;;
20/10/2016;20:51;;20161020-0056;C-P-ACC-01;M30;09NL50;INTERIOR;Tronco;Superficie;Colisión de vehículos;Por alcance;2;2;;;;0;;;No;Congestionada;Mojado;P. Municipal;No;No;No;No;No;Lluvia;Buena;;Sin Restricción;;;V-1;Colisión alcance 2 vehiculos carril izquierdo, sin heridos, ni daños, escoltamos a vehiculos a Méndez Álvaro quedandose a espera de grúa y haciendo parte amistoso.;;;;;
20/10/2016;21:11;;20161020-0058; C-E-ACC-01;M30;23NC00;INTERIOR;Tronco;Superficie;Vuelco;;1;1;;;1;1;;;Si;Fluida;Mojado;P.M., SAMUR y Bomberos;Si;No;;;;Buen Tiempo;Buena;;Sin Restricción;;;V-2;Vuelco margen derecho con daños y heridos, corte carril derecho. Herido trasladado.;1 barrera, 1 cla de pez, panel direccional, 1 hito, 1 bañera.;;;;
20/10/2016;22:05;;20161020-0060;C-E-ACC-01;M30;20RA20;INTERIOR;Ramal;Superficie;Salida de vía;;1;1;;;1;1;;;No;Fluida;Mojado;P. Municipal y SAMUR;Si;No;No;No;Si;Lluvia;Buena;;Sin Restricción;;;V-1;Corte total de ramal por salida de via, pasamos vehiculo al arcen derecho. Herido leve trasladado;;;;;
21/10/2016;09:43;;20161021-0007;C-P-ACC-01;M30;08NL00;INTERIOR;VS;Superficie;Colisión de vehículos;Lateral;2;2;;;;0;;;No;Densa;Seco y Limpio;P. Municipal;No;No;No;No;No;Buen Tiempo;Buena;;Sin Restricción;;;V-1;Colisión de 2 vehiculos. Usuarios toman datos en arcen derecho.;;;;;
21/10/2016;15:13;;20161021-0012;;M30;13XL37;EXTERIOR;Tronco;Túnel;Colisión de vehículos;Lateral;2;2;;;;0;;;No;Congestionada;Seco y Limpio;P. Municipal;No;No;No;No;No;Buen Tiempo;Buena;;Sin Restricción;;;AIAM Calderón;Colisión de 2 vehiculos por alcance, salen por ss medios cuando llegamos.;;;;;
21/10/2016;15:15;;20161021-0013; C-E-ACC-01;M30;12NL20;INTERIOR;Tronco;Superficie;Colisión de vehículos;Por alcance;3;2;1;;;1;;;No;Densa;Seco y Limpio;P. Municipal y SAMUR;Si;No;Si;No;No;Buen Tiempo;Buena;;Sin Restricción;;;V-2;Accidente en carril central. Herido trasladado al Gómez Ulla con pronostico reservado. Retiramos vehiculo 3 al 12RA a espera de Grúa.;;;;;
21/10/2016;15:43;;20161021-0014; C-E-ACC-01;M30;02RE40;INTERIOR;Ramal;Superficie;Colisión de vehículos;Por alcance;2;1;1;;;1;;;No;Fluida;Seco y Limpio;P. Municipal y SAMUR;Si;No;Si;No;No;;Buena;;Sin Restricción;;;V-1;Colisión alcance moto contra vehiculo carril izquierdo ramal, corto carril izquierdo hasta que Samur atiende y traslada a usuario moto al 12 de Octubre (sin pronosticar);;;;;
21/10/2016;17:19;;20161021-0018; C-E-ACC-01;A2;04AT70;ENTRADA;Tronco;Superficie;Colisión de vehículos;Por alcance;2;2;;;3;3;;;No;Congestionada;Seco y Limpio;P.M., SAMUR y Bomberos;Si;No;Si;No;Si;;Buena;;Sin Restricción;;;V-1;Colisión de 2 vehiculos, con heridos y sin daños en 2 carriles derechos, corto 2 carriles Samur atiende a 3 perosnas y traslada a 1 de cada vehiculo. Bomberos encuentran y señalzian hasta nuestra llegada.;;;;;
21/10/2016;20:57;;20161021-0023;T-P-ACC-01;M30;14XL99;EXTERIOR;Tronco;Túnel;Colisión de vehículos;Por alcance;2;2;;;;0;;;No;Fluida;Seco y Limpio;;Si;No;No;Si;No;;Buena;;Sin Restricción;;;AIAM Calderón;Pequeño alcance. Los usuarios cambian datos y salen por sus medios.;;;;;
21/10/2016;22:07;;20161021-0029;C-P-ACC-01;M30;08NL90;INTERIOR;VS;Superficie;Colisión de vehículos;Por alcance;3;3;;;;0;;;No;Densa;Seco y Limpio;P. Municipal;Si;No;Si;No;No;Buen Tiempo;Buena;;Sin Restricción;;;V-1/V-2;Aviso: accidente en carril izquierdo.;;;;;
22/10/2016;10:40;;20161022-0006;C-P-ACC-01;A2;04AT50;ENTRADA;Tronco;Superficie;Colisión de vehículos;Por alcance;2;2;;;;0;;;No;Densa;Mojado;P. Municipal;Si;No;Si;No;No;Lluvia;Buena;;Sin Restricción;;;V-1/V-2;Accidente en carril derecho.;;;;;
22/10/2016;13:40;;20161022-0011;C-E-ACC-01;M30;32RA30;INTERIOR;Ramal;Superficie;Vuelco;;1;1;;;2;2;;;Si;Densa;Mojado;P.M., SAMUR y Bomberos;Si;No;No;No;No;Lluvia;Buena;;Sin Restricción;;;V-3;Vuelco en 32RA corte total de ramal. 2 heridos leves dados de alta en punto. Vehiculo retirado por grúa externa m-30;3 metros muro;;;;
22/10/2016;13:40;;20161022-0012; C-E-ACC-01;M30;23NC00;INTERIOR;Tronco;Superficie;Salida de vía;Contra mediana;1;1;;;1;1;;;No;Densa;Mojado;P.M., SAMUR y Bomberos;Si;No;Si;No;No;Lluvia;Buena;;Sin Restricción;;;V-1;Salida de via en margen derecho. Herido dado de alta en el punto.;;;;;
22/10/2016;14:30;;20161022-0013;C-P-ACC-01;M30;21NC40;INTERIOR;Tronco;Superficie;Salida de vía;Lateral;1;1;;;;0;;;Si;Fluida;Mojado;P. Municipal;Si;No;No;No;No;Lluvia;Buena;;Sin Restricción;;;V-2;Sale de via contra barrera. 30 m barrera, 30 m malla.;;;;;
22/10/2016;16:20;;20161022-0019;C-P-ACC-01;M30;06NC20;INTERIOR;Tronco;Superficie;Salida de vía;Contra mediana;1;1;;;;0;;;No;Densa;Mojado;P. Municipal;Si;No;No;Si;No;Lluvia;Buena;;Sin Restricción;;;V-2;Pierde el control y choca contra la mediana quedando inmovil en carril derecho. Retirado por grúa M-30.;;;Corte de carril de 16:25 hasta las 16:45.;;
22/10/2016;17:05;;20161022-0024;C-P-ACC-01;M30;21NC40;INTERIOR;Tronco;Superficie;Salida de vía;Por alcance;2;2;;;;1;;;Si;Fluida;Mojado;P. Municipal;Si;No;Si;Si;No;Buen Tiempo;Buena;;Sin Restricción;;;V-2;Alcance entre vehículos. Sale de la vía 1º vehículo e impacta contra barrera. 2º Vehículo reitrado por grúa externa M-30.;12 m de barrera;;Corte de carril de 17:17 hasta las 18:09.;;
22/10/2016;19:49;;20161022-0026;T-P-ACC-01;M30;14RT19;INTERIOR;Ramal;Túnel;Salida de vía;;1;1;;;;0;;;No;Fluida;Mojado;P. Municipal;Si;Si;No;Si;No;Lluvia;Buena;;Sin Restricción;;;AIAM Valencia;Vehículo que ha derrapado. Existe algo de aceite en calzada debido a la escorrentía de aguas causada por el tráfico. Sacamos el vehículo.;;;Corte de carril de 19:59 hasta las 20:11.;;
22/10/2016;20:21;;20161022-0028;T-P-ACC-01;M30;18RM27;EXTERIOR;Ramal;Túnel;Colisión de vehículos;Frontal;2;2;;;;0;;;No;Fluida;Mojado;P. Municipal;Si;No;No;Si;No;Lluvia;Buena;;Sin Restricción;;;AIAM Portugal;Accidente fronto-lateral angular en carril derecho, cortamos dicho carril. Cargamos 1 vehículo y el otro sale por sus medios. Recogemos cristales de calzada.;;;Corte de carril de 20:30 hasta las 20:50.;;
22/10/2016;21:41;;20161022-0032;C-P-ACC-01;M30;22NC80;INTERIOR;Tronco;Superficie;Salida de vía;;1;1;;;1;1;;;No;Fluida;Mojado;P. Municipal y SAMUR;Si;No;Si;No;No;Lluvia;Buena;;Sin Restricción;;;V-2;Accidente, salida de vía. Sin daños a patrimonio y un herido leve trasladado al Hospital Ibermutua. El vehículo lo retira grúa del seguro.;;;Corte de carril de 21:50 hasta las 22:50.;;
22/10/2016;22:50;;20161022-0034;C-P-ACC-01;M30;32RJ30;EXTERIOR;Ramal;Superficie;Salida de vía;Lateral;2;2;;;;0;;;Si;Fluida;Mojado;P. Municipal;Si;No;Si;No;No;Lluvia;Buena;;Sin Restricción;;;V-2;Accidente salida de vía, sin heridos y con daños a patrimonio.;15 m de muro de hormigón desplazado y partidos.;;Corte de carril de 23:00 hasta las 01:52.;;
23/10/2016;06:30;;20161023-0003;C-P-ACC-01;M30;31NC40;INTERIOR;Tronco;Superficie;Salida de vía;Contra mediana;1;1;;;;0;;;Si;Fluida;Mojado;P. Municipal;Si;No;No;No;No;Lluvia;Buena;;Sin Restricción;;;V-1;Accidente en margen derecho. Se retira por sus propios medios.;5 barreras y 5 cpn;;Corte de carril de 06:30 hasta las 07:00.;;
23/10/2016;06:36;;20161023-0004;T-P-ACC-01;A5;03FL02;SALIDA;Tronco;Túnel;Salida de vía;;1;1;;;;0;;;Si;Fluida;Seco y Limpio;P. Municipal;Si;No;No;Si;No;Otros;Buena;;Sin Restricción;;;AIAM Portugal;Vehículo que se sale de vía e impactan con señal vertical informativa de vigilancia de cámaras y contra el muro por la parte trasera del vehículo y parándose en isleta. Cortamos carril derecho. Los ocupantes abandonan el punto y cargamos vehículo.;Señal vertical informativa de cámara de TV.;;Corte de carril de 06:42 hasta las 07:18.;;
23/10/2016;07:00;;20161023-0005;;M30;32RA30;INTERIOR;Ramal;Superficie;Salida de vía;Contra mediana;1;1;;;;0;;;No;Fluida;Mojado;P. Municipal;Si;No;Si;No;No;Lluvia;Buena;;Sin Restricción;;;V-1;Accidente en margen izquierdo. Corte total del ramal por orden de policía por seguridad.;;;Corte del ramal desde las 07:03 hasta las 08:10.;;
23/10/2016;08:34;;20161023-0006;C-P-ACC-01;M30;32RA50;INTERIOR;Ramal;Superficie;Salida de vía;Contra mediana;1;1;;;;0;;;Si;Fluida;Mojado;P. Municipal;Si;No;No;No;No;Lluvia;Buena;;Sin Restricción;;;V-2/V-1;Accidente en margen derecho.  ;3 barreras, 3 separadores y 3 cpn;;Corte de carril de 08:45 hasta las 09:35.;;
23/10/2016;10:07;;20161023-0007;T-P-ACC-01;M30;15RE00;INTERIOR;Ramal;Túnel;Salida de vía;;1;1;;;;0;;;Si;Fluida;Seco y Limpio;P. Municipal;Si;No;No;Si;No;;Buena;;Sin Restricción;;;AIAM Valencia;Accidente de un vehículo en 15RE. Lo retiramos con C-10.;New-Jersey, absorbedor, guardarrail y varios hitos.;;Señalización desde las 10:13 hasta las 10:33.;;
23/10/2016;11:52;;20161023-0009; C-E-ACC-01;M30;12RH50;INTERIOR;Ramal;Superficie;Colisión de vehículos;Por alcance;2;1;;1;1;1;;;No;Fluida;Mojado;P. Municipal y SAMUR;Si;No;Si;No;No;Lluvia;Buena;;Sin Restricción;;;V-1;Accidente en carril derecho. Herido dado de alta en el punto leve.;;;Corte de carril de 12:05 hasta las 12:45.;;
23/10/2016;12:15;;20161023-0010; C-E-ACC-01;M30;22RC20;INTERIOR;Ramal;Superficie;Vuelco;;1;1;;;1;0;;;Si;Densa;Mojado;P.M., SAMUR y Bomberos;Si;Si;No;No;No;Lluvia;Buena;;Sin Restricción;;;V-2;Salida de vía, salta el muro y acaba volcado fuera de la vía. Se corta salida Sinesio Delgado. 1 Herido leve dado de alta en el lugar.;3 paneles direccionales postes y 4 hitos;Desengrasante;Cortada salida Sinesio Delgado de 12:30 hasta las 13:40.;;
23/10/2016;12:50;;20161023-0011;C-P-ACC-01;M30;32RJ30;EXTERIOR;Ramal;Superficie;Salida de vía;Contra mediana;1;1;;;;1;;;No;Densa;Mojado;P. Municipal;No;No;Si;No;No;Lluvia;Buena;;Sin Restricción;;;V-2;Accidente en margen derecho;;;;;
23/10/2016;13:15;;20161023-0012; C-E-ACC-01;M30;11XL20;EXTERIOR;Tronco;Superficie;Colisión de vehículos;Por alcance;4;4;;;3;3;;;No;Densa;Mojado;P. Municipal y SAMUR;Si;No;Si;No;No;Lluvia;Buena;;Sin Restricción;;;V-1;Accidente en carril derecho. Tres heridos leves, dos trasladado y uno dado de alta en el punto.;;;Corte de carril de 13:28 hasta las 14:35.;;
23/10/2016;14:55;;20161023-0013; C-E-ACC-01;M30;32RJ30;EXTERIOR;Ramal;Superficie;Salida de vía;Contra mediana;1;1;;;;0;;;Si;Fluida;Mojado;P.M., SAMUR y Bomberos;Si;No;Si;No;No;Lluvia;Buena;;Sin Restricción;;;V-1/V-2/C2;Salida de vía golpeando muro. Es necesario activar reten para colocarlos.;8 m de muro;;Señalización desde las 15:10 hasta las 17:25.;;
23/10/2016;16:25;;20161023-0015; C-E-ACC-01;M30;32RJ20;EXTERIOR;Ramal;Superficie;Salida de vía;Frontal;1;1;;;1;1;;;No;Fluida;Mojado;P. Municipal y SAMUR;Si;No;Si;No;No;Lluvia;Buena;;Sin Restricción;;;V-1;Salida de vía en margen izquierdo. Herido trasladado leve.;;;Corte de carril de 16:45 hasta las 17:35.;;
23/10/2016;17:50;;20161023-0017;C-P-ACC-01;M30;12RH70;INTERIOR;Ramal;Superficie;Salida de vía;Contra mediana;1;1;;;;0;;;Si;Densa;Mojado;P. Municipal;Si;No;Si;No;No;Lluvia;Buena;;Sin Restricción;;;V-2;Salida de vía contra barrera.;3 barreras y 3 cpn;;Corte de carril de 18:05 hasta las 18:25.;;
23/10/2016;18:14;;20161023-0018; C-E-ACC-01;M30;32RJ20;EXTERIOR;Ramal;Superficie;Salida de vía;;1;1;;;1;1;;;No;Fluida;Mojado;P. Municipal y SAMUR;Si;No;Si;No;No;Lluvia;Buena;;Sin Restricción;;;V-1;Salida de vía en margen izquierdo. Corto carril izquierdo. Herido trasladado leve.;;;Corte de carril de 18:28 hasta las 19:44.;;
23/10/2016;19:00;;20161023-0019; C-E-ACC-01;M30;32RA20;INTERIOR;Ramal;Superficie;Salida de vía;Lateral;1;1;;;1;1;;;No;Densa;Mojado;P. Municipal y SAMUR;Si;Si;Si;No;No;Lluvia;Buena;;Sin Restricción;;;V-2;Accidente, salida de vía, sin daños con herido leve trasladado al Hospital 12 de Octubre. Lo retira grúa del seguro.;;Desengrasante;Corte de carril de 19:20 hasta las 19:50.;;
23/10/2016;21:00;;20161023-0020;C-P-ACC-01;M30;32RA50;INTERIOR;Ramal;Superficie;Salida de vía;;1;1;;;;0;;;No;Densa;Mojado;P. Municipal;Si;No;Si;No;No;Lluvia;Buena;;Sin Restricción;;;V-1;Corto carril derecho por salida de vía.;;;Corte de carril de 21:08 hasta las 21:48.;;
23/10/2016;20:50;;20161023-0021;C-P-ACC-01;M30;12NL30;INTERIOR;Tronco;Superficie;Colisión de vehículos;Por alcance;3;3;;;;2;;;No;Densa;Mojado;;Si;No;No;No;No;Lluvia;Buena;;Sin Restricción;;;V-2;Accidente por alcance sin daños a patrimonio ni heridos. Se retiran por sus medios.;;;Corte de carril de 20:50 hasta las 21:00.;;
23/10/2016;21:00;;20161023-0022;C-P-ACC-01;M30;12NL20;INTERIOR;Tronco;Superficie;Colisión de vehículos;Por alcance;2;2;;;1;1;;;No;Densa;Mojado;P. Municipal y SAMUR;Si;No;No;No;No;Lluvia;Buena;;Sin Restricción;;;V-2;Accidente por alcance en carriles derechos sin daños a patrimonio y con herido leve trasladado al hospital.;;;Corte de carril de 21:00 hasta las 21:20.;;
23/10/2016;21:20;;20161023-0023;C-P-ACC-01;M30;13NL00;INTERIOR;Tronco;Superficie;Salida de vía;;1;1;;;;0;;;No;Fluida;Mojado;P. Municipal;Si;No;Si;No;No;Lluvia;Buena;;Sin Restricción;;;V-2;Accidente, salida de vía sin daños a patrimonio sin heridos. Lo retira grúa del seguro.;;;Corte de carril de 21:20 hasta las 21:23.;;
23/10/2016;21:28;;20161023-0025;C-P-ACC-01;M30;12NL20;INTERIOR;Tronco;Superficie;Colisión de vehículos;Por alcance;;;;;;0;;;No;Densa;Mojado;P. Municipal;;;;;;Lluvia;Buena;;Sin Restricción;;;V-2;Aviso del CCT de accidente, policía lo retira;;;;;
23/10/2016;21:49;;20161023-0027; C-E-ACC-01;M30;20RC10;INTERIOR;Ramal;Superficie;Salida de vía;;1;1;;;1;2;;;No;Fluida;Mojado;P. Municipal y SAMUR;Si;No;Si;No;No;Lluvia;Buena;;Sin Restricción;;;V-1;Salida de vía en lado izquierdo. Corto lado izquierdo del ramal. Herido leve trasladado (prueba de alcoholemia).;;;Corte de carril de 22:08 hasta las 23:21.;;
23/10/2016;22:45;;20161023-0030;C-P-ACC-01;M30;20RT00;INTERIOR;Ramal;Superficie;Salida de vía;Lateral;1;1;;;;1;;;Si;Fluida;Mojado;P. Municipal;No;No;Si;No;No;Lluvia;Buena;;Sin Restricción;;;V-2;Accidente, salida de vía con daños al patrimonio, sin heridos. No tiro fotos de matricula, policía retira el vehículo.;3 barreras, 2 cpn, 5 hitos h-75, 1 bañera N-120, 3 postes de malla y 6 metros de malla.;;Señalización desde las 22:50 hasta las 23:00.;;
23/10/2016;23:10;;20161023-0032;C-P-ACC-01;M30;07RH40;INTERIOR;Ramal;Superficie;Colisión de vehículos;Lateral;2;2;;;;2;;;No;Fluida;Mojado;P. Municipal;Si;No;No;No;No;Lluvia;Buena;;Sin Restricción;;;V-2;Accidente lateral sin daños ni heridos en lado derecho. Los vehículos se retiran por sus medios.;;;Corte de carril de 23:24 hasta las 00:00.;;
23/10/2016;23:39;;20161023-0033;C-P-ACC-01;M30;31RE20;INTERIOR;Ramal;Superficie;Colisión de vehículos;Lateral;2;2;;;;0;;;No;Fluida;Mojado;;Si;No;No;No;No;Lluvia;Buena;;Sin Restricción;;;V-1;Corto carril derecho por accidente, los vehículo se retiran por sus medios.;;;Corte de carril de 23:39 hasta las 23:53.;;
24/10/2016;01:00;;20161024-0003;C-P-ACC-01;M30;31RE20;INTERIOR;Ramal;Superficie;Salida de vía;Lateral;1;1;;;;0;;;Si;Fluida;Mojado;P. Municipal;Si;No;Si;No;No;Lluvia;Buena;;Sin Restricción;;;V-2;Accidente salida de vía, sin heridos y con daños a patrimonio. Lo retira grúa del seguro.;5 barreras y 6 cpn;;Corte de carril de 01:15 hasta las 02:00.;;
24/10/2016;02:52;;20161024-0009;T-P-ACC-01;M30;15XL38;EXTERIOR;Tronco;Túnel;Salida de vía;;1;1;;;;0;;;No;Fluida;Mojado;P. Municipal;Si;No;No;Si;No;Lluvia;Buena;;Sin Restricción;;;AIAM Méndez Alvaro/AIAM Calderón;Vehículo con rueda reventada por bordillazo, salida de vía. Reconocemos ramal de entrada y no se encuentran daños. Sacamos con platadorma C-10.;;;Corte de carril de 02:52 hasta las 03:30.;;
24/10/2016;04:50;;20161024-0011;C-P-ACC-01;M30;31RE20;INTERIOR;Ramal;Superficie;Salida de vía;;1;1;;;;0;;;Si;Fluida;Mojado;P. Municipal;Si;No;No;No;No;Lluvia;Buena;;Sin Restricción;;;V-1;Salida de vía en lado derecho con daños al patrimonio. Corte de carril derecho.;5 barreras y 4 cpn;;Corte de carril de 04:52 hasta las 05:44.;;
24/10/2016;05:30;;20161024-0013;C-P-ACC-01;M30;12RH50;INTERIOR;Ramal;Superficie;Salida de vía;Lateral;1;1;;;;0;;;Si;Fluida;Seco y Limpio;P. Municipal;Si;Si;No;No;No;Lluvia;Buena;;Sin Restricción;;;V-2;Accidente, salida de vía con daños al patrimonio, sin heridos. Grúas Lopez Ollero lo retira fuera de zona.;6 barreras, 6 separadores, 6 cpn, 8 bordillos altos y 12 bordillos planos.;Desengrasante;Corte de carril de 05:30 hasta las 06:22.;;
24/10/2016;06:45;;20161024-0015;C-P-ACC-01;M30;31NC40;INTERIOR;Tronco;Superficie;Salida de vía;Contra mediana;1;1;;;;1;;;No;Densa;Mojado;P. Municipal;Si;No;Si;No;No;Lluvia;Buena;;Sin Restricción;;;V-1;Accidente en carril izquierdo. ;;;Corte de carril de 06:45 hasta las 07:10.;;
24/10/2016;07:10;;20161024-0016; C-E-ACC-01;M30;32RA50;INTERIOR;Ramal;Superficie;Salida de vía;Contra mediana;1;1;;;1;1;;;No;Densa;Mojado;P. Municipal y SAMUR;Si;No;No;No;Si;Lluvia;Buena;;Sin Restricción;;;V-1;Accidente en carril izquierdo. Herido leve trasladado.;;;Corte de carril de 07:10 hasta las 08:30.;;
24/10/2016;07:40;;20161024-0018; C-E-ACC-01;A4;04UT80;ENTRADA;Tronco;Superficie;Colisión de vehículos;Por alcance;5;5;;;1;2;;;No;Densa;Mojado;P. Municipal y SAMUR;Si;No;Si;No;No;Buen Tiempo;Buena;;Sin Restricción;;;V-2;Alcance entre vehículos en carril derecho. A mi llegada un vehículo ya ha sido retirado y un herido trasladado por SAMUR.;;;Corte de carril de 07:55 hasta las 08:30.;;
24/10/2016;08:40;;20161024-0020;C-P-ACC-01;M30;24XC50;EXTERIOR;Tronco;Superficie;Colisión de vehículos;Por alcance;3;3;;;;1;;;No;Congestionada;Mojado;P. Municipal;Si;No;No;No;No;Lluvia;Buena;;Sin Restricción;;;M-4/F-60;Accidente por alcance, 3 vehículos implicados sin heridos. Limpiamos carril derecho central con ayuda de F-60.;;;Corte de carril de 08:45 hasta las 09:50.;;
24/10/2016;08:50;;20161024-0024; C-E-ACC-01;M30;29XC50;EXTERIOR;Tronco;Superficie;Colisión de vehículos;Por alcance;2;2;;;1;1;;;No;Congestionada;Seco y Limpio;P. Municipal y SAMUR;Si;Si;Si;No;No;Buen Tiempo;Buena;;Sin Restricción;;;V-1;Accidente en carril izquierdo. Herido leve dado de alta en el punto.;;Sepiolita gruesa;Corte de carril de 08:50 hasta las 08:58.;;
24/10/2016;09:00;;20161024-0026;C-P-ACC-01;M30;20NC50;INTERIOR;Tronco;Superficie;Colisión de vehículos;Por alcance;2;2;;;;0;;;No;Congestionada;Mojado;;Si;No;No;No;No;Buen Tiempo;Buena;;Sin Restricción;;;V-2;Alcance entre vehículos en carril derecho. Se retiran por sus medios.;;;Corte de carril de 09:00 hasta las 09:20.;;
24/10/2016;09:58;;20161024-0029;C-P-ACC-01;M30;09XL00;EXTERIOR;VS;Superficie;Otros;;1;;1;;;0;;;No;Congestionada;Seco y Limpio;P. Municipal;Si;No;No;No;No;Buen Tiempo;Buena;;Sin Restricción;;;V-1;Caida de motorista en carril izquierdo.;;;Corte de carril de 10:04 hasta las 10:20.;;
24/10/2016;14:05;;20161024-0035; C-E-ACC-01;M30;20XC00;EXTERIOR;Tronco;Superficie;Salida de vía;Lateral;1;1;;;;2;;;Si;Congestionada;Mojado;P. Municipal, SAMUR y 112;Si;Si;Si;No;No;Lluvia;Buena;;Sin Restricción;;;V-2;Salida de vía contra la barrera, rebota contra mediana. 2 Heridos trasladados sin pronóstico.;5 barreras y 4 cpn;Sepiolita gruesa;Corte de carril de 14:15 hasta las 15:00.;;
24/10/2016;19:10;;20161024-0048;C-P-ACC-01;M30;07XL00;EXTERIOR;VS;Superficie;Colisión de vehículos;Lateral;2;1;;1;;0;;;No;Fluida;Seco y Limpio;P. Municipal;No;No;No;No;No;Buen Tiempo;Buena;;Sin Restricción;;;M-3;Accidente en arcén derecho.;;;;;
25/10/2016;03:07;;20161025-0004; C-E-ACC-01;M30;06RE30;INTERIOR;Ramal;Superficie;Salida de vía;;1;;1;;;1;;;No;Fluida;Seco y Limpio;P. Municipal y SAMUR;Si;No;No;No;Si;Buen Tiempo;Buena;;Sin Restricción;;;V-1/V-2;Vehículo se sale de la vía colisionando contra el muro izquierdo y cayendo en carril derecho. Herido trasladado por SAMUR con pronóstico reservado.;;;Corte de carril de 03:17 hasta las 03:51.;;
25/10/2016;07:38;;20161025-0006; C-E-ACC-01;A4;04UL80;SALIDA;Tronco;Superficie;Colisión de vehículos;Por alcance;4;4;;;;1;;;No;Congestionada;Seco y Limpio;P. Municipal y SAMUR;Si;No;Si;No;No;Buen Tiempo;Buena;;Sin Restricción;;;V-1;Accidente en carril izquierdo. Herido trasladado sin pronóstico.;;;Corte de carril de 07:54 hasta las 09:05.;;
25/10/2016;09:57;;20161025-0017; C-E-ACC-01;A3;09TC60;ENTRADA;Tronco;Superficie;Colisión de vehículos;Por alcance;5;5;;;;0;;;No;Densa;Seco y Limpio;P. Municipal y SAMUR;Si;Si;Si;No;No;Buen Tiempo;Buena;;Sin Restricción;;;V-1;Accidente en carriles derechos.;;Sepiolita gruesa;Corte de carril de 10:13 hasta las 12:00.;;
25/10/2016;10:00;;20161025-0018; C-E-ACC-01;M30;23NC00;INTERIOR;Tronco;Superficie;Salida de vía;Lateral;1;;1;;;0;1;;Si;Densa;Mojado;P. Municipal y SAMUR;Si;Si;No;No;Si;Buen Tiempo;Buena;;Sin Restricción;;;V-2;Caida de motorista contra barrera en lado derecho. Es atendido por SAMUR detrás de la barrera y trasladado al Hospital. Moto retirada por Movilidad.;1 cpn y 1 cilindro protector;Sepiolita gruesa;Corte de carril de 10:00 hasta las 11:25.;;
25/10/2016;11:40;;20161025-0020;;M30;16XC19;EXTERIOR;Tronco;Túnel;Otros;;1;;;1;;0;;;Si;Densa;Seco y Limpio;P. Municipal;Si;No;No;No;No;Buen Tiempo;Buena;;Sin Restricción;;;AIAM Calderón/T01/F-23;Vehículo con exceso de gálibo, que arranca cable radiante. Solicitamos cesta y saneamos. En esta misma incidencia se detiene un vehículo en 15XC94 que dice haber sido dañado con este desprendimiento. Se le cogen datos y se retira por sus medios. ;30 mts cable radial;;Corte de carril izquierdo e izquierdo central de 11:44 hasta las 12:34.;;
25/10/2016;19:06;;20161025-0036; C-E-ACC-01;A4;04UL70;SALIDA;Tronco;Superficie;Otros;;1;;1;;1;1;;;No;Densa;Mojado;P. Municipal y SAMUR;No;No;Si;No;No;Lluvia;Buena;;Sin Restricción;;;M-3;Accidente en arcén derecho. 1 Herido leve dado de alta en el lugar.;;;;;
25/10/2016;21:43;;20161025-0041; C-E-ACC-01;M30;30XC20;EXTERIOR;Tronco;Superficie;Colisión de vehículos;Por alcance;2;2;;;1;1;;;No;;;P. Municipal y SAMUR;Si;No;No;No;No;;Buena;;Sin Restricción;;;V-2;Colisión por alcance con heridos en carril derecho. A mi llegada se retira el vehículo nº 2. Herido dado de alta por SAMUR.;;;Corte de carril de 21:43 hasta las 22:14.;;
26/10/2016;06:45;;20161026-0002; C-E-ACC-01;M30;10XL50;EXTERIOR;Tronco;Superficie;Colisión de vehículos;Por alcance;2;1;1;;1;1;;;No;Congestionada;Seco y Limpio;P. Municipal y SAMUR;Si;No;;;;Buen Tiempo;Buena;;Sin Restricción;;;V2;Caída de motorista al frenarl los coches.Señalizo con policía.;;;Corte carril derecho 06:50 - 07:10;;