Fecha;Hora;Día;Nº Incidencia;sitrem;Carretera;MC30;Calzada;Localización;Enlace;Tipo de accidente;Tipo de colisión;Nº Vehículos implicados;Nº Turismos;Nº Motocicletas;Nº vehículos pesados;H.L.;hl;hg;vm;Daños al mobiliario urbano;Circulación;Estado del Firme;Presencia Recursos Externos;Corte Carril;Vertido;Grúa usuario;Grúa Propia EMESA;Grúa Movilidad;Factores Atmosféricos;Visibilidad señalización;Señalización de Peligro;Visibilidad restringida por;Aceras;Árboles;Vehículos denominación;Descripción del accidente;Daños causados al viario;Materiales utilizados;Observaciones;;
26/10/2016;08:25;;20161026-0004;C-P-ACC-01;M30;24NC20;INTERIOR;Tronco;Superficie;Colisión de vehículos;Por alcance;;;;;;0;;;No;Congestionada;Seco y Limpio;P. Municipal;;No;Si;;;Buen Tiempo;Buena;;Sin Restricción;;;V-2;Alcance entre vehículos;;;;;
26/10/2016;15:10;;20161026-0021;C-P-ACC-01;M30;09NL00;INTERIOR;Tronco;Superficie;Colisión de vehículos;Por alcance;2;2;;;;0;;;No;Fluida;Seco y Limpio;P. Municipal;No;No;;;;Buen Tiempo;Buena;;Sin Restricción;;;M3;Accidente en arcén derecho.;;;;;
26/10/2016;16:52;;20161026-0029;C-P-ACC-01;M30;11NL00;INTERIOR;Tronco;Superficie;Colisión de vehículos;Por alcance;4;4;;;;0;;;No;Congestionada;Seco y Limpio;P. Municipal;No;No;Si;No;No;Buen Tiempo;Buena;;Sin Restricción;;;V1;Señalizar accidente de 4 vehículos (aviso). No hay heridos,los pasa policía al arcén derecho.;;;;;
26/10/2016;17:33;;20161026-0032;C-P-ACC-01;M30;32XC20;EXTERIOR;Tronco;Superficie;Colisión de vehículos;Por alcance;2;2;;;;0;;;No;Densa;Seco y Limpio;P. Municipal;No;No;No;No;No;Buen Tiempo;Buena;;Sin Restricción;;;V2;Colisión por alcance sin heridos.;;;;;
26/10/2016;18:35;;20161026-0034;C-P-ACC-01;M30;21NC60;INTERIOR;Tronco;Superficie;Colisión de vehículos;Por alcance;2;2;;;;0;;;Si;Fluida;Seco y Limpio;P. Municipal;Si;No;No;No;No;Buen Tiempo;Buena;;Sin Restricción;;;V2;Colisión lateral sin heridos con daños.;4 Barreras y 1 CPN;;Corte carril 18:38 - 19:05;;
26/10/2016;20:25;;20161026-0041;C-E-ACC-01;M30;12RA00;INTERIOR;Ramal;Superficie;Colisión de vehículos;Por alcance;2;2;;;3;5;;;No;Fluida;Seco y Limpio;P. Municipal;No;No;;;;Buen Tiempo;Buena;;Sin Restricción;;;M3;Accidente en arcén derecho.3 heridos leves.112;;;;;
26/10/2016;21:00;;20161026-0044;C-P-ACC-01;M30;06NC70;INTERIOR;Tronco;Superficie;Colisión de vehículos;Por alcance;2;1;;1;;0;;;No;Congestionada;Seco y Limpio;P. Municipal;Si;No;;;;Buen Tiempo;Buena;;Sin Restricción;;;V1;Aviso accidente 2 vehículos se corta carril derecho.;;;Corte carril derecho 21:04 - 21:18;;
27/10/2016;07:56;;20161027-0006;C-P-ACC-01;M30;07XL90;EXTERIOR;VS;Superficie;Colisión de vehículos;;;;;;;0;;;;;;;;;;;;;;;;;;M3;Aviso de accidente. A mi llegada se retiran sin posibilidad de coger datos.;;;;;
27/10/2016;14:20;;20161027-0020; C-E-ACC-01;M30;08XL40;EXTERIOR;VS;Superficie;Colisión de vehículos;Por alcance;2;1;1;;1;1;;;No;Densa;Seco y Limpio;P. Municipal y SAMUR;Si;No;No;No;Si;Buen Tiempo;Buena;;Sin Restricción;;;M3/V1;Accidente en carril derecho.Herido trasladado al Hospital Ramón y Cajal.;;;Corte carril derecho 14:20 - 15:20;;
27/10/2016;15:55;;20161027-0028;C-P-ACC-01;M30;11NL30;INTERIOR;Tronco;Superficie;Salida de vía;;1;1;;;;0;;;Si;Congestionada;Seco y Limpio;P. Municipal;Si;Si;No;No;No;Buen Tiempo;Buena;;Sin Restricción;;;V2;Salida de vía con daños al patrimonio,sin heridos,se corta carrl derecho.Limpio restos.Se saca a la salida de Embajadores para esperar a la grúa.;5 Tramos de barrera - 5 CPN´s y 5 Separadores;Sepiolita gruesa;Corte carril derecho 16:06 - 16:25;;
27/10/2016;16:12;;20161027-0029;T-P-ACC-01;M30;17NC36;INTERIOR;Tronco;Túnel;Colisión de vehículos;Por alcance;2;2;;;;0;;;No;Densa;Seco y Limpio;;Si;No;No;No;No;Buen Tiempo;Buena;;Sin Restricción;;;AIAM Calderón;Colisión por alcance 2 vehículos.Escoltamos y salen por sus medios.;;;Corte carril derecho 16:17 - 16:32;;
27/10/2016;17:57;;20161027-0035; C-E-ACC-01;M30;02NL10;INTERIOR;VS;Superficie;Colisión de vehículos;Por alcance;3;3;;;;2;;;No;Densa;Seco y Limpio;P. Municipal y SAMUR;Si;No;Si;No;No;Buen Tiempo;Buena;;Sin Restricción;;;V-1;Accidente entre 3 vehículos por alcance ocupando el carril derecho. 1 herido trasladado con pronostico reservado al Hospital Ramon y Cajal.;;;Cortado el carril derecho desde las 18:12 h hasta las 19:30 h;;
28/10/2016;07:50;;20161028-0005; C-E-ACC-01;M607;08OT90;ENTRADA;Tronco;Superficie;Otros;;1;;1;;;1;;;No;Congestionada;Seco y Limpio;P. Municipal y SAMUR;Si;No;;;;Buen Tiempo;Buena;;Sin Restricción;;;V2;Caída de motorista.Es atendida y trasladada por Samur.;;;Corte carril derecho 08:05 - 08:30;;
28/10/2016;07:52;;20161028-0007; C-E-ACC-01;M30;09XL00;EXTERIOR;Tronco;Superficie;Colisión de vehículos;Por alcance;2;2;;;1;1;;;No;Congestionada;Seco y Limpio;P. Municipal y SAMUR;Si;Si;Si;;Si;Buen Tiempo;Buena;;Sin Restricción;;;V1/M1;Accidente en carril izquierdo.Herido trasladado.;;;Corte carril derecho 08:02 - 08:55;;
28/10/2016;09:08;;20161028-0014; C-E-ACC-01;M30;06XL80;EXTERIOR;VS;Superficie;Colisión de vehículos;Por alcance;2;1;1;;1;1;;;No;Congestionada;Seco y Limpio;P. Municipal y SAMUR;Si;No;No;No;No;Buen Tiempo;Buena;;Sin Restricción;;;V1;Accidente entre 1 turismo y 1 motorista por alcance ocupando el carril derecho. 1 herido leve dado de alta en el punto. Ambos vehículos se retiran por sus medios.;;;Cortado el carril derecho desde las 08:30 h hasta las 09:55 h;;
28/10/2016;12:41;;20161028-0022;C-P-ACC-01;A4;12RR00;ENTRADA;Ramal;Superficie;Colisión de vehículos;Por alcance;2;2;;;;0;;;No;Fluida;Seco y Limpio;;No;No;Si;No;No;Buen Tiempo;Buena;;Sin Restricción;;;V-1 / M-1;Accidente por alcance entre 2 vehículos, uno de ellos se detiene en el 12RR y el otro en el 99IT.;;;;;
28/10/2016;13:56;;20161028-0026; C-E-ACC-01;A2;04AT70;ENTRADA;Tronco;Superficie;Colisión de vehículos;Por alcance;3;3;;;2;2;;;No;Densa;Seco y Limpio;P. Municipal y SAMUR;Si;No;Si;No;No;Buen Tiempo;Buena;;Sin Restricción;;;M-1 / M-3;Accidente por alcance entre 3 vehículos ocupando el carril derecho. 2 heridos leves dados de alta en el punto.;;;Cortado el carril derecho desde las 14:15 h hasta las 16:00 h;;
28/10/2016;14:03;;20161028-0027; C-E-ACC-01;M30;07XL20;EXTERIOR;VS;Superficie;Colisión de vehículos;Por alcance;2;2;;;1;1;;;No;Densa;Seco y Limpio;P. Municipal y SAMUR;No;No;Si;No;No;Buen Tiempo;Buena;;Sin Restricción;;;V-1;Accidente por alcance entre 2 vehículos en el carril izquierdo, son trasladados al arcén derecho. 1 herido leve trasladado al hospital.;;;;;
28/10/2016;14:30;;20161028-0030;C-P-ACC-01;M30;07XL10;EXTERIOR;VS;Superficie;Colisión de vehículos;Por alcance;3;3;;;;0;;;No;Congestionada;Seco y Limpio;P. Municipal;Si;No;Si;No;No;Buen Tiempo;Buena;;Sin Restricción;;;M-2;Señalizar accidente por alcance entre 3 vehículos ocupando el carril derecho y el arcén.;;;Cortado el carril derecho desde las 14:30 h hasta las 15:05 h;;
28/10/2016;14:30;;20161028-0031;C-P-ACC-01;M30;09NL00;INTERIOR;Tronco;Superficie;Colisión de vehículos;Por alcance;2;2;;;;0;;;No;Congestionada;Seco y Limpio;P. Municipal;Si;Si;No;No;No;Buen Tiempo;Buena;;Sin Restricción;;;V-2;Accidente por alcance entre 2 vehículos ocupando parte del carril izquierdo. Uno de los vehículos se retira del punto por sus medios y el otro es sacado por Policía Municipal fuera de zona.;;Sepiolita gruesa;Cortado el carril izquierdo desde las 14:30 h hasta las 15:05 h;;
28/10/2016;15:25;;20161028-0034;C-P-ACC-01;M30;25XC80;EXTERIOR;Tronco;Superficie;Colisión de vehículos;Por alcance;5;5;;;;0;;;No;Congestionada;Seco y Limpio;P. Municipal;Si;No;Si;No;No;Buen Tiempo;Buena;;Sin Restricción;;;V-2;Señalizar accidente de 5 vehículos carriles derechos, se corta 2 carriles derechos, ho hay heridos, limpieza de restos cristales.;;;;;
28/10/2016;16:04;;20161028-0037;C-P-ACC-01;M30;21NC00;INTERIOR;Tronco;Superficie;Colisión de vehículos;Por alcance;2;2;;;;0;;;No;Fluida;Seco y Limpio;P. Municipal;No;No;Si;No;No;Buen Tiempo;Buena;;Sin Restricción;;;M-3;Accidente en carril izquierdo, retiramos el vehículo en arcén derecho.;;;;;
28/10/2016;16:12;;20161028-0038; C-E-ACC-01;M30;10NL70;INTERIOR;Tronco;Superficie;Colisión de vehículos;Por alcance;2;2;;;1;1;;;No;Densa;Seco y Limpio;P. Municipal y SAMUR;Si;No;Si;No;No;Buen Tiempo;Buena;;Sin Restricción;;;V-1;Corto carril derecho por accidente, herido leve dado de alta en el punto, mujer del vehículo 1 se deja la chaqueta en la barrera, la dejo en centro de control.;;;;;
28/10/2016;17:40;;20161028-0044;C-P-ACC-01;M30;10NL00;INTERIOR;Tronco;Superficie;Salida de vía;Contra mediana;4;4;;;;0;;;Si;Congestionada;Seco y Limpio;P. Municipal;Si;Si;No;No;Si;Buen Tiempo;Buena;;Sin Restricción;;;M-3/V-1;Vehículo 1 colisiona contra mediana quedando vehículo 2,3 y 4, se cortan los 2 carriles izquierdos, conductor del vehículo 1, se marcha corriendo del lugar.;;;;;
28/10/2016;20:40;;20161028-0053;C-P-ACC-01;M30;31NC60;INTERIOR;Tronco;Superficie;Colisión de vehículos;Por alcance;2;2;;;;0;;;No;Congestionada;Seco y Limpio;P. Municipal;Si;No;Si;No;No;Buen Tiempo;Buena;;Sin Restricción;;;V2;Señalizar accidente 2 vehículos carril central,los paso al carril derecho.Se necesitan dos grúas,sin heridos.;;;;;
28/10/2016;22:42;;20161028-0058;T-P-ACC-01;M30;14XL42;EXTERIOR;VS;Túnel;Colisión de vehículos;Por alcance;3;3;;;;0;;;No;Fluida;Seco y Limpio;P. Municipal;Si;No;No;No;No;Buen Tiempo;Buena;;Sin Restricción;;;AIAM Calderón;Accidente por alcance entre 3 vehículos sin heridos,Se marchan por sus medios.;;;Corte carril derecho 22:45 - 23:25;;
29/10/2016;11:38;;20161029-0007;;A4;04UT20;ENTRADA;Tronco;Superficie;Otros;;1;1;;;;0;;;Si;Fluida;Seco y Limpio;P. Municipal;Si;Si;Si;No;No;Buen Tiempo;Buena;;Sin Restricción;;;V1/V2/Retén;Vehículo ardiendo arcén derecho,con ocupante fuera del veh. Corto carril derecho hasta la llegada de policía y Bomberos parque 5ºSin heridos. El veh cargadom por su grúa.;1 Barrera - 18 m² de asfalto - 5 ml de línea continua.;Desengrasante;Corte carril  derecho            -  13:32;;
29/10/2016;13:47;;20161029-0010;T-P-ACC-01;M30;17NC36;INTERIOR;Tronco;Túnel;Colisión de vehículos;;;;;;;0;;;;Fluida;Seco y Limpio;;;;;;;Buen Tiempo;Buena;;Sin Restricción;;;AIAM Calderón;A nuestra llegada los vehículos reanudan la marcha.Limpiamos restos de cristales la calzada.;;;Corte carril 13:54 - 13:57;;
29/10/2016;13:55;;20161029-0011;T-P-ACC-01;M30;16NC82;INTERIOR;Tronco;Túnel;Colisión de vehículos;Por alcance;2;2;;;;0;;;No;Fluida;Seco y Limpio;P. Municipal;Si;No;No;Si;No;Buen Tiempo;Buena;;Sin Restricción;;;AIAM Valencia;Accidente entre dos vehículos. El veh 1 sale por sus medios y el veh 2 lo sacamos al exteror con el híbrido F-13;;;Corte carril 14:01 - 14:18;;
30/10/2016;02:38;;20161030-0006; C-E-ACC-01;M30;32NC20;INTERIOR;Tronco;Superficie;Salida de vía;;1;1;;;1;0;;;No;Fluida;Seco y Limpio;P. Municipal;No;No;No;No;Si;Buen Tiempo;Buena;;Sin Restricción;;;V2;Salida de vía sin daños.Señalizo con policía (el veh se mete e el jardín).El herido dado de alta en el punto.;;;;;
30/10/2016;04:40;;20161030-0009;C-E-ACC-01;M30;11NL40;INTERIOR;Tronco;Superficie;Atropello;;1;1;;;1;1;;;No;Fluida;Seco y Limpio;P. Municipal y SAMUR;Si;No;No;No;Si;Buen Tiempo;Buena;;Sin Restricción;;;V1;Atropello de peatón andando en carril izquierdo-central. El herido es dado de alta en el punto.;;;Corte dos carril izquierdos 04:48 - 05:33;;
30/10/2016;05:25;;20161030-0010;C-E-ACC-01;M30;07RM10;EXTERIOR;Ramal;Superficie;Vuelco;;1;1;;;;0;;;No;Fluida;Seco y Limpio;P. Municipal;Si;Si;No;No;Si;Buen Tiempo;Buena;;Sin Restricción;;;V1/V2;Encuentro el vehículo volcado sin conductorseñalizo.;;Desengrasante 5 l - 2 Bolsas ;Corte ramal 07RM 05:31 - 06:40;;
30/10/2016;06:30;;20161030-0011;  T-E-ACC-01;M30;15RT11;EXTERIOR;Ramal;Túnel;Vuelco;;1;1;;;;0;;;Si;Fluida;Seco y Limpio;P.M., SAMUR y Bomberos;Si;No;No;No;Si;Buen Tiempo;Buena;;Sin Restricción;;;AIAM Calderón;Al accidente asiste policía municipal,Samur ,Bomberos del Ayuntamiento y el oficial de guardia de bomberos.Accidente de vuelcolateral sin ocupantes.El veh lo retira policía municipal.;Bordillo 1 m de dañado;1 Sepiolita fina - 0,5 desengrasante - 6 bolsas;Corte ramal 15RT 06:33 - 07:47;;
30/10/2016;14:20;;20161030-0022;C-P-ACC-01;M30;08NL90;INTERIOR;VS;Superficie;Colisión de vehículos;Por alcance;2;2;;;;0;;;No;Fluida;Seco y Limpio;P. Municipal;Si;No;No;No;No;Buen Tiempo;Buena;;Sin Restricción;;;V1;Colisión alcance carril izquierdo sin heridos ni daños.Abandonando veh 1 por sus medios y veh 2 en grúa Ollero a zona urbana.;;;Corte carril 14:21 - 14:52.;;
30/10/2016;18:06;;20161030-0026;T-P-ACC-01;M30;15XC94;EXTERIOR;Tronco;Túnel;Colisión de vehículos;Por alcance;2;2;;;;0;;;No;Fluida;Seco y Limpio;;Si;No;No;No;No;Buen Tiempo;Buena;;Sin Restricción;;;AIAM Calderón;Alcance entre 2 vehículos,cuando estamos realizando el corte de carril los vehículos reanudan la marcha.;;;Corte carril 18:09 - 18:12;;
30/10/2016;19:36;;20161030-0029;;A5;03FL58;SALIDA;Tronco;Túnel;Colisión de vehículos;Por alcance;3;3;;;;0;;;No;Fluida;Seco y Limpio;P. Municipal;Si;No;No;Si;No;Buen Tiempo;Buena;;Sin Restricción;;;AIAM Portugal;Accidente sin daños en túnel.Sacamos al exterior al veh3;;;Corte carril derecho 15:35 - 15:57;;
31/10/2016;19:02;;20161031-0018;C-P-ACC-01;A2;04AT80;ENTRADA;Tronco;Superficie;Salida de vía;;1;1;;;;0;;;No;Congestionada;Seco y Limpio;P. Municipal;;No;No;No;No;Buen Tiempo;Buena;;Sin Restricción;;;V1;Aviso de CCT de salida de vía.Se marcha por sus medios.Bomberos parque nº8 actua en la incidencia.;;;;;
01/11/2016;07:21;;20161101-0004; T-E-ACC-01;M30;13XC70;EXTERIOR;Tronco;Túnel;Colisión de vehículos;Frontal;1;1;;;1;0;1;;Si;Fluida;;P. Municipal y SAMUR;Si;Si;No;No;Si;Buen Tiempo;Buena;;Sin Restricción;;;AIAM Calderón;Llamada CC accidente trafíco hastial izquierdo. Al llegar nos encontramos en el 13XC70 en carriles izquierdo y central escombros por colisión repartidos hasta 13XC62;raspón de impacto en borsillo, 6 metros antes del 13XC74;sepiolita fina, sepiolita agua;;;
01/11/2016;08:26;;20161101-0006;C-P-ACC-01;M30;11XL00;EXTERIOR;Tronco;Superficie;Salida de vía;Lateral;1;1;;;;0;;;Si;Fluida;Seco y Limpio;P. Municipal;Si;No;Si;No;No;Buen Tiempo;Buena;;Sin Restricción;;;V-1;Salida de via sin heridos, con daños, carril derecho, corto carrilhasta retirada de este con grúa usuario.;5 metros de barandilla;;;;
01/11/2016;12:17;;20161101-0011;T-P-ACC-01;M30;17XC40;EXTERIOR;Tronco;Túnel;Salida de vía;Lateral;1;1;;;;;;;Si;Densa;Seco y Limpio;P. Municipal;Si;No;No;Si;No;Buen Tiempo;Buena;;Sin Restricción;;;AIAM Calderón;Vehiculo parado, salimos 3 agentes con C-12 y F-12 al llegar esta Policía. Es un vehiculo que ha gollpeado el bordillo izquierdo y presenta rotura de dirección;Pequeño raspón en bordillo delhastial izquierdo.;;;;
01/11/2016;19:14;;20161101-0021;C-P-ACC-01;M30;30NC70;INTERIOR;Tronco;Superficie;Colisión de vehículos;Por alcance;2;2;;;;0;;;No;Densa;Seco y Limpio;P. Municipal;Si;No;Si;No;No;Buen Tiempo;Buena;;Sin Restricción;;;V-2;Corto carril izquierdo por accidente de 19:14ºa 19:34. saca,os vehiculos al ramal 31RA, arcen derecho.;;;;;
01/11/2016;19:24;;20161101-0022; C-E-ACC-01;M30;30NC00;INTERIOR;Tronco;Superficie;Colisión de vehículos;Por alcance;1;1;1;;;1;;;Si;Fluida;Seco y Limpio;P. Municipal y SAMUR;Si;No;Si;No;No;Buen Tiempo;Buena;;Sin Restricción;;;V-1;Corto carril derecho por accidente, vehiculo 1 hace maniobra brusca a  la derecha y colisiona con vehiculo 2 moto, esta a su vez produce dañosen bolardo lado derecho, herido con pronostico reservado trasladado a la Paz;1 bolardo de hierro.;;;;
02/11/2016;08:00;;20161102-0007;C-P-ACC-01;M30;08XL20;EXTERIOR;VS;Superficie;Colisión de vehículos;Por alcance;3;2;;1;;0;;;No;Congestionada;Seco y Limpio;P. Municipal;Si;No;No;No;No;Buen Tiempo;Buena;;Sin Restricción;;;V-1;Colisión lateral entre trailer y 2 vehiculos, carril derecho, corto 1/4 carril hasta retirada de vehiculo 1 y 2 sus medios, vehiulo 3 Ollero. Sin daños, ni heridos.;;;;;
02/11/2016;14:35;;20161102-0027;C-P-ACC-01;M30;11XL50;EXTERIOR;Tronco;Superficie;Colisión de vehículos;Por alcance;2;2;;;;0;;;No;Densa;Seco y Limpio;P. Municipal;Si;No;No;No;No;Buen Tiempo;Buena;;Sin Restricción;;;V-1;Aviso de C. Control de accidente en carril izquierdo hasta retirada de estos, uno por sus medios y el otro por gruas Ollero.;;;;;
02/11/2016;19:03;;20161102-0037;C-P-ACC-01;M30;02NL10;INTERIOR;VS;Superficie;Colisión de vehículos;Por alcance;2;2;;;;0;;;No;Congestionada;Seco y Limpio;P. Municipal;No;No;Si;No;No;Buen Tiempo;Buena;;Sin Restricción;;;M-3;Accidente en arcen derecho,. A mi llegada solo hay 1 vehicuo.;;;;;
03/11/2016;13:14;;20161103-0017;T-P-ACC-01;M30;15XL10;EXTERIOR;Tronco;Túnel;Colisión de vehículos;Por alcance;1;1;;;;;;;No;Fluida;Seco y Limpio;P. Municipal;Si;No;No;Si;No;Buen Tiempo;Buena;;Sin Restricción;;;AIAM Calderón;Vehículo que sufre una colisión fuera del túnel y se detiene dentro del mismo, es sacado al exterior con la grúa plataforma C-10.;;;Cortado el carril derecho desde las 13:16 h hasta las 13:23 h;;
03/11/2016;18:07;;20161103-0025;C-P-ACC-01;M30;08NL90;INTERIOR;VS;Superficie;Colisión de vehículos;Por alcance;2;2;;;;0;;;No;Fluida;Seco y Limpio;P. Municipal;No;No;Si;No;No;Buen Tiempo;Buena;;Sin Restricción;;;V-1;Accidente entre 2 vehículos por alcance ocupando el arcén derecho. Sin heridos ni daños al patrimonio. Uno de los vehículos se retira por sus medios y el otro en su grúa.;;;;;
03/11/2016;19:10;;20161103-0029; C-E-ACC-01;M30;09NL50;INTERIOR;Tronco;Superficie;Colisión de vehículos;Por alcance;4;2;2;;;1;;;No;Congestionada;Seco y Limpio;P. Municipal y SAMUR;Si;No;Si;No;No;Buen Tiempo;Buena;;Sin Restricción;;;V-1;Accidente entre 2 turismos y 2 motorista ocupando el carril derecho, estos últimos resultan heridos y trasladados sin pronosticar a los hospitales 12 de Octubre / Ramon y Cajal.;;;Cortado el carril derecho desde las 19:10 h hasta las 20:08 h;;
03/11/2016;19:30;;20161103-0032;C-P-ACC-01;M30;30NC90;INTERIOR;Tronco;Superficie;Colisión de vehículos;Por alcance;1;1;;;;0;;;No;Congestionada;Seco y Limpio;P. Municipal;Si;Si;Si;No;No;Buen Tiempo;Buena;;Sin Restricción;;;V-2 / M-2;Vehículo accidentado ocupando el carril izquierdo, sin heridos. Se limpia mancha resbaladiza y se retiran restos.;;;Cortado el carril izquierdo desde las 19:40 h hasta las 21:15 h;;
03/11/2016;20:16;;20161103-0036; C-E-ACC-01;M30;03XL20;EXTERIOR;VS;Superficie;Colisión de vehículos;Por alcance;2;2;;;2;1;;;No;Congestionada;Seco y Limpio;P. Municipal y SAMUR;Si;No;Si;No;No;Buen Tiempo;Buena;;Sin Restricción;;;V-1;Accidente entre 2 vehículos por alcance ocupando el carril izquierdo. 2 heridos leves dados de alta en el punto. Uno de los vehículos es retirado en su grúa y el otro por sus medios.;;;Cortados 2 carriles izquierdos desde las 20:16 h hasta las 20:40 h;;
04/11/2016;09:10;;20161104-0009;C-P-ACC-01;M30;11NL00;INTERIOR;Tronco;Superficie;Colisión de vehículos;Por alcance;2;1;1;;1;1;;;No;Congestionada;Mojado;P. Municipal y SAMUR;No;No;No;No;Si;Lluvia;Buena;;Sin Restricción;;;M-4;Accidente por alcance entre 1 turismo y 1 motorista ocupando el arcén derecho, este resulta herido leve y trasladado al Hospital 12 de Octubre para realizarle pruebas. La motocicleta es retirada por la grúa de movilidad al deposito de Policía Municipal.;;;;;
04/11/2016;11:07;;20161104-0013; C-E-ACC-01;M30;12NL40;INTERIOR;Tronco;Superficie;Colisión de vehículos;Por alcance;2;1;1;;1;1;;;Si;Fluida;Mojado;P. Municipal y SAMUR;Si;No;Si;No;No;Lluvia;Buena;;Sin Restricción;;;V-1 / F-53 (mantenimiento);Accidente por alcance entre 1 turismo y 1 motorista. Se corta el carril izquierdo y parte del carril del ramal 99IL hasta que el Samur atiende a 1 herido leve y lo traslada al Hospital La Paz. Uno de los vehículos se retira por sus medios y el otro en su grúa.;1 Bañera y 1 hito.;;Cortado el carril izquierdo y parte del derecho del 99IL desde las 11:07 h hasta las 11:48 h;;
04/11/2016;15:32;;20161104-0025; T-E-ACC-01;M30;14XL25;EXTERIOR;Tronco;Túnel;Colisión de vehículos;Por alcance;2;2;;;2;1;;;No;Congestionada;Mojado;P. Municipal y SAMUR;Si;No;No;Si;No;Lluvia;Buena;;Sin Restricción;;;AIAM Méndez A. / AIAM Valencia;Accidente por alcance entre 2 vehículos ocupando el carril derecho. Ambos conductores solicitan Samur y ambos son dados de alta en el punto. Uno de los vehículos se retira por sus medios y el otro es sacado al exterior por el Híbrido de Base Valencia.;;;Cortado el carril derecho desde las 15:53 h hasta las 16:32 h;;
04/11/2016;16:03;;20161104-0027;C-P-ACC-01;M30;12RV20;EXTERIOR;Ramal;Superficie;Salida de vía;;1;1;;;;0;;;Si;Densa;Mojado;P. Municipal;Si;No;No;No;No;Buen Tiempo;Buena;;Sin Restricción;;;V1;Aviso de centro de control de salida de vía con daños con daños en 2 barrras y 2 CPN;2 barreras y 1 CPN;;;;
04/11/2016;16:10;;20161104-0028;C-P-ACC-01;M30;08NC00;INTERIOR;Tronco;Superficie;Colisión de vehículos;Por alcance;2;2;;;;0;;;No;Densa;Mojado;P. Municipal;Si;No;Si;No;No;Buen Tiempo;Buena;;Sin Restricción;;;M3;Accidente en carril central. Retiro vehículo al PK 8+200 al carril derecho. Sin heridos;;;;;
04/11/2016;19:13;;20161104-0038;C-P-ACC-01;M30;04NL70;INTERIOR;VS;Superficie;Colisión de vehículos;Lateral;2;2;;;;0;;;No;Densa;Mojado;P. Municipal;Si;No;No;Si;No;Buen Tiempo;Buena;;Sin Restricción;;;M3;Accidente sin heridos en carril central. A mi llegado solo hay un vehículo;;;;;
04/11/2016;19:19;;20161104-0039;;M30;11XL00;EXTERIOR;Tronco;Superficie;Colisión de vehículos;;;;;;;1;;;;Densa;Mojado;;;;;;;Lluvia;;;;;;V2;Aviso de accidente anulado, policía lo saca fuera de zona.;;;;;
04/11/2016;20:03;;20161104-0041; C-E-ACC-01;M30;02NL10;INTERIOR;VS;Superficie;Colisión de vehículos;Por alcance;2;2;;;;1;;;No;Densa;Mojado;P. Municipal y SAMUR;Si;No;Si;No;No;Buen Tiempo;Buena;;Sin Restricción;;;V1;Aviso de centro de contrl de accidente. Los vehículos están en arcén derecho hasta retirada de estos por grúas propias. Un herido trasladado a Ramón y Cajal;;;;;
04/11/2016;20:15;;20161104-0042; C-E-ACC-01;M30;07NL30;INTERIOR;VS;Superficie;Colisión de vehículos;Por alcance;2;2;;;1;1;;;No;Fluida;Mojado;P. Municipal y SAMUR;Si;No;No;No;No;Buen Tiempo;Buena;;Sin Restricción;;;M3;Accidente con heridos en carril derecho. Un herido leve trasladado al Gregorio Marañon;;;;;
04/11/2016;20:26;;20161104-0043;C-P-ACC-01;A2;05AT00;ENTRADA;Tronco;Superficie;Colisión de vehículos;Por alcance;2;2;;;;0;;;No;Densa;Mojado;P. Municipal;Si;No;Si;No;No;Buen Tiempo;Buena;;Sin Restricción;;;V2;Corto carril derecho por accidente, solo queda un vehículo en el punto. Policía no tiene datos del segundo vehículo;;;;;
04/11/2016;20:55;;20161104-0046;C-P-ACC-01;M30;10XL80;EXTERIOR;Tronco;Superficie;Colisión de vehículos;Por alcance;2;2;;;;0;;;No;Densa;Mojado;P. Municipal;Si;;Si;;;Lluvia;Buena;;Sin Restricción;;;M2;Señalizar vehículo accidentado en carril derecho;;;Cortado el carril derecho desde las 20:55 hasta las 21:10;;
04/11/2016;22:04;;20161104-0047;;M30;00NC40;INTERIOR;Tronco;Superficie;Salida de vía;Lateral;1;1;;;;0;;;No;Fluida;Mojado;P. Municipal;Si;No;Si;No;No;Buen Tiempo;Buena;;Sin Restricción;;;V2;Corto carril derecho por accidente (salida de vía), sin daños ni heridos;;;;;
04/11/2016;22:51;;20161104-0051;T-P-ACC-01;M30;18RM51;EXTERIOR;Ramal;Túnel;Salida de vía;;1;1;;;;;;;No;Densa;Mojado;P. Municipal;Si;No;No;Si;No;Buen Tiempo;Buena;;Sin Restricción;;;AIAM Calderón/AIAM Portugal;Vehículo que se golpea sin daños a patrimonio. Sacamos al exterior;;;;;
05/11/2016;03:15;;20161105-0004; C-E-ACC-01;M30;31NC50;INTERIOR;Tronco;Superficie;Colisión de vehículos;Contra mediana;2;2;;;;2;;;No;Fluida;Mojado;P. Municipal y SAMUR;Si;No;Si;No;Si;Buen Tiempo;Buena;;Sin Restricción;;;V1 / V2;Accidente en carriles izquierdos. Herido trasladado sin pronóstico. Grúa movilidad y grúa usuario;;;;;
05/11/2016;06:38;;20161105-0007;C-P-ACC-01;M30;31NC50;INTERIOR;Tronco;Superficie;Salida de vía;;1;1;;;;0;;;No;Fluida;Mojado;P. Municipal;Si;No;No;Si;No;Buen Tiempo;Buena;;Sin Restricción;;;V1;Aviso de accidente en carril central, cuando estoy haciendo corte desde 31NC10 pasan vehículo al carril derecho. Recojo corte de carriles izquierdos y corto derecho. Bomberos se persona en el punto y no actua. Vehículo retirado por Ollero. Sin ocupantes;;;;;