Fecha;Hora;Día;Nº Incidencia;sitrem;Carretera;MC30;Calzada;Localización;Enlace;Tipo de accidente;Tipo de colisión;Nº Vehículos implicados;Nº Turismos;Nº Motocicletas;Nº vehículos pesados;H.L.;hl;hg;vm;Daños al mobiliario urbano;Circulación;Estado del Firme;Presencia Recursos Externos;Corte Carril;Vertido;Grúa usuario;Grúa Propia EMESA;Grúa Movilidad;Factores Atmosféricos;Visibilidad señalización;Señalización de Peligro;Visibilidad restringida por;Aceras;Árboles;Vehículos denominación;Descripción del accidente;Daños causados al viario;Materiales utilizados;Observaciones;;
23/11/2016;07:46;;20161123-0006;C-P-ACC-01;M30;00XC90;EXTERIOR;Tronco;Superficie;Colisión de vehículos;Por alcance;2;2;;;;0;;;No;Congestionada;Mojado;P. Municipal;No;No;Si;No;No;Lluvia;Buena;;Sin Restricción;;;M4;Accidente por alcance por vehículos sin heridos en carril izq Los paso al arcén dcho Veh 1 sala por sus medios veh 2 solicita su propia grúa;;;;;
23/11/2016;11:25;;20161123-0017;C-P-ACC-01;M30;08XL30;EXTERIOR;VS;Superficie;Otros;;1;;1;;1;1;;;No;Densa;Mojado;P. Municipal y SAMUR;No;No;No;No;No;Lluvia;Buena;;Sin Restricción;;;V-2;Caida de motorista en carril derecho. Retira moto a arcen derecho. Es atendido por Samur. Dado de alta en ek punto.;;;;;
23/11/2016;12:46;;20161123-0023;C-P-ACC-01;M30;30NC10;INTERIOR;Tronco;Superficie;Colisión de vehículos;Por alcance;2;2;;;;0;;;No;Fluida;Seco y Limpio;P. Municipal;Si;No;Si;No;No;Buen Tiempo;Buena;;Sin Restricción;;;V-1;Accidente chapa. Señalizo con Policía.;;;;;
23/11/2016;14:31;;20161123-0025;C-P-ACC-01;M30;07NC70;INTERIOR;Tronco;Superficie;Colisión de vehículos;;;;;;;0;;;No;Fluida;Mojado;P. Municipal;Si;No;No;No;No;Buen Tiempo;Buena;;Sin Restricción;;;V-1;Aviso de accidente carril derecho, cuando llego al punto se encuentra Policía, cuando estoy haciendo cuña, Policía me avisa que finaliza. No puedo tomar datos, n i foto.;;;;;
23/11/2016;15:25;;20161123-0027;C-P-ACC-01;M30;05NL50;INTERIOR;VS;Superficie;Colisión de vehículos;Por alcance;2;2;;;;0;;;No;Densa;Mojado;;No;No;No;No;No;Buen Tiempo;Buena;;Sin Restricción;;;V-1;olisión alcance sin heridos, ni daños arcen derecho, señalizo hasta retirada de ambos por sus medios.;;;;;
23/11/2016;18:49;;20161123-0040;C-P-ACC-01;M30;12NL50;INTERIOR;Tronco;Superficie;Colisión de vehículos;Por alcance;3;3;;;;0;;;No;Densa;Seco y Limpio;;Si;No;No;No;No;Buen Tiempo;Buena;;Sin Restricción;;;V-1;Colisión alcance sin heridos, n idaños arcen derecho, corto 1/4carril derecho hasta que hacen parte amistoso. Se retrian todos por sus medios.;;;;;
23/11/2016;19:28;;20161123-0042; C-E-ACC-01;M30;08NC80;INTERIOR;Tronco;Superficie;Colisión de vehículos;Por alcance;2;1;1;;;0;1;;No;Congestionada;Seco y Limpio;P. Municipal y SAMUR;Si;No;No;No;No;Buen Tiempo;Buena;;Sin Restricción;;;V-1;Colisión moto contra coche, con hericdos sin daños, 3 carriles derechos corto hasta que Samur atiende y traslada a usuario de moto al Gregorio Marañón con fractura de tobillo.;;;;;
23/11/2016;19:46;;20161123-0043; T-E-ACC-01;M30;14VE10;INTERIOR;VS;Túnel;Colisión de vehículos;Por alcance;2;1;;1;1;1;;;No;Densa;Seco y Limpio;P. Municipal y SAMUR;Si;No;No;Si;No;Buen Tiempo;Buena;;Sin Restricción;;;AIAM Valencia;Accidente por alcance de 2 vehiculos en 14VE10, un ocupante es atendido por Samur y dado de alta, retiramos 1 vehiculo con C-10;;;;;
24/11/2016;09:35;;20161124-0013;C-P-ACC-01;A2;04AL60;SALIDA;Tronco;Superficie;Colisión de vehículos;Por alcance;3;3;;;;0;;;No;Congestionada;Seco y Limpio;P. Municipal;Si;No;Si;No;No;Buen Tiempo;Buena;;Sin Restricción;;;V-1;Accidente en carril izquierdo.;;;;;
24/11/2016;09:46;;20161124-0014;C-P-ACC-01;M30;05XL40;EXTERIOR;VS;Superficie;Colisión de vehículos;Por alcance;2;2;;;;0;;;No;Fluida;;P. Municipal;No;No;No;No;No;Buen Tiempo;Buena;;Sin Restricción;;;M-1;Accidente ppor alcacne en carril derecho. Se retiran a mi llegada sin posibilidad de tomar datos.;;;;;
24/11/2016;17:59;;20161124-0033;C-P-ACC-01;M30;28NC90;INTERIOR;Tronco;Superficie;Colisión de vehículos;Por alcance;3;3;;;;0;;;No;Densa;Seco y Limpio;P. Municipal;Si;No;No;No;No;Buen Tiempo;Buena;;Sin Restricción;;;V-2;Colisión de vehiculos sin heridos en carril derecho.;;;;;
24/11/2016;18:06;;20161124-0034;C-P-ACC-01;M30;05NL30;INTERIOR;VS;Superficie;Colisión de vehículos;Por alcance;2;2;;;;0;;;No;Congestionada;Seco y Limpio;P. Municipal;No;No;No;No;No;Buen Tiempo;Buena;;Sin Restricción;;;V-1;Colisión alcance 2 vehiculos en 05nl20, con Policía, movemos vehiculos al 05NL30 arce derecho, sin heridos, ni daños, señalizo hasta retirada de estos por sus medios, una vez toman datos.;;;;;
24/11/2016;19:11;;20161124-0040; C-E-ACC-01;M30;12NL00;INTERIOR;Tronco;Superficie;Colisión de vehículos;Por alcance;3;3;;;1;1;;;No;Congestionada;Seco y Limpio;P. Municipal y SAMUR;Si;No;No;No;No;Buen Tiempo;Buena;;Sin Restricción;;;V-1;Accidente con heridos, sin daños, carril derecho, corto carril derecho hasta que Samur traslada a usuario vehiculo 1, al 12 de Octubre (leve) sacamos vehiculo al 12RA arcen derecho, señalizando.;;;;;
24/11/2016;20:30;;20161124-0047;C-P-ACC-01;M30;02NL40;INTERIOR;VS;Superficie;Colisión de vehículos;Por alcance;2;2;;;;0;;;No;Fluida;Seco y Limpio;P. Municipal;;No;No;No;No;Buen Tiempo;Buena;;Sin Restricción;;;M-3;Accidente an arcen derecho.;;;;;
25/11/2016;05:03;;20161125-0006;C-P-ACC-01;M30;31XC30;EXTERIOR;Tronco;Superficie;Colisión de vehículos;Lateral;2;2;;;;0;;;No;Fluida;Seco y Limpio;P. Municipal;No;No;Si;No;No;;Buena;;Sin Restricción;;;V-2;señalizar accidente lateral, sin daños patrimonio, ni heridos. El vehículo nº 2 se da a la fuga, el vehículo nº1, se retira en su grua de seguro;;;05:20 a 05:30;;
25/11/2016;08:40;;20161125-0009; C-E-ACC-01;M30;24NC70;INTERIOR;Tronco;Superficie;Colisión de vehículos;Por alcance;2;2;;;1;1;;;No;Congestionada;Seco y Limpio;P. Municipal y SAMUR;Si;No;Si;No;No;Buen Tiempo;Buena;;Sin Restricción;;;V2;Accidente en carril derecho. Señalizo con Policía. ;;;;;
25/11/2016;08:59;;20161125-0011;C-P-ACC-01;M30;03XC60;EXTERIOR;Tronco;Superficie;Colisión de vehículos;Por alcance;3;3;;;;0;;;No;Congestionada;Seco y Limpio;P. Municipal;Si;No;Si;No;No;Buen Tiempo;Buena;;Sin Restricción;;;V1/M4;Accidente por alcance de 3 vehículos implicados. Sin heridos en carril derecho, pasándolos al arcén derecho;;;;;
25/11/2016;15:42;;20161125-0029;C-P-ACC-01;M30;03XL00;EXTERIOR;VS;Superficie;Colisión de vehículos;Por alcance;2;2;;;;0;;;No;Congestionada;Seco y Limpio;P. Municipal;Si;No;No;No;No;Buen Tiempo;Buena;;Sin Restricción;;;Méndez Álvaro;Accidente sin heridos ni daños en arcén derecho. A mi llegada solo hay un vehículo en el punto. Señalizo hasta retirada de este por sus medios. ;;;;;
25/11/2016;15:47;;20161125-0031; C-E-ACC-01;M30;07XL30;EXTERIOR;VS;Superficie;Colisión de vehículos;Por alcance;2;1;1;;1;1;;;No;Congestionada;Seco y Limpio;P. Municipal y SAMUR;Si;No;Si;No;No;Buen Tiempo;Buena;;Sin Restricción;;;M3;Accidente en arcén derecho. Un herido leve trasladado al Hospital;;;;;
25/11/2016;16:14;;20161125-0034;T-P-ACC-01;M30;18XC87;EXTERIOR;Tronco;Túnel;Colisión de vehículos;Por alcance;2;2;;;;;;;No;Densa;Seco y Limpio;P. Municipal;Si;No;No;Si;No;Buen Tiempo;Buena;;Sin Restricción;;;M2 y AIAMm Portugal;Alcance entre dos vehículos implicados. A nuestra llegada se encuentra V2 con G25 con el carril derecho cortado. Se retira V2 y activamos grúa de Calderón y sacamos el vehículo. El otro vehículo se retira antes de nuestra llegada. ;;;;;
25/11/2016;17:45;;20161125-0040; C-E-ACC-01;M30;10NL70;INTERIOR;Tronco;Superficie;Colisión de vehículos;Por alcance;3;3;;;1;1;;;No;Congestionada;Seco y Limpio;P. Municipal;Si;No;No;No;No;Buen Tiempo;Buena;;Sin Restricción;;;V1;Colisión por alcance con 3 vehículos con heridos sin daños al carril central. Corto carriles centrales. SAMUR atiende y traslada a usuaria del vehículo 1 al Hospital 12 de Octubre en estado leve (embarazada). A mi llegada solo puedo coger datos de un vehiculo que movemos al carril derecho 10NL80;;;;;
25/11/2016;18:20;;20161125-0044;C-P-ACC-01;M30;02XL80;EXTERIOR;VS;Superficie;Colisión de vehículos;Por alcance;2;2;;;;0;;;No;Congestionada;Seco y Limpio;P. Municipal;Si;No;Si;No;No;Buen Tiempo;Buena;;Sin Restricción;;;M2;Señalizar vehiculos accidentados en carril derecho;;;;;
25/11/2016;20:33;;20161125-0051; C-E-ACC-01;M30;20XC30;EXTERIOR;Tronco;Superficie;Colisión de vehículos;Por alcance;3;3;;;;2;;;No;Densa;Seco y Limpio;P. Municipal y SAMUR;Si;No;Si;No;No;Buen Tiempo;Buena;;Sin Restricción;;;V2;Colisión en el margen derecho. 2 heridos trasladados por SAMUR;;;;;
25/11/2016;20:54;;20161125-0052;T-P-ACC-01;M30;18RM22;EXTERIOR;Ramal;Túnel;Salida de vía;;1;1;;;;;;;No;Fluida;Seco y Limpio;;No;No;No;No;No;Buen Tiempo;Buena;;Sin Restricción;;;AIAM Portugal;Cortamos carril izquierdo. El vehículo se marcha por sus propios medios. ;;;;;
25/11/2016;21:30;;20161125-0055;;M30;20XC20;EXTERIOR;Tronco;Superficie;Colisión de vehículos;Por alcance;2;2;;;;0;;;No;Densa;Seco y Limpio;P. Municipal;No;No;No;No;No;Buen Tiempo;Buena;;Sin Restricción;;;V2;Colisión sin heridos. ;;;;;
25/11/2016;21:35;;20161125-0056;T-P-ACC-01;M30;18RM23;EXTERIOR;Ramal;Túnel;Salida de vía;;1;1;;;;;;;No;Fluida;Seco y Limpio;P. Municipal;No;No;No;No;No;Buen Tiempo;Buena;;Sin Restricción;;;AIAM Portugal;Cortamos carril derecho. Salida de vía, el vehículo se marcha por sus propios medios. ;;;;;
25/11/2016;21:41;;20161125-0057;T-P-ACC-01;M30;18RM10;EXTERIOR;Ramal;Túnel;Salida de vía;;1;1;;;;;;;No;Fluida;Seco y Limpio;P. Municipal;Si;No;No;Si;No;Buen Tiempo;Buena;;Sin Restricción;;;AIAM Calderón;El vehículo ha impactado contra el bordillo del carril izquierdo. No SAMUR. Policía en el punto. Sacamos el vehículo a la C/ Dante;;;;;
25/11/2016;21:51;;20161125-0058;;M30;10XL70;EXTERIOR;Tronco;Superficie;Colisión de vehículos;Por alcance;3;3;;;;0;;;No;Densa;Seco y Limpio;P. Municipal;Si;No;No;No;No;Buen Tiempo;Buena;;Sin Restricción;;;V1 / M3;Corto carril derecho por accidente. Solo queda un vehículo en el punto. Los otros dos se dan a la fuga.;;;;;
25/11/2016;22:40;;20161125-0060;C-P-ACC-01;M30;31NC50;INTERIOR;Tronco;Superficie;Colisión de vehículos;Por alcance;3;2;;1;;0;;;No;Fluida;Seco y Limpio;P. Municipal;Si;No;No;No;No;Buen Tiempo;Buena;;Sin Restricción;;;V1 / V2;Vehículo conducido por el tronco pierde el control y colisiona con dos vehículos conducidos por ramal 31RE. Corto carril derecho del ramal. ;;;;;
25/11/2016;23:10;;20161125-0061;C-P-ACC-01;M23;99KL20;SALIDA;Tronco;Superficie;Colisión de vehículos;Lateral;3;3;;;;0;;;Si;Fluida;Seco y Limpio;P. Municipal;Si;Si;Si;No;No;Buen Tiempo;Buena;;Sin Restricción;;;V2;Señalizar accidente salida de via con tres vehículos sin heridos y con daños a patrimonio. Por orden de Policía. Limpia aceite SELUR. El resto el vigilante;3 barreras, 2 CPNs largos, 4 separadores, 4 barreras, 6 separadores;;;;
26/11/2016;05:15;;20161126-0007;C-P-ACC-01;M30;20NC20;INTERIOR;Tronco;Superficie;Salida de vía;;1;1;;;;0;;;Si;Fluida;Seco y Limpio;P. Municipal y P. Nacional;Si;No;Si;No;No;Buen Tiempo;Buena;;Sin Restricción;;;V2;Señalizar accidente. Salida de vía con daños a patrimonio sin heridos. Lo retira la grúa del seguro. ;20RN: 2 barreras, 1 CPN, 1 funda CPN, dos metros cuadrados de acera. 20RT: 3 barreras, 4 CPNs y 1 separador. Tronco: 1 bañera, 2 hitos, 1 señal y post señal.;;;;
26/11/2016;06:37;;20161126-0009;T-P-ACC-01;M30;17RA11;INTERIOR;Ramal;Túnel;Salida de vía;;1;1;;;;0;;;Si;Fluida;Seco y Limpio;P. Municipal;Si;No;No;No;No;Buen Tiempo;Buena;;Sin Restricción;;;AIAM Calderón;El vehículo ha impactado contra bañera, muelle y bordillo izquierdo. No SAMUR Sacamos el vehículo al paseo Virgen del Puerto. No cortamos carril ;1 bordillo, bañera, fuelle, 5 metros de arañazo en suelo. ;;;;
26/11/2016;10:20;;20161126-0012; C-E-ACC-01;M30;25NC30;INTERIOR;Tronco;Superficie;Salida de vía;Contra mediana;1;1;;;1;1;;;No;Fluida;Seco y Limpio;P. Municipal y SAMUR;Si;No;No;No;No;Buen Tiempo;Buena;;Sin Restricción;;;V1 / V2;Salida de via contra la mediana. Queda inmovil en carril derecho. Conductora es atendida por SAMUR y es dada de alta en el punto. ;;;;;
26/11/2016;12:35;;20161126-0015; C-E-ACC-01;M30;20RE20;EXTERIOR;Ramal;Superficie;Colisión de vehículos;Por alcance;3;3;;;1;1;;;No;Fluida;Seco y Limpio;P. Municipal y SAMUR;Si;No;Si;No;No;Buen Tiempo;Buena;;Sin Restricción;;;V2;Pierde el control en 20RE, pasa al tronco y golpea al vehículo 2 y un vehículo 3 tambien implicado. El conductor del segundo vehículo es atendido por SAMUR.;;;;;
26/11/2016;13:55;;20161126-0022;C-P-ACC-01;M30;20RA00;INTERIOR;Ramal;Superficie;Salida de vía;Contra mediana;1;1;;;;0;;;No;;;;Si;No;No;No;No;Buen Tiempo;Buena;;Sin Restricción;;;V1 / V2;Mientras señalizo accidente 20RE se produce salida de vía en 20RA. Cruzo andando para cortar carretera de Castilla y empujo el vehículo que se retira por sus medios. Vuelvo a la incidencia Nº 15;;;;;
26/11/2016;14:53;;20161126-0026;C-P-ACC-01;M30;32RJ30;EXTERIOR;Ramal;Superficie;Colisión de vehículos;Por alcance;3;3;;;1;1;;;No;Fluida;Seco y Limpio;P. Municipal y SAMUR;Si;No;Si;No;No;Buen Tiempo;Buena;;Sin Restricción;;;V1 / V2;Vehículo sufrre salida de via, grúa exterior M30 pasaba por el punto para socorrer y tercer vehículo sale de via alcanza a grúa exterior. Conductora es atendida por SUMA y SAMUR;;;;;
26/11/2016;15:00;;20161126-0028; C-E-ACC-01;M30;32RJ00;EXTERIOR;Ramal;Superficie;Salida de vía;Contra mediana;1;1;;;1;1;;;No;Fluida;Seco y Limpio;;Si;No;Si;No;No;Buen Tiempo;Buena;;Sin Restricción;;;AIAM Méndez Álvaro;Accidente en carril izquierdo. Paso el vehículo al arcén derecho. El herido se marcha con la grúa por no llegar el SAMUR;;;;;
26/11/2016;15:38;;20161126-0029;C-P-ACC-01;M30;14RT15;INTERIOR;Ramal;Túnel;Salida de vía;Lateral;1;1;;;;;;;No;Fluida;Seco y Limpio;;Si;No;No;Si;No;Buen Tiempo;Buena;;Sin Restricción;;;AIAM Calderón;Vehículo colisiona contra bordillo por salida de vía. Sin víctimas. Sacamos vehículo con F12. Sin daños;;;;;
26/11/2016;15:57;;20161126-0031; C-E-ACC-01;M30;31NC40;INTERIOR;Tronco;Superficie;Salida de vía;Contra mediana;1;1;;;;0;;;Si;Densa;Seco y Limpio;P. Municipal;Si;No;No;No;No;Buen Tiempo;Buena;;Sin Restricción;;;AIAM Méndez Álvaro;Accidente en margen derecho;4 barreras y 3 CPN;;;;
26/11/2016;16:14;;20161126-0032;T-P-ACC-01;A5;03FL53;SALIDA;Tronco;Túnel;Salida de vía;;1;1;;;;;;;Si;Fluida;Seco y Limpio;P. Municipal;Si;No;No;Si;No;Buen Tiempo;Buena;;Sin Restricción;;;AIAM Portugal / AIAM Calderón;Accidente vehículo. Señalizamos con bul y limpiamos derrame de liquido. Cargamos el vehículo en plataforma C-10 y lo sacamos al exterior. ;Roces en 5 metros de bordillos y derrame de liquido en calzada;;;;
26/11/2016;17:54;;20161126-0034;T-P-ACC-01;M30;14NL19;INTERIOR;Tronco;Túnel;Colisión de vehículos;Por alcance;2;2;;;;;;;No;Densa;Seco y Limpio;P. Municipal;Si;No;No;Si;No;Buen Tiempo;Buena;;Sin Restricción;;;AIAM Valencia /AIAM Calderón;Alcance entre 2 vehículos, 1 sale por sus medios y el otro lo sacamos con C10;;;;;
26/11/2016;19:54;;20161126-0037;T-P-ACC-01;M30;18RM10;EXTERIOR;Ramal;Túnel;Salida de vía;;1;1;;;1;1;;;No;Fluida;Seco y Limpio;P. Municipal y SAMUR;Si;No;No;Si;No;Buen Tiempo;Buena;;Sin Restricción;;;AIAM Portugal / AIAM Calderón;Accidente de vehículo en carril derecho con bordillo. Cortamos dicho carril, no hay daños. Activamos C-10. Llega SAMUR y da de alta en el punto. Cargamos vehículo en C-10;;;;;
26/11/2016;22:47;;20161126-0044;C-P-ACC-01;A2;05AT50;ENTRADA;Tronco;Superficie;Salida de vía;;4;4;;;1;1;;;Si;Fluida;Seco y Limpio;P. Municipal y SAMUR;Si;No;Si;No;No;Buen Tiempo;Buena;;Sin Restricción;;;V1;Corto dos carriles derechos por accidente. El vehiculo 1 se sale de via en lado derecho y producde daños, a consecuencia tres vehículos colisionan entre si. Herido leve dado de alta en el punto. ;5 barreras, 7 CPN, 7 separadores de barrera y 1 panel direccional. ;;;;
26/11/2016;22:52;;20161126-0045;C-E-ACC-01;M30;12RA00;INTERIOR;Ramal;Superficie;Salida de vía;Lateral;1;1;;;;1;;;No;Fluida;Seco y Limpio;P. Municipal y SAMUR;Si;No;Si;No;No;Buen Tiempo;Buena;;Sin Restricción;;;V2;Señalizar accidente salida de via, sin daños a patrimonio y un herido trasladadeo al Hospital 12 de Octubre sin pronóxtico y grúa de segugo lo retira;;;;;
26/11/2016;23:57;;20161126-0046;  T-E-ACC-01;M30;18RM10;EXTERIOR;Ramal;Túnel;Vuelco;Lateral;1;1;;;;;;;No;Fluida;Seco y Limpio;P. Municipal y SAMUR;Si;No;No;Si;No;Buen Tiempo;Buena;;Sin Restricción;;;AIAM Portugal / AIAM Calderón;Vuelco lateral en carril derecho, cortamos carril, desconectamos bornes negativos de la batería y colocamos cubre airbag. A la llegada de Bomberos de Ayuntamiento colocamos el coche sobre su 4 ruedad. Activamos la C-10 y sacamos el vehículo al exterior. ;;;;;
27/11/2016;01:35;;20161127-0001;C-P-ACC-01;M30;30XC40;EXTERIOR;Tronco;Superficie;Salida de vía;Frontal;1;1;;;;0;;;Si;Fluida;Seco y Limpio;P. Municipal;Si;No;Si;No;No;Buen Tiempo;Buena;;Sin Restricción;;;V2;Señalizar accidente salida de via con daños a patrimonio, sin heridos cortando carril izquierdo. Lo retira la grúa del seguro;2 barreras, 1 CPN, 1 protector de CPNs, daños lado derecho;;;;
27/11/2016;08:00;;20161127-0009;C-P-ACC-01;A2;05AL80;SALIDA;Tronco;Superficie;Salida de vía;Contra mediana;1;1;;;;0;;;Si;Fluida;Seco y Limpio;G. Civil;Si;No;Si;No;No;Buen Tiempo;Buena;;Sin Restricción;;;V1 / V2;Accidente en margen derecho con daños. ;;6 barreras, 6 separadores y 7 CPNs;;;
27/11/2016;08:55;;20161127-0010; C-E-ACC-01;A2;05AL80;SALIDA;Tronco;Superficie;Salida de vía;Contra mediana;1;1;;;1;1;;;No;Fluida;Seco y Limpio;G. Civil y SAMUR;Si;No;Si;No;No;Buen Tiempo;Buena;;Sin Restricción;;;V2;Choca contra mediana y queda en carril izquierdo. Con ayuda de guardia civil empujamos a arcén derecho. Atendida por SAMUR dada de alta en el punto. ;;;;;
27/11/2016;12:05;;20161127-0015;C-P-ACC-01;M30;04RA00;INTERIOR;Ramal;Superficie;Salida de vía;Contra mediana;1;1;;;;0;;;No;Densa;Seco y Limpio;P. Municipal;Si;No;Si;No;No;Buen Tiempo;Buena;;Sin Restricción;;;V1;Salida de vía contra mediana  ;;;;;
27/11/2016;14:00;;20161127-0018; C-E-ACC-01;M30;04RC20;INTERIOR;Ramal;Superficie;Otros;;1;;1;;1;1;;;No;Densa;Seco y Limpio;P. Municipal y SAMUR;Si;No;No;No;No;Buen Tiempo;Buena;;Sin Restricción;;;V1;Caída de motorista. A mi llegada se encuentra en el arcén derecho. Herido dado de alta en el punto. Se retira por sus medios. ;;;;;
27/11/2016;14:10;;20161127-0019; C-E-ACC-01;M30;09XL80;EXTERIOR;Tronco;Superficie;Colisión de vehículos;Por alcance;2;1;1;;;1;;;No;Congestionada;Seco y Limpio;P. Municipal y SAMUR;Si;No;No;No;Si;Buen Tiempo;Buena;;Sin Restricción;;;V2;Motorista golpe a turismo que no para, otro turismo pisa un pie de motorista en el suelo que tampoco para. Es atendido por SAMUR en carril central. ;;;;;
27/11/2016;15:28;;20161127-0022;T-P-ACC-01;M30;18RM23;EXTERIOR;Ramal;Túnel;Salida de vía;;1;1;;;;;;;No;Densa;Seco y Limpio;P. Municipal y SAMUR;Si;No;No;Si;No;Buen Tiempo;Buena;;Sin Restricción;;;AIAM Calderón;Vehículo colisiona con hastial por pérdida de control. Señalizado por SAMUR a nuestra llegada sacamos al exterior. ;;;;;
27/11/2016;15:43;;20161127-0023;C-P-ACC-01;M30;32RA40;INTERIOR;Ramal;Superficie;Salida de vía;Contra mediana;1;1;;;;1;;;No;Densa;Seco y Limpio;P. Municipal;Si;No;Si;No;No;Buen Tiempo;Buena;;Sin Restricción;;;V1;Accidente en carril derecho;;;;;
27/11/2016;16:04;;20161127-0024;T-P-ACC-01;M30;15XC57;EXTERIOR;Tronco;Túnel;Colisión de vehículos;Lateral;2;2;;;;;;;No;Fluida;Seco y Limpio;P. Municipal;Si;No;No;No;No;Buen Tiempo;Buena;;Sin Restricción;;;AIAM Portugal;Accidente leve. Colisión lateral entre 2 vehiculos. Debido a que nadie sufre daños personales, solicitamos a los usuarios trasladarnos al apartadero más proximo para arreglar parte de accidente. Los vehiculos se retiran del apartadero por sus medios.;;;;;
27/11/2016;16:16;;20161127-0025;T-P-ACC-01;M30;18RM10;EXTERIOR;Ramal;Túnel;Salida de vía;Lateral;1;1;;;;;;;No;Densa;Mojado;;No;No;No;No;No;Buen Tiempo;Buena;;Sin Restricción;;;AIAM Calderón;Vehiculo mirando contra dirección por perdida de control, se retira por sus medios antes de nuestra llegada.;;;;;
27/11/2016;16:35;;20161127-0026;C-P-ACC-01;M30;31RE05;INTERIOR;Ramal;Superficie;Colisión de vehículos;Lateral;3;3;;;;0;;;No;Congestionada;Mojado;P. Municipal;Si;No;Si;No;No;Lluvia;Buena;;Sin Restricción;;;V-2;Vehiculo 1 pierde control y golpea a otros dos vehiculos.;;;;;
27/11/2016;18:17;;20161127-0028;;M30;10NL60;INTERIOR;Tronco;Superficie;Colisión de vehículos;;;;;;;1;;;;Densa;Mojado;;;;;;;Lluvia;Buena;;Sin Restricción;;;V-1;Según PM, es un accidente. Aviso de accidente, llego al punto no hay nada finalizo.;;;;;
27/11/2016;18:34;;20161127-0029;T-P-ACC-01;M30;18RM27;EXTERIOR;Ramal;Túnel;Salida de vía;Lateral;1;1;;;;;;;No;Congestionada;Mojado;P. Municipal;Si;No;No;No;No;Lluvia;Buena;;Sin Restricción;;;AIAM Calderón;Vehiculo colisiona con hastial, le ayudamos a cambiar rueda y sale por sus medios.;;;;;
27/11/2016;18:37;;20161127-0030; C-E-ACC-01;M30;12NL00;INTERIOR;Tronco;Superficie;Colisión de vehículos;Por alcance;2;2;;;1;1;;;No;Densa;Mojado;P. Municipal y SAMUR;No;No;No;No;No;Lluvia;Buena;;Sin Restricción;;;V-1;Accidente en carril derecho, sacamos vehiculos a c/Embajadores, señalizo en arcen derecho. Herido leve dado de alta.;;;;;
27/11/2016;18:58;;20161127-0033;T-P-ACC-01;M30;18RM27;EXTERIOR;Ramal;Túnel;Colisión de vehículos;Por alcance;2;1;;1;;;;;Si;Congestionada;Mojado;P. Municipal;Si;No;No;Si;No;Lluvia;Buena;;Sin Restricción;;;AIAM Calderón/Méndez Álvaro;Vehiculo colisiona con Bul C-12 mientras estamos señalizando incidencia nº 29. ;2 bidones desengrasante usados. Daños en C-12. paso de rueda y tapacubos y peldaño trasero izquierdo.;;;;
27/11/2016;19:35;;20161127-0035;T-P-ACC-01;M30;19XC06;EXTERIOR;Tronco;Túnel;Colisión de vehículos;Por alcance;;;;;;;;;No;Fluida;Seco y Limpio;;No;No;No;No;No;Lluvia;Buena;;Sin Restricción;;;AIAM Portugal;Accidente vehiculos. Se anula la incidencia.;;;;;
27/11/2016;19:47;;20161127-0037;C-P-ACC-01;M30;12NL50;INTERIOR;Tronco;Superficie;Colisión de vehículos;Por alcance;3;3;;;;0;;;No;Densa;Mojado;P. Municipal;No;No;No;No;No;Buen Tiempo;Buena;;Sin Restricción;;;V-1;Accidente por alcance en carril derecho, sacamos a C/Legazpi fuera de zona finalizo.;;;;;
27/11/2016;20:15;;20161127-0039;C-P-ACC-01;M30;12NL50;INTERIOR;Tronco;Superficie;Colisión de vehículos;Por alcance;5;5;;;;3;;;No;Densa;Mojado;P. Municipal;No;No;No;No;No;Lluvia;Buena;;Sin Restricción;;;V-1;Accidente en carril derecho. Policía saca fuera de zona,n opuedo tomar datos, ni fotos (no estan en la calle Legazpi);;;;;
27/11/2016;21:05;;20161127-0041;C-P-ACC-01;M30;12NL20;INTERIOR;Tronco;Superficie;Colisión de vehículos;Por alcance;3;3;;;;0;;;No;Congestionada;Mojado;P. Municipal;Si;Si;No;No;No;Lluvia;Buena;;Sin Restricción;;;V-1/V-2;Señalizar accidente por alcance en carriles derechos, sin daños a patrimonio y sin heridos. Los vehiculos los retira grúas Ollero fuera de zona.;;desengrasante;Reten limpia del 12+200 al 12+300. selur 12+100 al 12+200, vertido de aceite.;;
27/11/2016;23:00;;20161127-0045; C-E-ACC-01;M30;12NL20;INTERIOR;Tronco;Superficie;Colisión de vehículos;Por alcance;2;2;;;1;1;;;No;Densa;Mojado;P. Municipal;Si;No;No;No;No;Lluvia;Buena;;Sin Restricción;;;V-2;Señalizar accidente salida de via y accidente lateral con herido leve dado de alta en el lugar.;;;;;
27/11/2016;23:28;;20161127-0046;C-P-ACC-01;M30;31NC50;INTERIOR;Tronco;Superficie;Salida de vía;Lateral;1;1;;;;0;;;No;Fluida;Mojado;P. Municipal;Si;Si;Si;No;No;Lluvia;Buena;;Sin Restricción;;;V-1/C-17;Salida de via vehiculo colisiona con muro lado izquierdo, derrama aceite y gasoil. Se activa Baldeadora. Se limpia carril derecho.;;;;;
28/11/2016;00:09;;20161128-0001; C-E-ACC-01;M30;04NL60;INTERIOR;VS;Superficie;Colisión de vehículos;Lateral;3;3;;;2;2;;;No;Fluida;Mojado;P.M., SAMUR y Bomberos;Si;Si;Si;No;No;Lluvia;Buena;;Sin Restricción;;;V1/C17/V2;Señalizar accidente lateral. Sin daños y heridos leves.Dado de alta en el lugar.;;desengrasante;se corta ramal 04RT 00:15 - 01:35;;