Fecha;Hora;Día;Nº Incidencia;sitrem;Carretera;MC30;Calzada;Localización;Enlace;Tipo de accidente;Tipo de colisión;Nº Vehículos implicados;Nº Turismos;Nº Motocicletas;Nº vehículos pesados;H.L.;hl;hg;vm;Daños al mobiliario urbano;Circulación;Estado del Firme;Presencia Recursos Externos;Corte Carril;Vertido;Grúa usuario;Grúa Propia EMESA;Grúa Movilidad;Factores Atmosféricos;Visibilidad señalización;Señalización de Peligro;Visibilidad restringida por;Aceras;Árboles;Vehículos denominación;Descripción del accidente;Daños causados al viario;Materiales utilizados;Observaciones;;
28/11/2016;02:29;;20161128-0002;C-P-ACC-01;M30;04RC00;INTERIOR;Ramal;Superficie;Salida de vía;;1;1;;;;0;;;Si;Fluida;Mojado;P. Municipal;Si;No;No;No;No;Lluvia;Buena;;Sin Restricción;;;V1;Vehículo se sale de la vía en lado derecho produciendo daños al patrimonio.Corte total del ramal.;2 Barreras - 2 CPN;;Corte total del ramal 02:36 - 02:51;;
28/11/2016;11:01;;20161128-0016;T-P-ACC-01;M30;08RE75;INTERIOR;Ramal;Túnel;Colisión de vehículos;;2;2;;;;;;;No;Fluida;Seco y Limpio;P. Municipal;Si;No;No;No;No;Buen Tiempo;Buena;;Sin Restricción;;;AiAM valencia;En consecuencia del veh averiado inc nº13 un segundo vehículo colisiona con esté y con un tercer vehículo. Se carga el veh 1, los otro dos salen por sus medios.;;;Corte de carril izquierdo 11:01 - 11:16;;
28/11/2016;13:55;;20161128-0025;C-P-ACC-01;M30;02NL90;INTERIOR;VS;Superficie;Salida de vía;Lateral;2;2;;;;0;;;Si;Congestionada;Seco y Limpio;P. Municipal;No;No;No;No;No;Buen Tiempo;Buena;;Sin Restricción;;;V2/V1;sale del ramal atravesando isleta y choca con otro vehículo que circula por la vía de servicio.;1 Hito;;;;
28/11/2016;14:30;;20161128-0026;C-P-ACC-01;M30;00XC10;EXTERIOR;Tronco;Superficie;Colisión de vehículos;Por alcance;3;3;;;;0;;;No;Fluida;Seco y Limpio;;No;No;No;No;No;Buen Tiempo;Buena;;Sin Restricción;;;M3;Accidente en arcén derecho;;;;;
28/11/2016;15:05;;20161128-0030;C-P-ACC-01;M30;29NC00;INTERIOR;Tronco;Superficie;Colisión de vehículos;Por alcance;2;2;;;;0;;;No;Congestionada;Seco y Limpio;P. Municipal;Si;No;Si;No;No;Buen Tiempo;Buena;;Sin Restricción;;;M2/V2;Señalizar vehiculos accidentados en carril izquierdo;;;Corte de carril izquierdo 11:01 - 11:16;;
28/11/2016;19:20;;20161128-0039;C-P-ACC-01;M30;11NL20;INTERIOR;Tronco;Superficie;Colisión de vehículos;Por alcance;2;2;;;;0;;;No;Densa;Seco y Limpio;P. Municipal;No;No;Si;No;No;Buen Tiempo;Buena;;Sin Restricción;;;M3;Accidente sin heridos en isleta;;;;;
29/11/2016;18:35;;20161129-0019;C-P-ACC-01;M30;00XC70;EXTERIOR;Tronco;Superficie;Colisión de vehículos;Por alcance;2;2;;;;0;;;No;Fluida;Seco y Limpio;P. Municipal;Si;No;No;No;No;Buen Tiempo;Buena;;Sin Restricción;;;M3;Accidente en arcén derecho;;;;;
29/11/2016;19:05;;20161129-0020;C-P-ACC-01;Avda Andalucía;98IL00;SALIDA;Tronco;Superficie;Colisión de vehículos;Por alcance;2;1;1;;;0;;;No;Densa;Seco y Limpio;P. Municipal;Si;No;No;No;No;Buen Tiempo;Buena;;Sin Restricción;;;V1;Moto parada en carril, vehículo no puede esquivarla y se da con la mediana. No hay heridos. Corto carril derecho;;;;;
29/11/2016;23:58;;20161129-0029;;M30;16XC19;EXTERIOR;Tronco;Túnel;;;1;;;1;;0;;;;Fluida;Seco y Limpio;;;;;;;Buen Tiempo;Buena;;;;;;Según PM, es accidente. Cortamos carril central y derecho central, cable caido cortando los dos carriles lo sujetamos al techo y cortamos lo que queda colgando, cable comunicaciones.;;;Se corta parte de carril derecho desde las 00:01 h hasta las 01:06 h;;
30/11/2016;01:38;;20161130-0001;C-P-ACC-01;M30;12RH70;INTERIOR;Ramal;Superficie;Salida de vía;;1;1;;;;0;;;Si;Fluida;Mojado;P. Municipal;No;No;Si;No;No;Lluvia;Buena;;Sin Restricción;;;V1;Accidente de 1 vehículo por salida de vía hacía el margen izquierdo causando daños en barrera. ;1 barrera, 2 CPN y 2 separadores;;;;
30/11/2016;07:50;;20161130-0005;C-P-ACC-01;M30;10XL20;EXTERIOR;Tronco;Superficie;Colisión de vehículos;Por alcance;2;2;;;;0;;;No;Congestionada;Seco y Limpio;;Si;No;No;No;No;Buen Tiempo;Buena;;Sin Restricción;;;V1;Accidente entre 2 vehículos por alcance ocupando el carril derecho.;;;;;
30/11/2016;07:34;;20161130-0007;C-P-ACC-01;M30;10XL20;EXTERIOR;Tronco;Superficie;Colisión de vehículos;Por alcance;2;2;;;;0;;;No;Congestionada;Seco y Limpio;P. Municipal;Si;No;No;No;No;Buen Tiempo;Buena;;Sin Restricción;;;M-4;Accidente entre 2 vehículos por alcance ocupando el carril derecho. Se toman datos y se retiran del punto por sus medios.;;;;;
30/11/2016;19:34;;20161130-0025;C-P-ACC-01;M30;08NL70;INTERIOR;VS;Superficie;Colisión de vehículos;Por alcance;4;4;;;;0;;;No;Densa;Seco y Limpio;P. Municipal;Si;No;Si;No;No;Buen Tiempo;Buena;;Sin Restricción;;;V-1 / M-3;Accidente entre 4 vehículos por alcance ocupando el carril izquierdo hasta que Policía Municipal los traslada al arcen derecho, sin heridos. ;;;Se corta el carril izquierdo desde las 19:45 h hasta las 20:00 h;;
01/12/2016;07:10;;20161201-0003;C-P-ACC-01;M30;11XL60;EXTERIOR;Tronco;Superficie;Colisión de vehículos;Por alcance;2;2;;;;0;;;No;Congestionada;Seco y Limpio;;Si;No;No;No;No;Buen Tiempo;Buena;;Sin Restricción;;;V1;Accidente leve por alcance de dos vehículos. Se toman datos y reanudan la marcha por sus medios. ;;;;;
01/12/2016;08:56;;20161201-0007;C-E-ACC-01;M30;10XL00;EXTERIOR;Tronco;Superficie;Colisión de vehículos;Por alcance;2;2;;;1;1;;;No;Congestionada;Seco y Limpio;P. Municipal y SAMUR;Si;No;No;No;No;Buen Tiempo;Buena;;Sin Restricción;;;V1 / M1;Accidente por alcance entre dos vehículos en carril izquierdo con herido leve;;;;;
01/12/2016;09:33;;20161201-0008;T-P-ACC-01;A5;04FT75;ENTRADA;Tronco;Túnel;Colisión de vehículos;Por alcance;3;3;;;;;;;No;Densa;Seco y Limpio;;Si;No;No;No;No;Buen Tiempo;Buena;;Sin Restricción;;;AIAM Portugal;Accidente vehículos. Señalizamos con Bul C-15, los vehículos se retiran por sus medios. ;;;;;
01/12/2016;11:30;;20161201-0015;C-E-ACC-01;M30;32RJ70;EXTERIOR;Ramal;Superficie;Colisión de vehículos;Por alcance;1;1;;;2;1;1;;No;Congestionada;Seco y Limpio;P. Municipal y SAMUR;Si;No;No;No;No;Buen Tiempo;Buena;;Sin Restricción;;;V2;Vuelco en 32RJ. Dos heridas trasladadas. ;;;;;
01/12/2016;15:20;;20161201-0025;C-E-ACC-01;M30;06RE00;INTERIOR;Ramal;Superficie;Colisión de vehículos;Por alcance;4;4;;;4;4;;;No;Congestionada;Seco y Limpio;P. Municipal y SAMUR;Si;No;Si;No;No;Buen Tiempo;Buena;;Sin Restricción;;;V2;Señalizar accidente en carril izquierdo, 4 vehículos. Los heridos son atendidos y dados de alta en el punto (4 personas).;;;;;
01/12/2016;18:45;;20161201-0031;;M30;08XL00;EXTERIOR;VS;Superficie;Colisión de vehículos;Por alcance;2;2;;;;0;;;No;Congestionada;Seco y Limpio;P. Municipal;No;No;No;No;No;Buen Tiempo;Buena;;Sin Restricción;;;V-1;Señalzo colisión sin heridos. Cogen datos y nos retiramos.;;;;;
01/12/2016;19:00;;20161201-0032;C-P-ACC-01;M30;11NL00;INTERIOR;Tronco;Superficie;Colisión de vehículos;Por alcance;2;2;;;;0;;;No;Densa;Seco y Limpio;P. Municipal;No;No;No;No;No;Buen Tiempo;Buena;;Sin Restricción;;;V-1;Colisión de vehiculos, sin heridos, carril derecho. Policía lo pasa isleta 11+200, me retiro para apoyar a M-3;;;;;
01/12/2016;19:45;;20161201-0036; T-E-ACC-01;M30;14NC00;INTERIOR;Tronco;Túnel;Colisión de vehículos;Por alcance;2;2;;;;1;;;No;Densa;Seco y Limpio;P. Municipal y SAMUR;Si;No;No;SI;No;Buen Tiempo;Buena;;Sin Restricción;;;AIAM Calderón;Accidente por alcance entre 2 vehiculos, sacamos los dos con grúa de Emesa, uno de los conductores es trasladado por Samur al 12 de Octubre.;;;;;
02/12/2016;07:38;;20161202-0002;T-P-ACC-01;M30;16NC82;INTERIOR;Tronco;Túnel;Colisión de vehículos;Por alcance;2;2;;;;;;;No;Congestionada;Seco y Limpio;P. Municipal;Si;No;No;SI;No;Buen Tiempo;Buena;;Sin Restricción;;;AIAM Calderón;Colisión de dos vehiculols por alcacne. Uno de ellos sale por sus medios, el furgón lo sacamos al exterior en la plataforma C-10;;;;;
02/12/2016;08:42;;20161202-0004;C-P-ACC-01;M11;00MT50;ENTRADA;Tronco;Superficie;Colisión de vehículos;Por alcance;2;2;;;;0;;;No;Congestionada;Seco y Limpio;;No;No;Si;No;No;Buen Tiempo;Buena;;Sin Restricción;;;V-1;Accidente por alcance 2 vehiculos sin heridos, vehiculo 1 se marcha por sus medios. Vehiculos 2 retirado por grúa usuario y taxi seguro.;;;;;
02/12/2016;14:23;;20161202-0016;C-P-ACC-01;M30;10NL90;INTERIOR;Tronco;Superficie;Colisión de vehículos;Por alcance;4;4;;;;0;;;No;Congestionada;Seco y Limpio;P. Municipal;Si;No;No;No;No;Buen Tiempo;Buena;;Sin Restricción;;;V-1/M-3;Accidente en carril central. 14:35 retiramos vehiculos al arcen derecho.;;;;;
02/12/2016;14:30;;20161202-0017;C-P-ACC-01;M30;07XC50;EXTERIOR;Tronco;Superficie;Colisión de vehículos;Por alcance;4;4;;;;0;;;No;Congestionada;Seco y Limpio;P. Municipal y P. Nacional;Si;No;No;No;No;Buen Tiempo;Buena;;Sin Restricción;;;M-6;Señalizar vehiculos accidentados en carril derecho y arcen derecho.;;;;;
02/12/2016;15:45;;20161202-0022;C-P-ACC-01;M30;08XL00;EXTERIOR;VS;Superficie;Colisión de vehículos;Por alcance;2;2;;;;0;;;No;Densa;Seco y Limpio;P. Municipal;No;No;No;No;No;Buen Tiempo;Buena;;Sin Restricción;;;V-2;Señalizar acccidente.;;;;;
02/12/2016;16:30;;20161202-0025;C-P-ACC-01;M30;03NC70;INTERIOR;Tronco;Superficie;Colisión de vehículos;Por alcance;4;4;;;;0;;;No;Densa;Seco y Limpio;P. Municipal;Si;No;No;No;No;Buen Tiempo;Buena;;Sin Restricción;;;V-1/M-3;Accidente en carril izquierdo. 17:00 retiran vehiculo al arcen derecho.;;;;;
02/12/2016;16:40;;20161202-0026;C-E-ACC-01;M30;12RL70;EXTERIOR;Ramal;Superficie;Colisión de vehículos;Por alcance;2;2;;;4;4;;;No;Densa;Seco y Limpio;P. Municipal y SAMUR;Si;No;Si;No;No;Buen Tiempo;Buena;;Sin Restricción;;;M-2;Señalizar vehiculos accidenteados rn carril y arcen derchos. Trasladados 4 ocupantes de vehiculo para observación.;;;;;
02/12/2016;16:50;;20161202-0027;C-P-ACC-01;M30;11NL00;INTERIOR;Tronco;Superficie;Colisión de vehículos;Por alcance;2;2;;;;0;;;No;Congestionada;Seco y Limpio;P. Municipal;Si;No;Si;No;No;Buen Tiempo;Buena;;Sin Restricción;;;V-2;Aviso accidente carril derecho.;;;;;
02/12/2016;17:30;;20161202-0029;T-P-ACC-01;M30;15XL18;EXTERIOR;Tronco;Túnel;Colisión de vehículos;Por alcance;2;2;;;;;;;No;Densa;Seco y Limpio;;No;No;No;No;No;Buen Tiempo;Buena;;Sin Restricción;;;AIAM Calderón;Colisíón vehiculos por alcance, cuando llegamos salen por sus medios.;;;;;
02/12/2016;18:45;;20161202-0034;C-P-ACC-01;M30;05NL40;INTERIOR;VS;Superficie;Colisión de vehículos;Por alcance;2;2;;;;0;;;No;Fluida;Seco y Limpio;P. Municipal;No;No;Si;No;No;Buen Tiempo;Buena;;Sin Restricción;;;M-3;Accidente en arcen derecho.;;;;;
02/12/2016;20:40;;20161202-0042;C-E-ACC-01;M30;08NL40;INTERIOR;VS;Superficie;Colisión de vehículos;Por alcance;2;2;;;1;1;;;No;Densa;Seco y Limpio;P. Municipal;Si;No;Si;No;No;Buen Tiempo;Buena;;Sin Restricción;;;V-1/M-3;Accidente en carril central, retiramos vehiculos al carril derecho. 1 herido leve trasladado por Suma al Hospital.;;;Suma interviene en la incidencia.;;
02/12/2016;21:15;;20161202-0045;C-E-ACC-01;M30;08NL40;INTERIOR;VS;Superficie;Colisión de vehículos;Por alcance;2;2;;;1;1;;;No;Densa;Seco y Limpio;P. Municipal y SAMUR;Si;No;Si;No;No;Buen Tiempo;Buena;;Sin Restricción;;;V-1/V-2/M-3;Acciddente en carril derecho. 1 herido leve trasladado al Hospital.;;;;;
03/12/2016;10:15;;20161203-0012; T-E-ACC-01;M30;18RN27;EXTERIOR;Ramal;Túnel;Colisión de vehículos;Por alcance;3;3;;;;1;;;No;Densa;Seco y Limpio;P. Municipal y SAMUR;Si;No;No;SI;No;Buen Tiempo;Buena;;Sin Restricción;;;AIAM Portugal;Colisión entre 3 vehiculos. A la llegada esta Policía. Sacamos al exterior a 1 vehiculo.;;;;;
03/12/2016;10:49;;20161203-0013; T-E-ACC-01;M30;16NC08;INTERIOR;Tronco;Túnel;Colisión de vehículos;Por alcance;2;1;1;;;1;;;No;Fluida;Seco y Limpio;P. Municipal y SAMUR;Si;Si;No;No;Si;Buen Tiempo;Buena;;Sin Restricción;;;AIAM Calderón;Motorista que colisiona contra turismo, resultando herido con pronostico reservado y siendo trasladado por Samur al 12 de Octubre. No hay daños materiales, se solicita barredora y baldeadora.;;;;;
03/12/2016;14:35;;20161203-0022;C-P-ACC-01;M30;08NL00;INTERIOR;VS;Superficie;Colisión de vehículos;Por alcance;2;2;;;;1;;;No;Fluida;Seco y Limpio;P. Municipal;Si;No;Si;No;No;Buen Tiempo;Buena;;Sin Restricción;;;V-1;Aviso accidente margen derecho. Alcoholemia positiva vehiculo 2.;;;;;
03/12/2016;16:43;;20161203-0023;T-P-ACC-01;A5;04FT62;ENTRADA;Tronco;Túnel;Colisión de vehículos;Por alcance;2;2;;;;;;;No;Densa;Seco y Limpio;P. Municipal;Si;No;No;No;No;Buen Tiempo;Buena;;Sin Restricción;;;AIAM Portugal;Alcance entre 2 vehiculos en carril dercho central. Salen por sus medios.;;;;;
04/12/2016;00:44;;20161204-0002;C-E-ACC-01;M30;20NC30;INTERIOR;Tronco;Superficie;Colisión de vehículos;Por alcance;2;2;;;1;1;;;No;Fluida;Seco y Limpio;P. Municipal y SAMUR;Si;No;Si;No;No;Buen Tiempo;Buena;;Sin Restricción;;;V-1/V-2 ;Accidente en carril izquierdo. Señalizo con Policia. ;;;;;
04/12/2016;06:00;;20161204-0009;T-P-ACC-01;M30;18RM10;EXTERIOR;Ramal;Túnel;Salida de vía;Contra mediana;1;1;;;;0;;;Si;Fluida;Seco y Limpio;P. Municipal;Si;Si;No;No;No;Buen Tiempo;Buena;;Sin Restricción;;;AIAM Portugal;El vehkiculo ha impactado contra salida de emergencia. No Samur. Limpiamos la zona.;arco salida de emergencia. 1 metro de bordillo.;1 saco sepiolitafina y 1/2 de gruesa;;;
04/12/2016;05:59;;20161204-0010; T-E-ACC-01;A5;03FT29;ENTRADA;Tronco;Túnel;Salida de vía;Frontal;1;1;;;;;;;Si;Fluida;Seco y Limpio;P. Municipal y SAMUR;Si;Si;No;No;No;Buen Tiempo;Buena;;Sin Restricción;;;AIAM Calderón;Accidente contraa absorbe impactos, corta carril derecho de FT, acude Samur, Policía Municipal. No hay heridos. El vehiculo lo saca la grúa de exterior de Emesa. Limpiamos la calzada por derrame de aceite y gasoil.;Absorbe impactos, 3 hitos, bañera 15 mts de aceite a calzada.;;;;
04/12/2016;06:18;;20161204-0011;C-P-ACC-01;M30;31NC80;INTERIOR;Tronco;Superficie;Salida de vía;;1;1;;;;0;;;No;Fluida;Seco y Limpio;P. Municipal;Si;No;No;No;Si;Buen Tiempo;Buena;;Sin Restricción;;;V1 / V2;Salida de vía sin heridos ni daños en carril derecho. Corto carril derecho hasta retirada en grúa de movilidad.;;;;;
04/12/2016;07:01;;20161204-0012;C-P-ACC-01;M30;19NC80;INTERIOR;Tronco;Superficie;Salida de vía;Frontal;1;1;;;;0;;;Si;Fluida;Seco y Limpio;P. Municipal;Si;No;Si;No;No;Buen Tiempo;Buena;;Sin Restricción;;;V2;Accidente con daños en carril derecho;5 barreras, 5 CPNs y 5 postes de malla;;;;
04/12/2016;07:38;;20161204-0013;C-P-ACC-01;M30;20RE20;EXTERIOR;Ramal;Superficie;Salida de vía;Lateral;1;1;;;;0;;;Si;Fluida;Seco y Limpio;P. Municipal;Si;No;Si;No;No;Buen Tiempo;Buena;;Sin Restricción;;;V2;Aviso de salida de via con daños. Corte total 20RE;2 CPN,s;;;;
04/12/2016;07:47;;20161204-0014;T-P-ACC-01;M30;13NL67;INTERIOR;Tronco;Túnel;Salida de vía;Lateral;1;1;;;;;;;No;Fluida;Seco y Limpio;P. Municipal y SAMUR;Si;No;No;SI;No;Buen Tiempo;Buena;;Sin Restricción;;;AIAM Calderón/AIAM Valencia;Vehículo que se sale de la vía golpeándose con el bordillo izquierdo (sólo arañazos). No hay daños personales ni materiales. Se corta carril izquierdo, señalizamos y cargamos con plataforma y sacamos a C/ Alejandro Dumas. Se encuentra SAMUR;;;;;
04/12/2016;08:11;;20161204-0015;T-P-ACC-01;M30;17XC59;EXTERIOR;Tronco;Túnel;Salida de vía;;1;1;;;;;;;No;Fluida;Seco y Limpio;P. Municipal;Si;No;No;SI;No;Buen Tiempo;Buena;;Sin Restricción;;;AIAM Calderón;Vehñiculo que se sala de vía golpeando contra el bordillo. No causa daños ni materiales ni personales. Llegamos al punto con vehículo híbrido, cambiamos recurso por grúa plataforma para poder sacar vehículo al exterior. ;;;;;
04/12/2016;10:57;;20161204-0016;C-P-ACC-01;M30;23NC00;INTERIOR;Tronco;Superficie;Salida de vía;Lateral;1;1;;;;0;;;No;Fluida;Seco y Limpio;P. Municipal;Si;No;Si;No;No;Buen Tiempo;Buena;;Sin Restricción;;;V2;Salida de vía carril derecho;;;;;
04/12/2016;13:30;;20161204-0019;C-P-ACC-01;M30;22RE50;EXTERIOR;Ramal;Superficie;Salida de vía;Lateral;1;1;;;;0;;;Si;Fluida;Seco y Limpio;P. Municipal;Si;No;Si;No;No;Buen Tiempo;Buena;;Sin Restricción;;;V2;Salida de vía con colisión contra el muro;2 muros desplazados;;;;
04/12/2016;13:53;;20161204-0020;C-E-ACC-01;M30;32RJ30;EXTERIOR;Ramal;Superficie;Otros;;1;;1;;1;1;;;No;Fluida;Seco y Limpio;P. Municipal y SAMUR;Si;No;Si;No;No;Buen Tiempo;Buena;;Sin Restricción;;;V1;Caída de motorista sin heridos sin daños. Corto cuarto de carril derecho hasta que SAMUR atiende dando de alta en el punto a usuario de la moto. Moto sacada con grúa propia. ;;;;;
04/12/2016;13:57;;20161204-0021; T-E-ACC-01;M30;16XC02;EXTERIOR;Tronco;Túnel;Otros;;1;;1;;;0;1;;No;Densa;Seco y Limpio;P. Municipal, P. Nacional y SAMUR;Si;No;No;No;Si;Lluvia;Buena;;Sin Restricción;;;AIAM Calderón;Caida de motorista. El ususario es trasladado por SAMUR, con pronostico reservado al clínico, se hace cargo de la moto grua de movilidad. Cortamos dos carriles derechos de 13:58 a 15:10.;;;Corte carriles derechos 13:58 - 15:10;;
04/12/2016;14:49;;20161204-0023;C-P-ACC-01;M30;23NC00;INTERIOR;Tronco;Superficie;Salida de vía;Frontal;1;1;;;;1;;;No;Fluida;Seco y Limpio;P. Municipal y SAMUR;Si;No;Si;No;No;Buen Tiempo;Buena;;Sin Restricción;;;V2;Salida de vía en margen izquierdo. Herido trasladado por SAMUR;;;;;
04/12/2016;15:27;;20161204-0024;C-E-ACC-01;M30;32RJ30;EXTERIOR;Ramal;Superficie;Salida de vía;;1;1;;;1;1;;;No;Fluida;Seco y Limpio;P. Municipal y SAMUR;Si;No;Si;No;No;Buen Tiempo;Buena;;Sin Restricción;;;V1;Salida de vía con pastos lado izquierdo, con herido atendido por SAMUR en estado leve. Corto carril izquierdo y con permiso de Policía me retiro a otra incidencia urgente en 12RH. No hay daños y se deja cortado carril izquierdo. ;;;;;
04/12/2016;15:57;;20161204-0025;C-E-ACC-01;M30;12RH70;INTERIOR;Ramal;Superficie;Salida de vía;Por alcance;3;3;;;;1;;;Si;Congestionada;Mojado;P. Municipal y SAMUR;Si;No;Si;No;No;Buen Tiempo;Buena;;Sin Restricción;;;V1/V2/V3/Méndez Álvaro;Colisión de vehículos con salida de via lado derecho e izquierdo, corto carril derecho pasando todos los vehículos a éste con Policía bomberos actúa sacando a usuario de vehículo 3 y es trasladado con pronóstico reservado al Hospital Clínico. Daños a patrimonio;3 barreras lado izquierdo / 7 barreras lado derecho / 1 bordillo / 7 CPN.s / 7 separadores CPN,s;;;;
04/12/2016;15:20;;20161204-0026;C-E-ACC-01;M30;23NC00;INTERIOR;Tronco;Superficie;Salida de vía;Frontal;1;1;;;;0;;;Si;Fluida;Seco y Limpio;P.M., SAMUR y Bomberos;Si;No;Si;No;No;Buen Tiempo;Buena;;Sin Restricción;;;V2;Vuelco maargen derecho con daños. Corte carril derecho para actuación de Bomberos;7 barreras, 5 CPN,s, 1 señal circular y poste 90, 2 postes direccional, 4 hitos;;;;
04/12/2016;18:13;;20161204-0028;C-P-ACC-01;M30;10RA00;INTERIOR;Ramal;Superficie;Colisión de vehículos;Por alcance;2;2;;;;0;;;No;Fluida;Seco y Limpio;P. Municipal;Si;No;No;No;No;Buen Tiempo;Buena;;Sin Restricción;;;V1;Colisión de 2 vehículos por alcance en ramal 10RA. Al llegar al punto, Policía ha retirado los vehículos fuera de zona y están reanudando la marcha;;;;;
05/12/2016;08:18;;20161205-0004;C-P-ACC-01;M30;07XC50;EXTERIOR;Tronco;Superficie;Colisión de vehículos;Por alcance;2;1;1;;;0;;;No;Densa;Seco y Limpio;P. Municipal;Si;No;No;No;No;Buen Tiempo;Buena;;Sin Restricción;;;V1;Colisión por alcance entre moto y coche, sin heridos ni daños carril derecho. Corto carril derecho hasta retirada de ambos por sus medios. Ningún usuario quiere asistencia médica;;;;;
05/12/2016;16:35;;20161205-0016;C-P-ACC-01;A2;04AT50;ENTRADA;Tronco;Superficie;Colisión de vehículos;Lateral;2;1;1;;;0;;;No;Densa;Seco y Limpio;P. Municipal;Si;No;Si;No;No;Buen Tiempo;Buena;;Sin Restricción;;;V1;Colisión de 2 vehículos en carril derecho. Vehículo reanuda la marcha por sus medios, la moto a espera de grúa en apartadero derecho;;;;;
05/12/2016;19:36;;20161205-0024;C-P-ACC-01;M30;12RH50;INTERIOR;Ramal;Superficie;Colisión de vehículos;Por alcance;4;4;;;;0;;;No;Congestionada;Seco y Limpio;P. Municipal;Si;No;Si;No;No;Buen Tiempo;Buena;;Sin Restricción;;;V1;Colisión de 4 vehículos en carril izquierdo. En el punto sólo quedan 2 vehículos;;;;;
05/12/2016;20:45;;20161205-0026;C-P-ACC-01;M30;11NL60;INTERIOR;Tronco;Superficie;Colisión de vehículos;Lateral;3;3;;;;0;;;No;Congestionada;Seco y Limpio;p. Municipal;Si;No;No;No;No;Buen Tiempo;Buena;;Sin Restricción;;;V2;Accidente en carril derecho. Vehículo 2 sin datos;;;;;
05/12/2016;23:48;;20161205-0029;C-P-ACC-01;M30;07NL90;INTERIOR;VS;Superficie;Salida de vía;;3;3;;;;0;;;Si;Fluida;Seco y Limpio;p. Municipal;Si;No;Si;No;No;Buen Tiempo;Buena;;Sin Restricción;;;V1;Salida de vía de vehículo sin heridos y con daños a patrimonio. Los restos de los daños golpean en otros vehículos;1 metro/ 1 arqueta / 2 metros de bordillo;;;;
06/12/2016;09:19;;20161206-0006;;M30;15XL18;EXTERIOR;Tronco;Túnel;Otros;;1;;;1;;0;;;Si;Fluida;Seco y Limpio;P. Municipal;;No;No;No;No;Buen Tiempo;Buena;;Sin Restricción;;;AIAM Calderón;Góndola portacoches que golpea en clave de túnel. Tomamos datos en exterior;Golpeados dos silenciadores de ventiladores en 17XC84 y 14RN03;;;;
06/12/2016;14:02;;20161206-0011; T-E-ACC-01;M30;16VC55;INTERIOR;VS;Túnel;Colisión de vehículos;Por alcance;3;3;;;;0;;;Si;Densa;Seco y Limpio;P. Municipal y SAMUR;Si;No;No;SI;No;Buen Tiempo;Buena;;Sin Restricción;;;AIAM Calderón /AIAM Valencia;Colisión entre 3 vehículos sin víctimas: Un vehículo es sacado por C-10, otro sale por sus medios, otro con híbrido de Valencia.;;;;;
06/12/2016;16:33;;20161206-0015;T-P-ACC-01;M30;18RH11;EXTERIOR;Ramal;Túnel;Colisión de vehículos;Lateral;1;1;;;;;;;Si;Fluida;Seco y Limpio;;Si;No;No;SI;No;Buen Tiempo;Buena;;Sin Restricción;;;AIAM Portugal;Accidente de vehículo. Señalizamos con Bul C-15 y retiramos vehículo con F-11;3 metros de roces en bordillo;;;;
07/12/2016;15:25;;20161207-0018;C-E-ACC-01;M30;01XC20;EXTERIOR;Tronco;Superficie;Colisión de vehículos;Por alcance;3;3;;;1;1;;;No;Fluida;Seco y Limpio;P. Municipal y SAMUR;No;No;Si;No;No;Buen Tiempo;Buena;;Sin Restricción;;;V-2;Accidente entre 3 vehículos por alcance ocupando el arcen derecho, 1 herido leve dado de alta en el punto.;;;;;
07/12/2016;16:55;;20161207-0024;C-E-ACC-01;M30;19NC80;INTERIOR;Tronco;Superficie;Colisión de vehículos;Lateral;2;1;;1;1;2;;;No;Congestionada;Seco y Limpio;P. Municipal y SAMUR;No;No;No;No;No;Buen Tiempo;Buena;;Sin Restricción;;;V-2;Accidente entre 2 vehículos por alcance ocupando el carril derecho, 1 adulto y 1 menor traslaldados al Hospital Clínico con pronsotico reservado y 1 menor dado de alta en el punto.;;;;;
07/12/2016;18:06;;20161207-0027;C-P-ACC-01;M30;31RE20;INTERIOR;Ramal;Superficie;Colisión de vehículos;Lateral;2;2;;;;0;;;No;Fluida;Seco y Limpio;P. Municipal;No;No;No;No;No;Buen Tiempo;Buena;;Sin Restricción;;;V-2;Accidente entre 2 vehículos por alcance en el carril izquierdo que son trasladados al arcén derecho.;;;;;
07/12/2016;19:45;;20161207-0032;T-P-ACC-01;A5;04FT00;ENTRADA;Tronco;Túnel;Colisión de vehículos;Por alcance;4;4;;;;;;;No;Densa;Seco y Limpio;P. Municipal;Si;No;Si;Si;No;Buen Tiempo;Buena;;Sin Restricción;;;AIAM Portugal;Accidente entre 4 vehículos por alcance, 3 vehículos son retirados por sus grúas y 1 por grúa de emesa.;;;;;
08/12/2016;05:20;;20161208-0005;  T-E-ACC-01;A5;03FL36;SALIDA;Tronco;Túnel;Salida de vía;;1;;1;;;0;2;;Si;Fluida;Seco y Limpio;P. Municipal y SAMUR;Si;No;No;No;No;Buen Tiempo;Buena;;Sin Restricción;;;AIAM Portugal;Aviso de accidente de moto, señalizamos con BUL C-15, se trata de una moto que ha colisionado contra bordillo y columna. SAMUR atiende en el punto a los dos ocupantes, y posteriormente los traslada al hospital.;;;05:25 / 06:38;;
08/12/2016;13:24;;20161208-0012; T-E-ACC-01;M30;13XL96;EXTERIOR;Tronco;Túnel;Colisión de vehículos;Por alcance;2;2;;;;2;;;No;Densa;Seco y Limpio;P. Municipal y SAMUR;Si;No;No;Si;No;Buen Tiempo;Buena;;Sin Restricción;;;AIAM Calderón;Accidente por alcance en carril central. Sin daños materiales, aunque si personales. SAMUR traslada herido con pronostico reservado al copiloto de uno de los coches, nosotros estabamos allí con incidencia 11. Sacamos un turismo con grua C10;;;13:24 / 14:09;;