Fecha;Hora;Día;Nº Incidencia;sitrem;Carretera;MC30;Calzada;Localización;Enlace;Tipo de accidente;Tipo de colisión;Nº Vehículos implicados;Nº Turismos;Nº Motocicletas;Nº vehículos pesados;H.L.;hl;hg;vm;Daños al mobiliario urbano;Circulación;Estado del Firme;Presencia Recursos Externos;Corte Carril;Vertido;Grúa usuario;Grúa Propia EMESA;Grúa Movilidad;Factores Atmosféricos;Visibilidad señalización;Señalización de Peligro;Visibilidad restringida por;Aceras;Árboles;Vehículos denominación;Descripción del accidente;Daños causados al viario;Materiales utilizados;Observaciones;;
08/12/2016;20:23;;20161208-0020;C-P-ACC-01;M30;07XC00;EXTERIOR;Tronco;Superficie;Colisión de vehículos;Por alcance;2;2;;;;0;;;No;;;P. Municipal;No;;No;No;No;Buen Tiempo;Buena;;Sin Restricción;;;V1;Colisión lateral de dos vehículos. PM los saca fuera de M30 para toma de datos.;;;;;
10/12/2016;11:19;;20161210-0007; T-E-ACC-01;M30;14XL42;EXTERIOR;Tronco;Túnel;Colisión de vehículos;Por alcance;2;1;1;;;1;;;No;Congestionada;Seco y Limpio;P. Municipal y SAMUR;Si;;No;SI;No;Buen Tiempo;Buena;;Sin Restricción;;;AIAM Calderón;Colisión moto coche, el coche sale por sus medios. La moto la sacamos al exterior en la plataforma. El herido es trasladado al clínico;;;11:21 / 12:30;;
11/12/2016;10:20;;20161211-0013;C-P-ACC-01;M30;32RA40;INTERIOR;Ramal;Superficie;Colisión de vehículos;Lateral;2;1;;1;;0;;;No;Fluida;Seco y Limpio;;Si;No;No;No;No;Buen Tiempo;Buena;;Sin Restricción;;;V2;Colisión de vehículos sin heridos.;;;Corte carril derecho 10:20 - 10:40;;
11/12/2016;13:51;;20161211-0018;T-P-ACC-01;A5;03FT23;ENTRADA;Tronco;Túnel;Colisión de vehículos;Por alcance;2;2;;;;;;;No;Fluida;Seco y Limpio;P. Municipal;Si;No;No;Si;No;Buen Tiempo;Buena;;Sin Restricción;;;AIAM Portugal;Aviso de accidente de vehículos.Señalizamos con bull C-15. se trata de un alcance de dos vehículos, uno sale por sus medios y el otro lo sacamos con la F-11;;;Corte 13:55 - 14:10;;
11/12/2016;19:50;;20161211-0024;C-E-ACC-01;M30;12RL60;EXTERIOR;Ramal;Superficie;Colisión de vehículos;Por alcance;2;2;;;1;1;;;No;Densa;Seco y Limpio;P. Municipal y SAMUR;No;No;Si;No;No;Buen Tiempo;Buena;;Sin Restricción;;;V2;Vehículo parado en carrilo izquierdo accidentado.A mi llegada policía ha llevado al arcén derecho.Ocupantes atendidos por Samur,alta voluntaria.El otro vehículo se retira por sus medios.;;;;;
12/12/2016;07:52;;20161212-0009;C-P-ACC-01;M30;12NL00;INTERIOR;Tronco;Superficie;Colisión de vehículos;Por alcance;4;4;;;;0;;;No;Congestionada;Seco y Limpio;P. Municipal;Si;No;No;No;No;Buen Tiempo;Buena;;Sin Restricción;;;V1;Acccidente en carril izquierdo.A mi llegada se encuentra conservación señalizando, solo queda 1 veh sin hneridos;;;Corte carril 08:10 - 08:30;;
12/12/2016;09:10;;20161212-0015;T-P-ACC-01;A5;04FT56;ENTRADA;Tronco;Túnel;Colisión de vehículos;Por alcance;2;2;;;;;;;No;Congestionada;Seco y Limpio;;Si;No;No;No;No;Buen Tiempo;Buena;;Sin Restricción;;;AIAM Portugal;Accidente leve.Alcance entre 2 veh. Debido a que no hay daños se les pide a los usuarios que rellenen el parte en exterior., parza evitar más retenciones. Los vehículos se retiran por sus medios.;;;Corte carril dcho 09:13 - 09:16;;
12/12/2016;09:22;;20161212-0016;T-P-ACC-01;M30;14NL64;INTERIOR;Tronco;Túnel;Colisión de vehículos;Por alcance;2;2;;;;;;;No;Congestionada;Seco y Limpio;;No;No;No;No;No;;Buena;;Sin Restricción;;;AIAM Valencia;Colisión por alcance de dos vehículos en 14NL64, a nuestra llegada ya habían intercambiado datos y salen por sus medios.;;;;;
12/12/2016;09:47;;20161212-0018;C-P-ACC-01;M30;07XL80;EXTERIOR;VS;Superficie;Colisión de vehículos;Por alcance;2;2;;;;0;;;No;Congestionada;Seco y Limpio;;No;No;No;No;No;Buen Tiempo;Buena;;Sin Restricción;;;M4;Accidente leve por alcance 2 vehículos en arcén derecho.Se toman los datos y reanudan la marcha por sus medios.;;;;;
12/12/2016;15:16;;20161212-0025;C-P-ACC-01;A2;04AT60;ENTRADA;Tronco;Superficie;Colisión de vehículos;Por alcance;3;3;;;;0;;;No;Congestionada;Seco y Limpio;P. Municipal;No;No;No;No;No;Buen Tiempo;Buena;;Sin Restricción;;;V1;Colisión de 3 vehículos en carril derecho;;;;;
12/12/2016;16:22;;20161212-0028;C-P-ACC-01;M30;02XC50;EXTERIOR;Tronco;Superficie;Colisión de vehículos;Lateral;2;1;;1;;0;;;No;Densa;Seco y Limpio;P. Municipal;No;No;No;No;No;Buen Tiempo;Buena;;Sin Restricción;;;V1;Colisión de 2 vehículos en carril central y derecho;;;;;
12/12/2016;16:45;;20161212-0031;C-E-ACC-01;M30;08NL90;INTERIOR;VS;Superficie;Colisión de vehículos;Por alcance;2;2;;;1;1;;;No;Fluida;Seco y Limpio;P. Municipal y SAMUR;Si;No;No;No;No;Buen Tiempo;Buena;;Sin Restricción;;;M3;Accidente en arcén derecho. Un herido leve dado de alta en el lugar;;;;;
12/12/2016;16:57;;20161212-0034;T-P-ACC-01;M30;15XL38;EXTERIOR;Tronco;Túnel;Colisión de vehículos;Por alcance;2;2;;;;;;;No;Congestionada;Seco y Limpio;P. Municipal;Si;No;No;SI;No;Buen Tiempo;Buena;;Sin Restricción;;;AIAM Calderón;Colisión entre vehículos. Sacamos vehículo 2;;;;;
12/12/2016;17:37;;20161212-0036;C-P-ACC-01;M30;08NL10;INTERIOR;VS;Superficie;Colisión de vehículos;Por alcance;2;1;;1;;0;;;No;Congestionada;Seco y Limpio;P. Municipal;Si;No;No;No;No;Buen Tiempo;Buena;;Sin Restricción;;;V1;Colisión de 2 vehículos por alcance  ;;;;;
12/12/2016;18:30;;20161212-0039;C-P-ACC-01;M30;30NC00;INTERIOR;Tronco;Superficie;Colisión de vehículos;Por alcance;2;2;;;;0;;;No;Congestionada;Seco y Limpio;;No;No;No;No;No;Buen Tiempo;Buena;;Sin Restricción;;;M2;Señalizar vehículos accidentados en arcén derecho mientras hacen el parte.;;;;;
12/12/2016;18:55;;20161212-0040;C-P-ACC-01;M30;31RA70;INTERIOR;Ramal;Superficie;Colisión de vehículos;Por alcance;2;1;;1;;0;;;No;Congestionada;Seco y Limpio;;;;;;;Buen Tiempo;Buena;;Sin Restricción;;;M2;;;;;;
12/12/2016;20:30;;20161212-0044;C-P-ACC-01;M30;08NL30;INTERIOR;VS;Superficie;Colisión de vehículos;Lateral;2;2;;;;0;;;No;Congestionada;Seco y Limpio;P. Municipal;No;No;Si;No;No;Buen Tiempo;Buena;;Sin Restricción;;;V1;Colisión lateral de 2 vehículos arcén derecho toma de datos.;;;;;
12/12/2016;20:38;;20161212-0046;C-P-ACC-01;M30;02XL70;EXTERIOR;VS;Superficie;Colisión de vehículos;Por alcance;2;2;;;;0;;;No;Densa;Seco y Limpio;P. Municipal;Si;No;Si;No;No;Buen Tiempo;Buena;;Sin Restricción;;;M3 / V2;Accidente en carril izquierdo, sin heridos.;;;Derecho 20:40 / 21:15;;
13/12/2016;10:17;;20161213-0022;C-E-ACC-01;M30;02XL10;EXTERIOR;VS;Superficie;Colisión de vehículos;Por alcance;3;3;;;1;1;;;No;Densa;Seco y Limpio;P. Municipal y SAMUR;Si;Si;Si;No;No;Buen Tiempo;Buena;;Sin Restricción;;;M1/V1;Accidente por alcance en carril izquierdo.Con 1 herido leve al cual le trasladan a La Paz.;;Desengrasante;Corte carril 10:29 - 11:09;;
13/12/2016;13:27;;20161213-0026;T-P-ACC-01;M30;14XL99;EXTERIOR;Tronco;Túnel;Colisión de vehículos;Por alcance;;;;;;;;;No;Densa;Seco y Limpio;;No;No;No;No;No;Buen Tiempo;Buena;;Sin Restricción;;;AIAM Portugal;Alcance entre vehículos nos anulan de camino;;;;;
13/12/2016;14:50;;20161213-0030;C-P-ACC-01;M30;09NL50;INTERIOR;Tronco;Superficie;Colisión de vehículos;Por alcance;2;1;1;;;1;;;No;Congestionada;Seco y Limpio;P. Municipal y SAMUR;Si;No;;;;Buen Tiempo;Buena;;Sin Restricción;;;M3;Accidente con heridos en carrilo derecho y central. Un herido trasladado al hospital Ramón y Cajal con pronóstico reservado.;;;Corte de dos carriles 14:58-16:00;;
13/12/2016;15:05;;20161213-0031;C-E-ACC-01;M30;09XL80;EXTERIOR;Tronco;Superficie;Colisión de vehículos;Por alcance;2;2;;;1;1;;;No;Congestionada;Seco y Limpio;P. Municipal y SAMUR;Si;No;No;No;No;Buen Tiempo;Buena;;Sin Restricción;;;V2;Alcance entre vehículos carril derecho un ocupante es atendido por Samur.dado de alta en el lugar.;;;;;
13/12/2016;15:38;;20161213-0032;C-P-ACC-01;M30;09SG00;INTERIOR;Ramal;Superficie;Colisión de vehículos;;2;2;;;;0;;;No;Congestionada;Seco y Limpio;P. Municipal;;;;;;Buen Tiempo;Buena;;Sin Restricción;;;V1;Colisión de 2 vehículos  en transfer.Policía los traslada al carril derecho.los vehículo toman y reanudan la marcha.En el punto solo queda un vehículo.;;;Corte carril derecho 15:15 - 15:40;;
13/12/2016;16:14;;20161213-0034;C-P-ACC-01;M30;06NL70;INTERIOR;VS;Superficie;Colisión de vehículos;Por alcance;2;2;;;;0;;;No;Congestionada;Seco y Limpio;P. Municipal;Si;No;No;No;No;Buen Tiempo;Buena;;Sin Restricción;;;V1;Colisión de 2 vehículos en carril derecho. Vehículo reanuda la marcha por sus medios, la moto a espera de grúa en apartadero derecho;;;Corte carril derecho 16:23 - 17:50;;
13/12/2016;10:05;;20161213-0040;C-P-ACC-01;M30;10XL90;EXTERIOR;Tronco;Superficie;Colisión de vehículos;Por alcance;3;3;;;;0;;;No;Congestionada;Seco y Limpio;P. Municipal;Si;No;Si;No;No;Buen Tiempo;Buena;;Sin Restricción;;;V2;Alcance entre vehículos en carril derecho.A mi llegada solo queda uno.;;;Corte carril derecho 19:45 - 20:10;;
13/12/2016;19:20;;20161213-0041;C-P-ACC-01;M30;10NL70;INTERIOR;Tronco;Superficie;Colisión de vehículos;Por alcance;2;2;;;;0;;;No;Congestionada;Seco y Limpio;;Si;No;Si;No;No;Buen Tiempo;Buena;;Sin Restricción;;;V1;colisión de 2 vehículos en carril derecho.;;;Corte carril derecho 19:20 - 19:43;;
13/12/2016;19:25;;20161213-0042;C-E-ACC-01;M30;12NL20;INTERIOR;Tronco;Superficie;Colisión de vehículos;Por alcance;1;1;;;1;1;;;No;Congestionada;Seco y Limpio;P. Municipal y SAMUR;No;No;;;;Buen Tiempo;Buena;;Sin Restricción;;;V1;Señalizar vehículo accidentado en arcén derecho derecho de C/Embajadores. Herido leve trasladado al hospital.;;;;;
13/12/2016;20:07;;20161213-0046;C-P-ACC-01;M30;31XC80;EXTERIOR;Tronco;Superficie;Colisión de vehículos;Por alcance;2;2;;;;0;;;No;Densa;Seco y Limpio;;No;No;No;No;No;Buen Tiempo;Buena;;Sin Restricción;;;V-1;Colisión de 2 vehiculos en carril derecho. En el punto solo queda 1 vehiculo.;;;;;
14/12/2016;10:10;;20161214-0020;C-P-ACC-01;M30;19XC50;EXTERIOR;Tronco;Superficie;Colisión de vehículos;Por alcance;2;2;;;;0;;;No;Fluida;Seco y Limpio;P. Municipal;No;No;No;No;No;Buen Tiempo;Buena;;Sin Restricción;;;V-2;Colisión de vehiculos carril derecho, sin heridos. Los pasamos con Policía arcen derecho.;;;;;
14/12/2016;10:59;;20161214-0022;C-P-ACC-01;M30;02XC90;EXTERIOR;Tronco;Superficie;Colisión de vehículos;Por alcance;2;2;;;;0;;;No;Fluida;Seco y Limpio;P. Municipal;No;No;No;No;No;Buen Tiempo;Buena;;Sin Restricción;;;M-4;Accidente por alcance entre 2 vehiculos, sinheridos, ni daños, prosiguen la marcha por sus medios.;;;;;
14/12/2016;15:35;;20161214-0030;C-E-ACC-01;M30;06XL40;EXTERIOR;VS;Superficie;Colisión de vehículos;Por alcance;2;2;;;1;1;;;No;Densa;Seco y Limpio;P. Municipal y SAMUR;Si;No;No;No;No;Buen Tiempo;Buena;;Sin Restricción;;;V-1;Colisión de 2 vehiculos en carril derecho.;;;;;
14/12/2016;17:30;;20161214-0035;C-E-ACC-01;M30;11XL50;EXTERIOR;Tronco;Superficie;Colisión de vehículos;Por alcance;2;2;;;2;1;;;No;Congestionada;Seco y Limpio;P. Municipal y SAMUR;No;No;No;No;No;Buen Tiempo;Buena;;Sin Restricción;;;V-1;Colisión de 2 vehiculos en carril izq. Policía lo traslada a arcen derecho.;;;;;
14/12/2016;19:55;;20161214-0041;C-P-ACC-01;M30;09XL50;EXTERIOR;Tronco;Superficie;Colisión de vehículos;Por alcance;2;2;;;;0;;;No;Fluida;Mojado;;No;No;No;No;No;Lluvia;Buena;;Sin Restricción;;;M-7;Accidente en arcen derecho.;;;;;
14/12/2016;20:20;;20161214-0043;C-P-ACC-01;M30;03XL60;EXTERIOR;VS;Superficie;Colisión de vehículos;Por alcance;2;2;;;;0;;;No;Congestionada;Mojado;P. Municipal;Si;No;No;No;No;Lluvia;Buena;;Sin Restricción;;;M-3/V-2;Accidente en carril central. 14:35 retiramos vehiculos al arcen derecho.;;;;;
14/12/2016;20:55;;20161214-0046;C-P-ACC-01;M30;22XC20;EXTERIOR;Tronco;Superficie;Colisión de vehículos;Por alcance;2;2;;;;0;;;No;Densa;Mojado;P. Municipal;Si;No;No;No;No;Lluvia;Buena;;Sin Restricción;;;V-2;Alcence entre vehiculos en carril izquierdo. Con ayuda de Policía salen de la via.;;;;;
14/12/2016;21:10;;20161214-0047;C-E-ACC-01;M30;00NC10;INTERIOR;Tronco;Superficie;Salida de vía;;1;;1;;1;0;1;;No;Densa;Mojado;P. Municipal y SAMUR;No;No;No;No;No;Lluvia;Buena;;Sin Restricción;;;V-1;Caida de motorista en calzada, traladado por Samur.;;;;;
14/12/2016;21:55;;20161214-0049;C-P-ACC-01;M30;08XC50;EXTERIOR;Tronco;Superficie;Colisión de vehículos;Por alcance;2;2;;;;0;;;No;Densa;Mojado;P. Municipal;Si;No;No;No;No;Lluvia;Buena;;Sin Restricción;;;V-2;Golpe de chapa entre vehiculos. un vehiculo es retirado por grúa exterior. El otro se retira por sus medios.;;;;;
15/12/2016;04:45;;20161215-0004;C-E-ACC-01;M30;31NC40;INTERIOR;Tronco;Superficie;Salida de vía;Frontal;1;1;;;1;1;;;Si;Fluida;Mojado;P. Municipal y SAMUR;Si;Si;Si;No;No;Lluvia;Buena;;Sin Restricción;;;V2;Señalizar accidente salida de vía con herido leve dado de alta en el punto.Daños al patrimonio. El veh lo retira su grúa.;8 Barreras - 9 CPN´s largos - 16 Separadores;1 l. desengrasante;Corte carril derecho 04:50 - 5:40;;
15/12/2016;07:29;;20161215-0006;T-P-ACC-01;M30;18RM23;EXTERIOR;Ramal;Túnel;Salida de vía;Frontal;1;1;;;;;;;No;Densa;Mojado;P. Municipal;Si;No;No;Si;No;Lluvia;Buena;;Sin Restricción;;;AIAM Portugal;Accidente salida de vía, se golpea con el bordillo hastial izq realizando trompo y quedándose parado carril dcho cortamos dicho carril,A nuestra llegada está Samur señalizando cargamos en C-10 y lo retiramos ;;;Corte carril derecho 07:39 - 08:07;;
15/12/2016;09:03;;20161215-0014;C-P-ACC-01;M30;03XC60;EXTERIOR;Tronco;Superficie;Otros;;1;;1;;;0;;;No;Densa;Mojado;P. Municipal y SAMUR;No;No;Si;No;No;Lluvia;Buena;;Sin Restricción;;;V1;Caída de motorista señalizo en arcén derecho atendido por el Samur y dado de alta en el lugar.;;;;;
15/12/2016;11:26;;20161215-0020;C-P-ACC-01;M30;12RV00;EXTERIOR;Ramal;Superficie;Salida de vía;;1;1;;;;0;;;Si;Densa;Mojado;P. Municipal;No;No;No;No;No;Lluvia;Buena;;Sin Restricción;;;V1;vehículo se sale de vía aen lado izquierdo produciendo daños al patrimonio.No hay heridos. Señalizo en arcén derecho.;4 Barreras - 2 CPN´s - 2 Separadores de barrera;;;;
15/12/2016;12:23;;20161215-0024;C-P-ACC-01;M30;31NC70;INTERIOR;Tronco;Superficie;Colisión de vehículos;Por alcance;2;1;;1;;0;;;No;Densa;Mojado;P. Municipal;Si;No;No;No;No;Buen Tiempo;Buena;;Sin Restricción;;;V1;Señalizo colisión de vehículos sin daños ni heridos.Un vehículo es de M-30 implicado (F-56).;;;Corte carril derecho 12:05 - 13:05;;
15/12/2016;13:05;;20161215-0027;C-P-ACC-01;M30;31NC70;INTERIOR;Tronco;Superficie;Colisión de vehículos;Por alcance;2;1;1;;;0;;;No;Densa;Mojado;P. Municipal;Si;No;No;No;No;Buen Tiempo;Buena;;Sin Restricción;;;V-2;Señalizar un accidente entre un turismo y un motorista en el carril izquierdo, cuando dicho turismo frena el motorista cae a calzada tambien cuando frena. Sin heridos ni daños la patrimonio. Ambos son trasladados al carril derecho y posteriormente se retiran del punto por sus medios.;;;Cortado el carril derecho desde las 13:05 h hasta las 13:40 h;;
15/12/2016;14:35;;20161215-0031;C-P-ACC-01;M30;05NL00;INTERIOR;VS;Superficie;Colisión de vehículos;Por alcance;2;1;1;;;0;;;No;Congestionada;Mojado;P. Municipal;Si;No;Si;No;No;Buen Tiempo;Buena;;Sin Restricción;;;V-1 / M-2;Señalizar un accidente entre un turismo y un motorista en el carril derecho. Sin heridos ni daños al patrimonio. ;;;Cortado el carril derecho desde las 14:35 h hasta las 15:05 h;;
15/12/2016;15:15;;20161215-0035;C-P-ACC-01;M30;31RJ30;EXTERIOR;Ramal;Superficie;Salida de vía;Lateral;1;1;;;;0;;;Si;Congestionada;Seco y Limpio;P. Municipal;Si;No;Si;No;No;Buen Tiempo;Buena;;Sin Restricción;;;V-2;Accidente de 1 vehículo por salida de vía que colisiona contra la barandilla del lateral izquierdo quedandose parado en el carril derecho.;2 metros de barandilla doblada;;Cortado el carril derecho desde las 15:25 h hasta las 16:15 h;;
15/12/2016;16:28;;20161215-0038;C-P-ACC-01;M30;09NC00;INTERIOR;Tronco;Superficie;Colisión de vehículos;Por alcance;2;2;;;;0;;;No;Congestionada;Mojado;P. Municipal;Si;No;No;No;No;Lluvia;Buena;;Sin Restricción;;;V-1;Accidente entre 2 vehículos por alcance ocupando el carril derecho.;;;Cortado el carril derecho desde las 16:31 h hasta las 17:32 h;;
15/12/2016;18:30;;20161215-0047;C-E-ACC-01;A2;04AL40;SALIDA;Tronco;Superficie;Otros;;1;;1;;1;1;;;No;Congestionada;Mojado;P. Municipal y SAMUR;Si;No;Si;No;No;Lluvia;Buena;;Sin Restricción;;;M-3;Accidente de 1 motorista por caída ocupando el carril derecho, 1 herido leve trasladado al hospital. A las 19:00 h la motocicleta es retirada al arcen derecho.;;;Cortado el carril derecho desde las 18:45 h hasta las 19:00 h;;
15/12/2016;20:30;;20161215-0050;C-P-ACC-01;M30;21XC80;EXTERIOR;Tronco;Superficie;Colisión de vehículos;Por alcance;4;4;;;1;1;;;No;Congestionada;Mojado;P. Municipal y SAMUR;No;No;Si;No;No;Lluvia;Buena;;Sin Restricción;;;V-2;Accidente entre 4 vehículos por alcance en el carril izquierdo, son trasladados al arcén derecho. 1 herido leve atendido por el samur.;;;;;
15/12/2016;20:34;;20161215-0051;;M30;06XL70;EXTERIOR;VS;Superficie;Colisión de vehículos;Por alcance;2;2;;;;0;;;No;Congestionada;Mojado;P. Municipal;Si;No;No;No;No;Lluvia;Buena;;Sin Restricción;;;V-1;Accidente entre 2 vehículos por alcance ocupando el carril derecho.;;;Cortado el carril derecho desde las 20:45 h hasta las 21:15 h;;
15/12/2016;21:00;;20161215-0053;C-P-ACC-01;M30;11NL00;INTERIOR;Tronco;Superficie;Colisión de vehículos;Por alcance;2;2;;;;0;;;No;Densa;Mojado;P. Municipal;No;No;No;No;No;Lluvia;Buena;;Sin Restricción;;;M-3;Accidente entre 2 vehículos por alcance ocupando el arcén derecho.;;;;;
15/12/2016;21:18;;20161215-0054;;M30;15RH30;EXTERIOR;Ramal;Túnel;Salida de vía;Contra mediana;1;1;;;;0;;;Si;Fluida;Mojado;P. Municipal;Si;No;No;Si;No;Lluvia;Buena;;Sin Restricción;;;AIAM Calderón;Accidente de 1 vehículo por salida de vía que impacta contra la peana donde va instalada la bañera. Sin heridos se corta el carril del ramal y dicho vehículo es retirado por la plataforma C-10 a la Calle Alejandro Dumas. No hay derrame de líquidos.;;Peana donde va instalada la bañera;Cortado el carril del ramal 15RH desde las 21:22 h hasta las 21:50 h;;
15/12/2016;22:03;;20161215-0057;C-P-ACC-01;M30;10XL60;EXTERIOR;Tronco;Superficie;Colisión de vehículos;Por alcance;3;3;;;;0;;;No;Fluida;Mojado;;Si;No;No;No;No;Buen Tiempo;Buena;;Sin Restricción;;;V-1;Accidente entre 3 vehículos por alcance ocupando el carril derecho hasta la retirada de los mismos por sus medios. Sin heridos ni daños al patrimonio.;;;Cortado el carril derecho desde las 22:04 h hasta las 22:05 h;;
15/12/2016;23:08;;20161215-0059;C-P-ACC-01;M30;24RH20;EXTERIOR;Ramal;Superficie;Colisión de vehículos;Por alcance;2;1;;1;;0;;;No;Fluida;Mojado;P. Municipal;Si;No;No;No;No;Buen Tiempo;Buena;;Sin Restricción;;;V-1;Accidente entre 1 turismo y 1 autobus por alcance ocupando el carril derecho hasta la retirada de los mismos por sus medios. Sin heridos ni daños al patrimonio.;;;Cortado el carril derecho desde las 23:09 h hasta las 23:20 h;;
15/12/2016;23:29;;20161215-0060;C-P-ACC-01;M30;31NC40;INTERIOR;Tronco;Superficie;Salida de vía;;1;1;;;;0;;;No;Fluida;Mojado;P. Municipal;Si;No;No;No;No;Lluvia;Buena;;Sin Restricción;;;V-1;Accidente de 1 vehículo por trompeo cuando se le rompe el embrague, ocupa el carril derecho. Sin heridos ni daños al patrimonio. Se retira del punto en su grúa.;;;Cortado el carril derecho desde las 23:38 h hasta las 23:57 h;;
16/12/2016;03:34;;20161216-0002;T-P-ACC-01;M30;18XC50;EXTERIOR;Tronco;Túnel;Salida de vía;;1;1;;;;;;;No;Fluida;Mojado;;No;No;No;No;No;Buen Tiempo;Buena;;Sin Restricción;;;AIAM pORTUGAL;El vehículo se ha marchado antes de llegar, no hay daños en el túnel.;;;;;
16/12/2016;08:16;;20161216-0004;C-P-ACC-01;M30;12NL30;INTERIOR;Tronco;Superficie;Colisión de vehículos;Por alcance;2;2;;;;1;;;No;Fluida;Seco y Limpio;P. Municipal;Si;No;No;No;No;Buen Tiempo;Buena;;Sin Restricción;;;V1;Señalizar accidente por alcance sin daños a patrimonio ni heridos en carril derecho. El vehículo 1 lo retira grúas Ollero y el vehículo 2 se retira por sus medios;;;;;
16/12/2016;08:22;;20161216-0005;C-P-ACC-01;M30;23NC90;INTERIOR;Tronco;Superficie;Salida de vía;;1;;1;;1;1;;;No;Congestionada;Seco y Limpio;P. Municipal;Si;No;No;No;No;Buen Tiempo;Buena;;Sin Restricción;;;V2;Accidente de moto en carril derecho sin contrario. El herido es trasladado con pronóstico leve. Policía saca la moto a Arroyofresno;;;;;
16/12/2016;10:15;;20161216-0011;C-E-ACC-01;M30;22NC20;INTERIOR;Tronco;Superficie;Salida de vía;;1;;1;;1;1;;;No;Densa;Mojado;P. Municipal y SAMUR;Si;No;No;No;No;Lluvia;Buena;;Sin Restricción;;;V-2/F-56;Caída de motorista sin contrario en carril derecho. El herido es trasladado al Hospital Gómez Ulla;;;;;
16/12/2016;13:58;;20161216-0020;C-E-ACC-01;M30;12RV10;EXTERIOR;Ramal;Superficie;Salida de vía;;1;1;;;1;1;;;Si;Densa;Seco y Limpio;P. Municipal y SAMUR;Si;No;Si;No;No;Buen Tiempo;Buena;;Sin Restricción;;;M1/V1;Vehículo se sale de via causando daños a patrimonio;4CPN / 4 separadores y 3 barreras;;;;
16/12/2016;13:55;;20161216-0022;C-E-ACC-01;M30;11XL40;EXTERIOR;Tronco;Superficie;Colisión de vehículos;Por alcance;4;4;;;2;1;;;No;Congestionada;Mojado;P. Municipal y SAMUR;Si;No;Si;No;No;Buen Tiempo;Buena;;Sin Restricción;;;M1/M2;Accidente por alcance de 4 vehículos carril izquierdo, con dos heridos leves que SAMUR le da el alta en el lugar del accidente. Se efectúa limpieza de calzada. ;;;;;
16/12/2016;14:00;;20161216-0023;  T-E-ACC-01;M30;18RM10;EXTERIOR;Ramal;Túnel;Salida de vía;Frontal;1;1;;;;4;;;Si;Congestionada;Mojado;P. Municipal y SAMUR;Si;No;No;No;Si;Buen Tiempo;Buena;;Sin Restricción;;;AIAM Calderón;Accidente vehículo cuerpo especial de Policía Nacional. Recogemos la zona y aplicamos procedimientos. Señalización/comunicación y estabilización de vehículo. Saca plataforma de Policía Nacional.. ;1 luminaria de señalización evacuación / 4 metros de bordillo / portico de SE lateral derecho / 1 panel de vitrex;;;;
16/12/2016;19:55;;20161216-0041;C-P-ACC-01;M30;12NL50;INTERIOR;Tronco;Superficie;Colisión de vehículos;Por alcance;2;1;1;;;1;;;No;Densa;Mojado;P. Municipal;Si;No;No;No;No;Buen Tiempo;Buena;;Sin Restricción;;;V1;Colisión entre un turismo y una moto. Al llegar al punto solo queda la moto que está reanudando la marcha (no foto);;;;;
16/12/2016;20:15;;20161216-0042;C-E-ACC-01;M30;12NL20;INTERIOR;Tronco;Superficie;Colisión de vehículos;Por alcance;3;3;;;1;1;;;No;Densa;Mojado;P. Municipal y SAMUR;Si;No;Si;No;No;Buen Tiempo;Buena;;Sin Restricción;;;V1;Colisión de 3 vehículos en carril central. ;;;;;
16/12/2016;20:17;;20161216-0043;T-P-ACC-01;M30;14RM25;EXTERIOR;Ramal;Túnel;Colisión de vehículos;Por alcance;2;1;1;;;;;;No;Fluida;Seco y Limpio;;No;No;No;No;No;Buen Tiempo;Buena;;Sin Restricción;;;AIAM Calderón;A nuestra llegada estan terminado de intercambiar datos y salen por sus medios. No cortamos carril;;;;;
16/12/2016;21:05;;20161216-0045;C-E-ACC-01;M30;20XC30;EXTERIOR;Tronco;Superficie;Colisión de vehículos;Por alcance;3;3;;;6;6;;;No;Congestionada;Mojado;P.M., SAMUR y Bomberos;Si;No;No;No;No;Buen Tiempo;Buena;;Sin Restricción;;;V2/M2;Alcance entre vehículos. Ocho heridos, 2 dados de alta en el punto y 6 trasladados por SAMUR;;;;;
16/12/2016;21:53;;20161216-0046;C-P-ACC-01;M30;08NC00;INTERIOR;Tronco;Superficie;Colisión de vehículos;Por alcance;2;1;1;;;0;;;No;Fluida;Seco y Limpio;P. Municipal;Si;No;Si;No;No;Buen Tiempo;Buena;;Sin Restricción;;;V1;Colisión de moto y coche. Carril izquierdo sin heridos ni daños. Corto hasta retirada de ambos con grúas propias;;;;;
16/12/2016;22:30;;20161216-0048;C-E-ACC-01;M30;05NL90;INTERIOR;VS;Superficie;Colisión de vehículos;Por alcance;2;1;1;;1;1;;;No;Fluida;Seco y Limpio;P. Municipal y SAMUR;Si;No;Si;No;No;Buen Tiempo;Buena;;Sin Restricción;;;V1 / V2;Colisión moto/coche con heridos sin daños en carril izquierdo. Corto carril hasta que SAMUR atiende y traslada a usuario de moto (leve) al Hospital La Princesa. Vehículo 1 con grúa propia y vehículo 2 con grúas Ollero. ;;;;;
17/12/2016;05:07;;20161217-0004;C-E-ACC-01;M30;07CL00;INTERIOR;Ramal;Superficie;Salida de vía;;1;1;;;;1;;;Si;Fluida;Seco y Limpio;P.M., SAMUR y Bomberos;Si;No;No;No;Si;Buen Tiempo;Buena;;Sin Restricción;;;V1 / V2;Salida de vía con resultado de vuelco en 07CL, con daños y heridos. 1 herido trasladado al Hospital Gregorio Marañon con pronóstico reservado. Se cortan 3 carriles;1 amortiguador completo, 1 base, 1 bañera y 4 hitos;;;;