Fecha;Hora;Día;Nº Incidencia;sitrem;Carretera;MC30;Calzada;Localización;Enlace;Tipo de accidente;Tipo de colisión;Nº Vehículos implicados;Nº Turismos;Nº Motocicletas;Nº vehículos pesados;H.L.;hl;hg;vm;Daños al mobiliario urbano;Circulación;Estado del Firme;Presencia Recursos Externos;Corte Carril;Vertido;Grúa usuario;Grúa Propia EMESA;Grúa Movilidad;Factores Atmosféricos;Visibilidad señalización;Señalización de Peligro;Visibilidad restringida por;Aceras;Árboles;Vehículos denominación;Descripción del accidente;Daños causados al viario;Materiales utilizados;Observaciones;;
17/12/2016;05:54;;20161217-0006;T-P-ACC-01;M30;11XC50;EXTERIOR;Tronco;Túnel;Salida de vía;Lateral;1;1;;;;;;;No;Fluida;Seco y Limpio;P. Municipal;Si;Si;No;SI;No;Buen Tiempo;Buena;;Sin Restricción;;;AIAM Calderón;El vehículo se encuentra sobre sus cuatro ruedas. No SAMUR. Solicitan C-10. Sacamos el vehículo a la C/ Bosco;;1 Kg de sepiolita;;;
17/12/2016;06:26;;20161217-0007;C-E-ACC-01;M30;21XC40;EXTERIOR;Tronco;Superficie;Salida de vía;;1;1;;;;1;;;Si;Fluida;Seco y Limpio;P.M., SAMUR y Bomberos;Si;No;No;No;No;Buen Tiempo;Buena;;Sin Restricción;;;V1;Salida de vía en isleta central produciendo daños al patrimonio. Corte total de ramal, herido sin pronóstico es trasladado. Recojo restos y limpio calzada de barro;5 barreras, 1 terminal de barrera, 5 CPN, 1 señal vertical de dirección, coble poste, 1 bañera y 5 hitos;;;;
17/12/2016;13:52;;20161217-0022;C-P-ACC-01;M30;12NL20;INTERIOR;Tronco;Superficie;Colisión de vehículos;Por alcance;2;2;;;;0;;;No;Densa;Seco y Limpio;P. Municipal;Si;No;Si;No;No;Buen Tiempo;Buena;;Sin Restricción;;;V1;Accidente en carriles centrales. Policía saca los vehículos a la C/ Embajadores. Señalizo en arcén derecho,, se queda un vehículo señalizado a la espera de grúa;;;;;
17/12/2016;18:45;;20161217-0026;C-P-ACC-01;M30;11XL60;EXTERIOR;Tronco;Superficie;Colisión de vehículos;Por alcance;3;3;;;;0;;;No;Fluida;Seco y Limpio;P. Municipal;Si;No;Si;No;No;Buen Tiempo;Buena;;Sin Restricción;;;V1;Colisión por alcance sin heridos ni daños en carril izquierdo. Se corta tráfico pasando éstos al carril derecho, corto carril derecho hasta retirada. ;;;;;
17/12/2016;19:44;;20161217-0028;T-P-ACC-01;M30;14XL99;EXTERIOR;Tronco;Túnel;Colisión de vehículos;Por alcance;2;2;;;;;;;No;Densa;Seco y Limpio;P. Municipal;Si;No;No;No;No;Buen Tiempo;Buena;;Sin Restricción;;;AIAM Calderón;Colisión de 2 vehículos por alcance, sin víctimas. Los vehículos salen por sus medios. ;;;;;
17/12/2016;20:40;;20161217-0030;C-P-ACC-01;M30;12NL20;INTERIOR;Tronco;Superficie;Colisión de vehículos;Lateral;2;2;;;;0;;;No;Fluida;Seco y Limpio;P. Municipal;Si;No;Si;No;No;Buen Tiempo;Buena;;Sin Restricción;;;V1 / F53;Colisión de vehículos en entrada al 12RA, solo 1 vehículo en el punto. Sacamos vehículo al arcén derecho del 12RA hasta retirada en grúa propia. Sin heridos ni daños;;;;;
18/12/2016;01:07;;20161218-0003; T-E-ACC-01;M30;13XL37;EXTERIOR;Tronco;Túnel;Colisión de vehículos;Por alcance;2;2;;;1;1;;;No;Densa;Seco y Limpio;P. Municipal y SAMUR;Si;No;Si;No;Si;Buen Tiempo;Buena;;Sin Restricción;;;AIAM Portugal;Accidente de vehículos. Se trata de un alcance de dos vehículos, señalizamos con Bul C-15. Los vehículos los retiran una grúa de movilidad y la del usuario respectivamente. El herido es dado de alta en el lugar;;;;;
18/12/2016;03:10;;20161218-0004;C-P-ACC-01;M30;09XL40;EXTERIOR;Tronco;Superficie;Colisión de vehículos;Por alcance;2;2;;;;0;;;No;Fluida;Seco y Limpio;P. Municipal;Si;No;Si;No;No;Buen Tiempo;Buena;;Sin Restricción;;;V1;Vehículo parado en arcén derecho, pregunto a usuario y dice que otro vehículo ha colisionado con él, dandose a la fuga. Corto carril derecho hasta retirada con grúa propia;;;;;
18/12/2016;05:20;;20161218-0005;C-E-ACC-01;M30;04XC10;EXTERIOR;Tronco;Superficie;Otros;;4;4;;;;3;4;;Si;Fluida;Seco y Limpio;P. Municipal, P. Nacional, Bomberos y SAMUR;Si;Si;;;;Buen Tiempo;Buena;;Sin Restricción;;;V1 / V2;Accidente provocado por kamikaze, con heridos y daños. Se corta XC, en 06XC60 desviando el tráfico por 06CN a las 05:26, y se corta el 04CT a las 5:28, hasta que equipos de emergencia actuan y se limpia calzada con apoyo de retenes. Herido de vehículo 2 trasladado a la PAZ, heridos de los vehículos 3 y 4 al Gregorio Marañon. A las 08:35 se ertiran los cortes.;tres barreras, 3 CPN, 3 separadores;Sepiolita gruesa y desengrasante;corte total del tronco 05:26 a 08:35;;
19/12/2016;09:18;;20161219-0009;C-P-ACC-01;M30;08RM20;EXTERIOR;Ramal;Superficie;Colisión de vehículos;Lateral;2;2;;;;0;;;No;Densa;Seco y Limpio;P. Municipal;No;No;No;No;No;Buen Tiempo;Buena;;Sin Restricción;;;M-4;Alcance lateral leve, Policía lo saca de zona.;;;;;
19/12/2016;13:01;;20161219-0014;T-P-ACC-01;M30;18RN24;EXTERIOR;Ramal;Túnel;Colisión de vehículos;Por alcance;2;2;;;;;;;No;Densa;Seco y Limpio;;No;No;No;No;No;Buen Tiempo;Buena;;Sin Restricción;;;AIAM Calderón;Colisión por alcance de varios vehiculos, sin daños personales, ni materiales. Todos se retiran por sus medios.;;;;;
19/12/2016;14:21;;20161219-0016;C-E-ACC-01;A4;04UL50;SALIDA;Tronco;Superficie;Colisión de vehículos;Por alcance;5;5;;;1;1;;;No;Congestionada;Seco y Limpio;P. Municipal;Si;No;Si;No;No;Buen Tiempo;Buena;;Sin Restricción;;;V-1/V-2;Accidente en carril izquierdo, 1 herido leve dado de alta en el lugar.;;;;;
19/12/2016;15:10;;20161219-0017;C-P-ACC-01;M30;29NC80;INTERIOR;Tronco;Superficie;Colisión de vehículos;Por alcance;3;2;;1;;0;;;No;Fluida;Seco y Limpio;;Si;No;Si;No;No;Buen Tiempo;Buena;;Sin Restricción;;;M-2;Señalizar vehiculos accidentados en carril derecho.;;;;;
19/12/2016;19:35;;20161219-0028;C-P-ACC-01;M30;31XC60;EXTERIOR;Tronco;Superficie;Colisión de vehículos;Por alcance;1;1;;;;0;;;No;Fluida;Seco y Limpio;P. Municipal;Si;No;Si;No;No;Buen Tiempo;Buena;;Sin Restricción;;;M-2/V-2;Señalizar vehiculo accidentado en carril y arcen derecho.;;;;;
19/12/2016;20:20;;20161219-0032;C-E-ACC-01;M30;08NL80;INTERIOR;VS;Superficie;Colisión de vehículos;Por alcance;5;5;;;;1;;;No;Congestionada;Seco y Limpio;P. Municipal y SAMUR;Si;No;Si;No;Si;Buen Tiempo;Buena;;Sin Restricción;;;M-2/V-2;Señalizar vehiculos accidentados en carrril izquierdo.;;;;;
20/12/2016;01:48;;20161220-0001;C-E-ACC-01;M30;29NC90;INTERIOR;Tronco;Superficie;Colisión de vehículos;Por alcance;2;2;;;1;1;;;No;Fluida;Seco y Limpio;P. Municipal y SAMUR;Si;Si;Si;No;No;Buen Tiempo;Buena;;Sin Restricción;;;V-2;Accidente entre 2 vehículos en el carril izquierdo. 1 herido leve dado de alta en el punto por el Samur. Se realiza limpieza de restos y vertido de combustible. Policía Municipal los retira fuera de M-30.;;Sepiolita gruesa;Cortado el carril izquierdo desde las 01:52 h hasta las 02:10 h;;
20/12/2016;06:35;;20161220-0004;;M30;06NC50;INTERIOR;Tronco;Superficie;Salida de vía;Lateral;1;1;;;;0;;;No;Fluida;Seco y Limpio;P. Municipal;Si;No;No;No;No;Buen Tiempo;Buena;;Sin Restricción;;;V-1;Accidente de 1 vehículo por salida de vía. Sin heridos ni daños al patrimonio. Es retirado por la grúa de Lopez Ollero fuera de zona.;;;Cortado el carril derecho desde las 06:40 h hasta las 07:14 h;;
20/12/2016;09:14;;20161220-0009;C-E-ACC-01;M30;08XC60;EXTERIOR;Tronco;Superficie;Otros;;1;;1;;1;1;;;No;Congestionada;Seco y Limpio;P. Municipal y SAMUR;Si;No;Si;No;No;Buen Tiempo;Buena;;Sin Restricción;;;V-2 / M-4;Accidente de 1 motorista por caida en el carril izquierdo, resulta herido leve y trasladado al hospital. La motocicleta es trasladada al arcen derecho de la V/S del PK 8+500 (XL) y posteriormente es retirada por su grúa.;;;Cortado el carril izquierdo desde las 09:14 h hasta las 09:50 h;;
20/12/2016;14:30;;20161220-0022;C-P-ACC-01;M30;10NL60;INTERIOR;Tronco;Superficie;Colisión de vehículos;Por alcance;3;3;;;;0;;;No;Densa;Seco y Limpio;P. Municipal;Si;No;Si;No;No;Buen Tiempo;Buena;;Sin Restricción;;;V-1 / M-2;Accidente entre 3 vehículos por alcance ocupando el carril y arcén derechos.;;1 bolsa;Cortado el carril derecho desde las 14:34 h hasta las 15:30 h;;
20/12/2016;16:42;;20161220-0026;C-E-ACC-01;M30;12RH70;INTERIOR;Ramal;Superficie;Otros;;1;;1;;1;1;;;Si;Congestionada;Seco y Limpio;P. Municipal y SAMUR;Si;No;Si;No;No;Buen Tiempo;Buena;;Sin Restricción;;;V-1;Accidente de 1 motorista por caida en el margen derecho, se corta el carril derecho y dicho motorista resilta herido leve siendo trasladado al Hospital 12 de Octubre.;1 CPN;;Cortado el carril derecho desde las 16:58 h hasta las 17:15 h;;
20/12/2016;20:27;;20161220-0035;C-P-ACC-01;M30;10RA00;INTERIOR;Ramal;Superficie;Colisión de vehículos;Por alcance;2;1;;1;;0;;;No;Fluida;Seco y Limpio;P. Municipal;Si;No;No;No;No;Buen Tiempo;Buena;;Sin Restricción;;;V-1;Accidente entre 1 turismo y 1 camión por alcance ocupando el carril derecho.;;;Cortado el carril derecho desde las 20:27 h hasta las 20:40 h;;
20/12/2016;20:52;;20161220-0036;C-E-ACC-01;M30;08NL30;INTERIOR;VS;Superficie;Colisión de vehículos;Por alcance;3;3;;;;2;;;No;Congestionada;Seco y Limpio;P. Municipal y SAMUR;Si;No;No;No;No;Buen Tiempo;Buena;;Sin Restricción;;;V-1 / V-2;Accidente entre 3 vehículos por alcance ocupando el carril derecho. 2 heridos trasladados por el Samur sin pronosticar al hospital.;;;Cortado el carril derecho desde las 21:09 h hasta las 22:00 h;;
20/12/2016;21:05;;20161220-0037;T-P-ACC-01;M30;08RR08;EXTERIOR;Ramal;Túnel;Salida de vía;Lateral;1;1;;;;0;;;No;Fluida;Seco y Limpio;P. Municipal y P. Nacional;No;No;No;No;No;Buen Tiempo;Buena;;Sin Restricción;;;AIAM Calderón;Accidente de 1 vehículo por salida de vía rozando en el bordillo derecho. Policía Nacional pasa por el punto y lo inmoviliza hasta la llegada de atestados de la Policía Municipal, estos se hacen cargo del vehículo y del conductor.;;;;;
21/12/2016;07:10;;20161221-0002;C-E-ACC-01;M30;06XL90;EXTERIOR;VS;Superficie;Colisión de vehículos;Por alcance;3;3;;;;1;;;No;Densa;Seco y Limpio;P. Municipal y SAMUR;Si;No;Si;No;No;Buen Tiempo;Buena;;Sin Restricción;;;V-1;Señalizar accidente por alcance em carril izquierdo sin daños a patrimonio y un herido trasladado al hospital gregorio marañón sin pronosticar.;;;;;
21/12/2016;14:30;;20161221-0013;C-P-ACC-01;M30;09XL70;EXTERIOR;Tronco;Superficie;Colisión de vehículos;Por alcance;2;2;;;;0;;;No;Fluida;Seco y Limpio;P. Municipal;No;No;No;No;No;Buen Tiempo;Buena;;Sin Restricción;;;M-2;Señalizar vehículos en arcén derecho.;;;;;
21/12/2016;18:50;;20161221-0023;C-E-ACC-01;M30;07XL10;EXTERIOR;VS;Superficie;Colisión de vehículos;Por alcance;2;2;;;1;2;;;No;Congestionada;Seco y Limpio;P. Municipal y SAMUR;Si;No;Si;No;No;Buen Tiempo;Buena;;Sin Restricción;;;M-2/V-1;Señalizar vehículos en carril izquierdo, 2 heridos leves trasladados al hospital.;;;;;
21/12/2016;21:30;;20161221-0028;C-P-ACC-01;M30;05NL40;INTERIOR;VS;Superficie;Colisión de vehículos;Por alcance;3;2;;1;2;2;;;No;Fluida;Seco y Limpio;P. Municipal y SAMUR;No;No;No;No;No;Buen Tiempo;Buena;;Sin Restricción;;;V-2;Alcance entre vehículos ya en arcén son atendidos 2 ocupantes leves.;;;;;
21/12/2016;21:25;;20161221-0030;C-E-ACC-01;M30;12XL50;EXTERIOR;Tronco;Superficie;Colisión de vehículos;Lateral;2;1;1;;;1;1;;No;Congestionada;Seco y Limpio;P. Municipal y SAMUR;Si;No;Si;No;No;Buen Tiempo;Buena;;Sin Restricción;;;V-2;Golpe lateral entre moto y turismo, motorista queda tendido en el suelo atendiso por Samur y trasladados los dos ocupantes de la moto.;;;;;
22/12/2016;06:00;;20161222-0002;  T-E-ACC-01;M30;14XL89;EXTERIOR;Tronco;Túnel;Vuelco;;1;1;;;;1;;;Si;Fluida;Seco y Limpio;P. Municipal y SAMUR;Si;No;No;Si;No;Buen Tiempo;Buena;;Sin Restricción;;;AIAM Calderón;Vuelco total, con daños al patrimonio y conductor trasladado al 12 de Octubre con pronóstico reservado.;;;;;
22/12/2016;08:33;;20161222-0008;C-E-ACC-01;M30;08XL00;EXTERIOR;VS;Superficie;Colisión de vehículos;Lateral;2;1;1;;1;1;;;No;Congestionada;Seco y Limpio;P. Municipal y SAMUR;No;No;No;No;No;Buen Tiempo;Buena;;Sin Restricción;;;M-1/V-1;Accidente lateral entre turismo y moto, en arcén derecho, herido leve (motorista) gregorio marañón.;;;;;
22/12/2016;14:11;;20161222-0020;C-P-ACC-01;M30;06XL20;EXTERIOR;VS;Superficie;Otros;;1;;1;;;0;;;No;Congestionada;Seco y Limpio;P. Municipal;Si;No;Si;No;No;Buen Tiempo;Buena;;Sin Restricción;;;V-1;Accidente en carril derecho sin heridos.;;;;;
22/12/2016;15:27;;20161222-0023;C-P-ACC-01;M30;05XL10;EXTERIOR;VS;Superficie;Colisión de vehículos;Lateral;2;1;1;;;1;;;No;Congestionada;Seco y Limpio;P. Municipal;Si;No;Si;No;No;Buen Tiempo;Buena;;Sin Restricción;;;V-1;Accidente sin heridosen carril izquierdo 15:45h retiramos vehículos al pk 4+900 arcén derecho.;;;;;
22/12/2016;15:29;;20161222-0024;T-P-ACC-01;M30;13XL37;EXTERIOR;Tronco;Túnel;Colisión de vehículos;Por alcance;3;3;;;;;;;No;Densa;Seco y Limpio;;No;No;No;No;No;Buen Tiempo;Buena;;Sin Restricción;;;AIAM Calderón;Alcance entre vehículos, se retiran por sus medios.;;;;;
22/12/2016;19:35;;20161222-0036;C-P-ACC-01;M30;03NL10;INTERIOR;VS;Superficie;Colisión de vehículos;Por alcance;3;3;;;;0;;;No;Densa;Seco y Limpio;P. Municipal;No;No;No;No;No;Buen Tiempo;Buena;;Sin Restricción;;;V-1;Accidente entre 3 vehículos por alcance ocupando el arcén derecho.;;;;;
22/12/2016;20:30;;20161222-0037;C-E-ACC-01;A4;04UT90;ENTRADA;Tronco;Superficie;Colisión de vehículos;Por alcance;2;2;;;1;1;;;No;Congestionada;Seco y Limpio;P. Municipal y SAMUR;Si;No;Si;No;No;Buen Tiempo;Buena;;Sin Restricción;;;V-1;Accidente entre 2 vehículos por alcance ocupando el carril derecho. 1 herido leve trasladado al hospital por el Samur que no se encuentra en el punto cuando llega el vigilante.;;;Cortado el carril derecho desde las 20:48 h hasta las 21:25 h;;
22/12/2016;20:35;;20161222-0038;C-P-ACC-01;M30;12NL80;INTERIOR;Tronco;Superficie;Colisión de vehículos;Por alcance;2;2;;;;0;;;No;Densa;Seco y Limpio;P. Municipal;No;No;No;No;No;Buen Tiempo;Buena;;Sin Restricción;;;V-2;Accidente entre 2 vehículos por alcance, cuando llega el vigilante se retiran del punto.;;;;;
22/12/2016;20:55;;20161222-0041;C-E-ACC-01;M30;12NL50;INTERIOR;Tronco;Superficie;Colisión de vehículos;Por alcance;3;3;;;;2;;;No;Densa;Seco y Limpio;P. Municipal;No;No;No;No;No;Buen Tiempo;Buena;;Sin Restricción;;;V-2;Accidente entre 3 vehículos por alcance en el carril derecho, posteriormente se retiran al arcén.;;;;;
23/12/2016;10:31;;20161223-0012;T-P-ACC-01;M30;11XC29;EXTERIOR;Tronco;Túnel;Salida de vía;Lateral;1;1;;;;;;;No;Fluida;Seco y Limpio;;Si;No;No;Si;No;Buen Tiempo;Buena;;Sin Restricción;;;AIAM Portugal;Accidente de 1 vehículo por salida de vía que se golpea contra el hastial izquierdo y se queda parado en el carril derecho. Sin heridos ni daños al patrimonio. Es cargado en el híbrido y sacado a la C/ El Bosco.;;;Cortado el carril derecho desde las 10:38 h hasta las 10:46 h;;
23/12/2016;12:32;;20161223-0018;C-E-ACC-01;M30;02XL30;EXTERIOR;VS;Superficie;Colisión de vehículos;Por alcance;3;3;;;;0;1;;No;Densa;Seco y Limpio;P. Municipal y SAMUR;Si;Si;Si;No;No;Buen Tiempo;Buena;;Sin Restricción;;;V-1 / V-2;Accidente entre 3 vehículos por alcance ocupando el carril izquierdo. 1 herido sin pronosticar trasladado al Hospital 12 de Octubre. Los vehículos son retirados por sus grúas.;;;Cortado el carril izquierdo desde las 12:32 h hasta las 14:00 h;;
23/12/2016;13:19;;20161223-0021;T-P-ACC-01;M30;17NC27;INTERIOR;Tronco;Túnel;Colisión de vehículos;Por alcance;2;2;;;;;;;No;Densa;Seco y Limpio;P. Municipal y SAMUR;Si;No;No;Si;No;Buen Tiempo;Buena;;Sin Restricción;;;AIAM Calderón;Accidente entre 2 vehículos por alcance ocupando el carril derecho. Sin heridos ni daños al patrimonio. Ambos vehículos son retirados por la grúa hibrido y la plataforma de Base Calderón.;;;Cortado el carril derecho desde las 13:25 h hasta las 13:54 h;;
23/12/2016;15:18;;20161223-0025;C-P-ACC-01;M30;00XC40;EXTERIOR;Tronco;Superficie;Colisión de vehículos;Por alcance;2;2;;;;0;;;No;Densa;Seco y Limpio;;No;No;Si;No;No;Buen Tiempo;Buena;;Sin Restricción;;;V-1;Accidente entre 2 vehículos por alcance leve en carriles centrales que son trasladados al arcén derecho.;;;;;
23/12/2016;19:47;;20161223-0036;C-P-ACC-01;M30;08NL50;INTERIOR;VS;Superficie;Colisión de vehículos;Por alcance;2;2;;;;0;;;No;Densa;Seco y Limpio;P. Municipal;No;No;No;No;No;Buen Tiempo;Buena;;Sin Restricción;;;V-1;Accidente entre 2 vehículos por alcance leve ocupando al arcén derecho que reanudan la marcha por sus medios.;;;;;
23/12/2016;20:02;;20161223-0037;C-P-ACC-01;M30;09NL00;INTERIOR;Tronco;Superficie;Colisión de vehículos;Por alcance;2;2;;;;0;;;No;Densa;Seco y Limpio;P. Municipal;No;No;No;No;No;Buen Tiempo;Buena;;Sin Restricción;;;V-1;Accidente por alcance leve 2 vehiculos. se cogen los datos y reanudan la marcha porsus medios.;;;;;
23/12/2016;21:40;;20161223-0041;C-P-ACC-01;M30;10XL00;EXTERIOR;Tronco;Superficie;Colisión de vehículos;Por alcance;2;2;;;;0;;;No;Densa;Seco y Limpio;P. Municipal;No;No;No;No;No;Buen Tiempo;Buena;;Sin Restricción;;;V-1/V-2;Aviso de accidente. A nuestra llegada se retiran por sus medios.;;;;;
24/12/2016;13:43;;20161224-0019;;M30;10XL00;EXTERIOR;Tronco;Superficie;Colisión de vehículos;Por alcance;2;2;;;;0;;;No;Fluida;Seco y Limpio;P. Municipal;Si;No;Si;No;No;Buen Tiempo;Buena;;Sin Restricción;;;V-2;Accidente chapa con Policía. Los pasamos al arcen del 9+600. señalizo.;;;;;
24/12/2016;20:05;;20161224-0021;C-P-ACC-01;M30;12NL30;INTERIOR;Tronco;Superficie;Colisión de vehículos;Por alcance;2;2;;;;0;;;No;Fluida;Seco y Limpio;P. Municipal;No;No;No;No;No;Buen Tiempo;Buena;;Sin Restricción;;;V-2;Señalizo colisión de vehiculos sin dalos, ni heridos.;;;;;
26/12/2016;14:10;;20161226-0009;C-E-ACC-01;M30;09NL10;INTERIOR;Tronco;Superficie;Colisión de vehículos;Por alcance;2;2;;;1;1;;;No;Fluida;Seco y Limpio;P. Municipal y SAMUR;Si;No;Si;No;No;Buen Tiempo;Buena;;Sin Restricción;;;V-1;Colisión alcance sin daños con heridos, carril derecho, corto xcarril derecho hasta retirada de ambos en grúas propias. Samur atiende a 1 usuario vehiculo 2, dando alta en el punto.;;;;;
27/12/2016;17:18;;20161227-0025;C-E-ACC-01;M30;04RT10;INTERIOR;Ramal;Superficie;Colisión de vehículos;Lateral;2;1;1;;1;1;;;No;Densa;Seco y Limpio;P. Municipal y SAMUR;Si;;;;;Buen Tiempo;Buena;;Sin Restricción;;;V-1;Colisión de dos vehículos en ramal con herido dado de alta en el punto.;;;corto medio carril  de 17:34 / 17:52;;
27/12/2016;18:51;;20161227-0029;C-E-ACC-01;M30;03NL20;INTERIOR;VS;Superficie;Colisión de vehículos;Lateral;2;1;1;;1;1;;;No;Densa;Seco y Limpio;P. Municipal y SAMUR;Si;;;;;Buen Tiempo;Buena;;Sin Restricción;;;v-1;Colisión de dos vehículos en carril derecho con heridos.;;;Carril derecho 18:51 / 19:35;;
27/12/2016;19:14;;20161227-0030;T-P-ACC-01;M30;13NL91;INTERIOR;Tronco;Túnel;Colisión de vehículos;Por alcance;2;2;;;;;;;No;Densa;;;No;;;;;Buen Tiempo;Buena;;Sin Restricción;;;AIAM Valencia;Activación de accidente entre dos vehículos, justo a nuestra llegada CCT nos comunica que los vehículos se retiran por sus medios.;;;;;
27/12/2016;21:15;;20161227-0032;C-P-ACC-01;M30;30NC90;INTERIOR;Tronco;Superficie;Colisión de vehículos;Por alcance;3;3;;;;0;;;No;Densa;Seco y Limpio;P. Municipal;No;No;Si;No;No;Buen Tiempo;Buena;;Sin Restricción;;;V1/V2;Alcance entre vehículos 30+500, policía retira vehículos al 31RA a la espera de asistencia.;;;;;
28/12/2016;09:44;;20161228-0005;C-P-ACC-01;M30;20RE00;EXTERIOR;Ramal;Superficie;Colisión de vehículos;Por alcance;3;3;;;;0;;;No;Fluida;Seco y Limpio;P. Municipal;Si;;Si;No;No;Buen Tiempo;Buena;;Sin Restricción;;;V1;Colisión multiple entre vehículos por frenar uno de ellos;;;Carril derecho 09:55 a 10:49;;
28/12/2016;15:06;;20161228-0011;C-P-ACC-01;M30;05XL10;EXTERIOR;VS;Superficie;Colisión de vehículos;Por alcance;2;2;;;;0;;;No;Densa;Seco y Limpio;P. Municipal;No;;;;;Buen Tiempo;Buena;;Sin Restricción;;;V-1;Colisión de dos vehículos. Arcén derecho;;;;;
28/12/2016;17:56;;20161228-0016;C-P-ACC-01;M30;12NL50;INTERIOR;Tronco;Superficie;Colisión de vehículos;Por alcance;2;2;;;;0;;;No;Congestionada;Seco y Limpio;P. Municipal;;No;No;No;No;Buen Tiempo;Buena;;Sin Restricción;;;V-1;Colisión de dos vehículos. Usuarios toman datos y reanudan marcha.;;;;;
29/12/2016;11:25;;20161229-0015; T-E-ACC-01;M30;15RH30;EXTERIOR;Ramal;Túnel;Salida de vía;;1;;1;;1;1;;;No;Fluida;Seco y Limpio;P. Municipal y SAMUR;Si;No;No;No;Si;;Buena;;Sin Restricción;;;AIAM Calderón;Conductor de la moto nos dice que ha perdido el control de moto.Rondas en el punto, al igual que Samur, policía nacional y Movilidad.La acompañante es dada de alta en el punto. La moto sale por sus medios.;;;Corte 11:29 - 11:42;;
29/12/2016;13:48;;20161229-0019;C-P-ACC-01;M30;12RL50;EXTERIOR;Ramal;Superficie;Colisión de vehículos;Por alcance;2;2;;;;0;;;No;Fluida;Seco y Limpio;P. Municipal;Si;No;;;;Buen Tiempo;Buena;;Sin Restricción;;;V1/V2;Colisión alcance sin heridos ni daños en arcén derecho.;;;Corte 1/4 carril derecho 13:48 - 14:15;;
30/12/2016;02:30;;20161230-0002;C-P-ACC-01;M30;11XL40;EXTERIOR;Tronco;Superficie;Salida de vía;;1;1;;;;0;;;Si;Fluida;Seco y Limpio;P. Municipal;Si;No;Si;No;No;Buen Tiempo;Buena;;Sin Restricción;;;V1;Salida de vía en lado derecho con daños al patrimonio.;4 Barreras - 3 CPN;;Corte carril derecho 02:37 - 03:24;;
30/12/2016;09:14;;20161230-0007;C-E-ACC-01;M30;31RA90;INTERIOR;Ramal;Superficie;Salida de vía;;1;;1;;1;1;;;Si;Fluida;Seco y Limpio;P. Municipal;Si;No;No;No;Si;Buen Tiempo;Buena;;Sin Restricción;;;V2;Accidente de moto señalizo;2 Hitos N-75 - base;2 Bolsas;Corte carril izquierdo 09:20 - 09:50;;
30/12/2016;11:15;;20161230-0010;C-E-ACC-01;M30;04RN10;EXTERIOR;Ramal;Superficie;Colisión de vehículos;Por alcance;3;3;;;1;1;;;No;Densa;Seco y Limpio;P. Municipal y SAMUR;Si;No;No;No;No;Buen Tiempo;Buena;;Sin Restricción;;;V1;Estando 1 vehículo  parado por avería en el carril derecho 2 vehículos colisionan por alcance. 1 herido leve dado de alta en el punto por el Samur.;;;Cortado el carril derecho desde las 11:15 h hasta las 12:32 h;;
30/12/2016;13:50;;20161230-0019;C-P-ACC-01;M30;08NL60;INTERIOR;VS;Superficie;Colisión de vehículos;Por alcance;2;2;;;;0;;;No;Fluida;Seco y Limpio;P. Municipal;No;No;Si;No;No;Buen Tiempo;Buena;;Sin Restricción;;;V2;Accidente entre 2 vehículos por alcance en el carril central, Policía Municipal los traslada al arcén derecho.;;;;;
30/12/2016;14:31;;20161230-0020;C-P-ACC-01;M30;03NL90;INTERIOR;VS;Superficie;Colisión de vehículos;Por alcance;2;2;;;;2;;;No;Densa;Seco y Limpio;P. Municipal;Si;No;Si;No;No;Buen Tiempo;Buena;;Sin Restricción;;;V1/V2;Accidente señalizo con policía ;;2 Bolsas;Corte carril derecho 14:41 - 15:00;;
30/12/2016;20:24;;20161230-0035;C-E-ACC-01;M30;32XC00;EXTERIOR;Tronco;Superficie;Colisión de vehículos;Lateral;2;1;1;;1;1;;;No;Densa;Seco y Limpio;P. Municipal y SAMUR;No;No;Si;No;No;Buen Tiempo;Buena;;Sin Restricción;;;V2;Accidente lateral de moto y coche en carril derecho con herido leve de motorista trasladado al Hospital Sanitaqs (Tablas).;;;Corte carril derecho 20:35 - 21:22;;
31/12/2016;02:19;;20161231-0003;C-P-ACC-01;M30;02CL00;INTERIOR;Ramal;Superficie;Salida de vía;;1;1;;;;0;;;Si;Fluida;Seco y Limpio;P. Municipal y P. Nacional;Si;No;Si;No;No;Buen Tiempo;Buena;;Sin Restricción;;;V1/V2;Salida de vía en transfer 02CL con daños al patrimonio .vehículo inmovilazado en carril derecho.;1 Barrera - 2 CPN - 1 terminal de barrera - 1 Bañera de 1,20 - 2 hitos H-75;;Corte carril derecho V/S 02:19 - 03:59;;
31/12/2016;11:29;;20161231-0007;T-P-ACC-01;M30;15RV08;INTERIOR;Ramal;Túnel;Salida de vía;;1;;1;;;;;;No;Fluida;Seco y Limpio;;;;No;Si;No;Buen Tiempo;Buena;;Sin Restricción;;;AIAM Calderón;Motorista desliza moto y cae. No es necesario Samur.Sacamos moto con la plataforma C-10.;;;;;
31/12/2016;13:35;;20161231-0010;C-P-ACC-01;M30;01RA00;INTERIOR;Ramal;Superficie;Salida de vía;;1;1;;;;0;;;Si;Fluida;Seco y Limpio;P. Municipal;Si;No;No;No;Si;Buen Tiempo;Buena;;Sin Restricción;;;V2;Sale de vía y queda fuera de calzada. Pre4cisa de Bomberos para sacar le vehículo.El conductor no se encuentra en el punto.;12 m de malla - 4 postes - 1 señal y poste;;Corte 13:30 - 14:45;;